School Year,Division Number,Division Name,School Number,School Name,Subject,Race,Grade,Test Source,Test,Total Count,Pass Rate
2005-2006,2,Albemarle County ,950,Jack Jouett Middle,Mathematics,Asian,8,SOL,Algebra I,<,>50
2005-2006,2,Albemarle County ,950,Jack Jouett Middle,Mathematics,Asian,8,SOL,Geometry,<,>50
2005-2006,2,Albemarle County ,950,Jack Jouett Middle,Mathematics,Asian,8,SOL,Mathematics,              16,    93.75
2005-2006,2,Albemarle County ,950,Jack Jouett Middle,Mathematics,"Black, not of Hispanic origin",8,SOL,Algebra I,<,>50
2005-2006,2,Albemarle County ,950,Jack Jouett Middle,Mathematics,"Black, not of Hispanic origin",8,SOL,Mathematics,              33,    51.52
2005-2006,2,Albemarle County ,950,Jack Jouett Middle,Mathematics,Hispanic,8,SOL,Geometry,<,>50
2005-2006,2,Albemarle County ,950,Jack Jouett Middle,Mathematics,Hispanic,8,SOL,Mathematics,              10,    90.00
2005-2006,2,Albemarle County ,950,Jack Jouett Middle,Mathematics,"White, not of Hispanic origin",8,SOL,Algebra I,              49,    95.92
2005-2006,2,Albemarle County ,950,Jack Jouett Middle,Mathematics,"White, not of Hispanic origin",8,SOL,Geometry,              13,100.00
2005-2006,2,Albemarle County ,950,Jack Jouett Middle,Mathematics,"White, not of Hispanic origin",8,SOL,Mathematics,             112,    85.71
2005-2006,2,Albemarle County ,69,Jackson P. Burley Middle,Mathematics,Asian,8,SOL,Mathematics,<,>50
2005-2006,2,Albemarle County ,69,Jackson P. Burley Middle,Mathematics,"Black, not of Hispanic origin",8,SOL,Algebra I,<,>50
2005-2006,2,Albemarle County ,69,Jackson P. Burley Middle,Mathematics,"Black, not of Hispanic origin",8,SOL,Mathematics,              24,    62.50
2005-2006,2,Albemarle County ,69,Jackson P. Burley Middle,Mathematics,Hispanic,8,SOL,Mathematics,<,>50
2005-2006,2,Albemarle County ,69,Jackson P. Burley Middle,Mathematics,Unknown - Race/Ethnicity not provided,8,SOL,Mathematics,<,<50
2005-2006,2,Albemarle County ,69,Jackson P. Burley Middle,Mathematics,"White, not of Hispanic origin",8,SOL,Algebra I,              13,100.00
2005-2006,2,Albemarle County ,69,Jackson P. Burley Middle,Mathematics,"White, not of Hispanic origin",8,SOL,Geometry,              23,100.00
2005-2006,2,Albemarle County ,69,Jackson P. Burley Middle,Mathematics,"White, not of Hispanic origin",8,SOL,Mathematics,              73,    91.78
2005-2006,2,Albemarle County ,942,Joseph T. Henley Middle,Mathematics,Asian,8,SOL,Algebra I,<,>50
2005-2006,2,Albemarle County ,942,Joseph T. Henley Middle,Mathematics,Asian,8,SOL,Geometry,<,>50
2005-2006,2,Albemarle County ,942,Joseph T. Henley Middle,Mathematics,Asian,8,SOL,Mathematics,<,>50
2005-2006,2,Albemarle County ,942,Joseph T. Henley Middle,Mathematics,"Black, not of Hispanic origin",8,SOL,Mathematics,<,<50
2005-2006,2,Albemarle County ,942,Joseph T. Henley Middle,Mathematics,Hispanic,8,SOL,Mathematics,<,>50
2005-2006,2,Albemarle County ,942,Joseph T. Henley Middle,Mathematics,"White, not of Hispanic origin",8,SOL,Algebra I,              83,100.00
2005-2006,2,Albemarle County ,942,Joseph T. Henley Middle,Mathematics,"White, not of Hispanic origin",8,SOL,Geometry,              24,100.00
2005-2006,2,Albemarle County ,942,Joseph T. Henley Middle,Mathematics,"White, not of Hispanic origin",8,SOL,Mathematics,             218,    88.53
2005-2006,2,Albemarle County ,20,Leslie H. Walton Middle,Mathematics,American Indian or Alaska Native,8,SOL,Geometry,<,>50
2005-2006,2,Albemarle County ,20,Leslie H. Walton Middle,Mathematics,American Indian or Alaska Native,8,SOL,Mathematics,<,>50
2005-2006,2,Albemarle County ,20,Leslie H. Walton Middle,Mathematics,Asian,8,SOL,Algebra I,<,>50
2005-2006,2,Albemarle County ,20,Leslie H. Walton Middle,Mathematics,Asian,8,SOL,Mathematics,<,>50
2005-2006,2,Albemarle County ,20,Leslie H. Walton Middle,Mathematics,"Black, not of Hispanic origin",8,SOL,Algebra I,<,>50
2005-2006,2,Albemarle County ,20,Leslie H. Walton Middle,Mathematics,"Black, not of Hispanic origin",8,SOL,Geometry,<,>50
2005-2006,2,Albemarle County ,20,Leslie H. Walton Middle,Mathematics,"Black, not of Hispanic origin",8,SOL,Mathematics,              19,    73.68
2005-2006,2,Albemarle County ,20,Leslie H. Walton Middle,Mathematics,Hispanic,8,SOL,Algebra I,<,>50
2005-2006,2,Albemarle County ,20,Leslie H. Walton Middle,Mathematics,Hispanic,8,SOL,Geometry,<,>50
2005-2006,2,Albemarle County ,20,Leslie H. Walton Middle,Mathematics,Hispanic,8,SOL,Mathematics,              11,    63.64
2005-2006,2,Albemarle County ,20,Leslie H. Walton Middle,Mathematics,"White, not of Hispanic origin",8,SOL,Algebra I,              45,100.00
2005-2006,2,Albemarle County ,20,Leslie H. Walton Middle,Mathematics,"White, not of Hispanic origin",8,SOL,Geometry,              23,100.00
2005-2006,2,Albemarle County ,20,Leslie H. Walton Middle,Mathematics,"White, not of Hispanic origin",8,SOL,Mathematics,             132,    81.82
2005-2006,2,Albemarle County ,1051,Mortimer Y. Sutherland Middle,Mathematics,American Indian or Alaska Native,8,SOL,Mathematics,<,>50
2005-2006,2,Albemarle County ,1051,Mortimer Y. Sutherland Middle,Mathematics,Asian,8,SOL,Algebra I,<,>50
2005-2006,2,Albemarle County ,1051,Mortimer Y. Sutherland Middle,Mathematics,Asian,8,SOL,Geometry,<,>50
2005-2006,2,Albemarle County ,1051,Mortimer Y. Sutherland Middle,Mathematics,Asian,8,SOL,Mathematics,              13,100.00
2005-2006,2,Albemarle County ,1051,Mortimer Y. Sutherland Middle,Mathematics,"Black, not of Hispanic origin",8,SOL,Algebra I,<,>50
2005-2006,2,Albemarle County ,1051,Mortimer Y. Sutherland Middle,Mathematics,"Black, not of Hispanic origin",8,SOL,Mathematics,              33,    69.70
2005-2006,2,Albemarle County ,1051,Mortimer Y. Sutherland Middle,Mathematics,Hispanic,8,SOL,Algebra I,<,>50
2005-2006,2,Albemarle County ,1051,Mortimer Y. Sutherland Middle,Mathematics,Hispanic,8,SOL,Geometry,<,>50
2005-2006,2,Albemarle County ,1051,Mortimer Y. Sutherland Middle,Mathematics,Hispanic,8,SOL,Mathematics,<,>50
2005-2006,2,Albemarle County ,1051,Mortimer Y. Sutherland Middle,Mathematics,"White, not of Hispanic origin",8,SOL,Algebra I,              49,100.00
2005-2006,2,Albemarle County ,1051,Mortimer Y. Sutherland Middle,Mathematics,"White, not of Hispanic origin",8,SOL,Geometry,              32,100.00
2005-2006,2,Albemarle County ,1051,Mortimer Y. Sutherland Middle,Mathematics,"White, not of Hispanic origin",8,SOL,Mathematics,             169,    96.45
2006-2007,2,Albemarle County ,950,Jack Jouett Middle,Mathematics,American Indian or Alaska Native,8,SOL,Mathematics,<,>50
2006-2007,2,Albemarle County ,950,Jack Jouett Middle,Mathematics,Asian,8,SOL,Algebra I,<,>50
2006-2007,2,Albemarle County ,950,Jack Jouett Middle,Mathematics,Asian,8,SOL,Geometry,<,>50
2006-2007,2,Albemarle County ,950,Jack Jouett Middle,Mathematics,Asian,8,SOL,Mathematics,<,>50
2006-2007,2,Albemarle County ,950,Jack Jouett Middle,Mathematics,"Black, not of Hispanic origin",8,SOL,Algebra I,<,>50
2006-2007,2,Albemarle County ,950,Jack Jouett Middle,Mathematics,"Black, not of Hispanic origin",8,SOL,Mathematics,              32,    68.75
2006-2007,2,Albemarle County ,950,Jack Jouett Middle,Mathematics,Hispanic,8,SOL,Geometry,<,>50
2006-2007,2,Albemarle County ,950,Jack Jouett Middle,Mathematics,Hispanic,8,SOL,Mathematics,<,>50
2006-2007,2,Albemarle County ,950,Jack Jouett Middle,Mathematics,Unknown - Race/Ethnicity not provided,8,SOL,Geometry,<,>50
2006-2007,2,Albemarle County ,950,Jack Jouett Middle,Mathematics,Unknown - Race/Ethnicity not provided,8,SOL,Mathematics,<,<50
2006-2007,2,Albemarle County ,950,Jack Jouett Middle,Mathematics,"White, not of Hispanic origin",8,SOL,Algebra I,              51,    98.04
2006-2007,2,Albemarle County ,950,Jack Jouett Middle,Mathematics,"White, not of Hispanic origin",8,SOL,Geometry,              17,100.00
2006-2007,2,Albemarle County ,950,Jack Jouett Middle,Mathematics,"White, not of Hispanic origin",8,SOL,Mathematics,              48,    89.58
2006-2007,2,Albemarle County ,69,Jackson P. Burley Middle,Mathematics,Asian,8,SOL,Algebra I,<,>50
2006-2007,2,Albemarle County ,69,Jackson P. Burley Middle,Mathematics,Asian,8,SOL,Mathematics,<,>50
2006-2007,2,Albemarle County ,69,Jackson P. Burley Middle,Mathematics,"Black, not of Hispanic origin",8,SOL,Algebra I,<,>50
2006-2007,2,Albemarle County ,69,Jackson P. Burley Middle,Mathematics,"Black, not of Hispanic origin",8,SOL,Geometry,<,>50
2006-2007,2,Albemarle County ,69,Jackson P. Burley Middle,Mathematics,"Black, not of Hispanic origin",8,SOL,Mathematics,              32,    46.88
2006-2007,2,Albemarle County ,69,Jackson P. Burley Middle,Mathematics,Hispanic,8,SOL,Algebra I,<,>50
2006-2007,2,Albemarle County ,69,Jackson P. Burley Middle,Mathematics,Hispanic,8,SOL,Mathematics,<,>50
2006-2007,2,Albemarle County ,69,Jackson P. Burley Middle,Mathematics,Unknown - Race/Ethnicity not provided,8,SOL,Mathematics,<,>50
2006-2007,2,Albemarle County ,69,Jackson P. Burley Middle,Mathematics,"White, not of Hispanic origin",8,SOL,Algebra I,              26,100.00
2006-2007,2,Albemarle County ,69,Jackson P. Burley Middle,Mathematics,"White, not of Hispanic origin",8,SOL,Geometry,              20,100.00
2006-2007,2,Albemarle County ,69,Jackson P. Burley Middle,Mathematics,"White, not of Hispanic origin",8,SOL,Mathematics,              53,    56.60
2006-2007,2,Albemarle County ,942,Joseph T. Henley Middle,Mathematics,Asian,8,SOL,Algebra I,<,>50
2006-2007,2,Albemarle County ,942,Joseph T. Henley Middle,Mathematics,Asian,8,SOL,Geometry,<,>50
2006-2007,2,Albemarle County ,942,Joseph T. Henley Middle,Mathematics,Asian,8,SOL,Mathematics,<,>50
2006-2007,2,Albemarle County ,942,Joseph T. Henley Middle,Mathematics,"Black, not of Hispanic origin",8,SOL,Algebra I,<,>50
2006-2007,2,Albemarle County ,942,Joseph T. Henley Middle,Mathematics,"Black, not of Hispanic origin",8,SOL,Mathematics,<,>50
2006-2007,2,Albemarle County ,942,Joseph T. Henley Middle,Mathematics,Hispanic,8,SOL,Algebra I,<,>50
2006-2007,2,Albemarle County ,942,Joseph T. Henley Middle,Mathematics,Unknown - Race/Ethnicity not provided,8,SOL,Algebra I,<,>50
2006-2007,2,Albemarle County ,942,Joseph T. Henley Middle,Mathematics,Unknown - Race/Ethnicity not provided,8,SOL,Mathematics,<,>50
2006-2007,2,Albemarle County ,942,Joseph T. Henley Middle,Mathematics,"White, not of Hispanic origin",8,SOL,Algebra I,              80,100.00
2006-2007,2,Albemarle County ,942,Joseph T. Henley Middle,Mathematics,"White, not of Hispanic origin",8,SOL,Geometry,              21,100.00
2006-2007,2,Albemarle County ,942,Joseph T. Henley Middle,Mathematics,"White, not of Hispanic origin",8,SOL,Mathematics,              77,    85.71
2006-2007,2,Albemarle County ,20,Leslie H. Walton Middle,Mathematics,Asian,8,SOL,Geometry,<,>50
2006-2007,2,Albemarle County ,20,Leslie H. Walton Middle,Mathematics,Asian,8,SOL,Mathematics,<,>50
2006-2007,2,Albemarle County ,20,Leslie H. Walton Middle,Mathematics,"Black, not of Hispanic origin",8,SOL,Algebra I,<,>50
2006-2007,2,Albemarle County ,20,Leslie H. Walton Middle,Mathematics,"Black, not of Hispanic origin",8,SOL,Mathematics,              19,<50
2006-2007,2,Albemarle County ,20,Leslie H. Walton Middle,Mathematics,Hispanic,8,SOL,Algebra I,<,>50
2006-2007,2,Albemarle County ,20,Leslie H. Walton Middle,Mathematics,Hispanic,8,SOL,Geometry,<,>50
2006-2007,2,Albemarle County ,20,Leslie H. Walton Middle,Mathematics,Hispanic,8,SOL,Mathematics,<,>50
2006-2007,2,Albemarle County ,20,Leslie H. Walton Middle,Mathematics,Unknown - Race/Ethnicity not provided,8,SOL,Mathematics,<,>50
2006-2007,2,Albemarle County ,20,Leslie H. Walton Middle,Mathematics,"White, not of Hispanic origin",8,SOL,Algebra I,              35,100.00
2006-2007,2,Albemarle County ,20,Leslie H. Walton Middle,Mathematics,"White, not of Hispanic origin",8,SOL,Geometry,              16,100.00
2006-2007,2,Albemarle County ,20,Leslie H. Walton Middle,Mathematics,"White, not of Hispanic origin",8,SOL,Mathematics,              51,    41.18
2006-2007,2,Albemarle County ,1051,Mortimer Y. Sutherland Middle,Mathematics,Asian,8,SOL,Algebra I,<,>50
2006-2007,2,Albemarle County ,1051,Mortimer Y. Sutherland Middle,Mathematics,Asian,8,SOL,Geometry,<,>50
2006-2007,2,Albemarle County ,1051,Mortimer Y. Sutherland Middle,Mathematics,Asian,8,SOL,Mathematics,<,>50
2006-2007,2,Albemarle County ,1051,Mortimer Y. Sutherland Middle,Mathematics,"Black, not of Hispanic origin",8,SOL,Algebra I,<,>50
2006-2007,2,Albemarle County ,1051,Mortimer Y. Sutherland Middle,Mathematics,"Black, not of Hispanic origin",8,SOL,Mathematics,              10,    60.00
2006-2007,2,Albemarle County ,1051,Mortimer Y. Sutherland Middle,Mathematics,Hispanic,8,SOL,Mathematics,<,>50
2006-2007,2,Albemarle County ,1051,Mortimer Y. Sutherland Middle,Mathematics,"White, not of Hispanic origin",8,SOL,Algebra I,              54,100.00
2006-2007,2,Albemarle County ,1051,Mortimer Y. Sutherland Middle,Mathematics,"White, not of Hispanic origin",8,SOL,Geometry,              38,100.00
2006-2007,2,Albemarle County ,1051,Mortimer Y. Sutherland Middle,Mathematics,"White, not of Hispanic origin",8,SOL,Mathematics,              80,    82.50
2007-2008,2,Albemarle County ,950,Jack Jouett Middle,Mathematics,Asian,8,SOL,Algebra I,<,>50
2007-2008,2,Albemarle County ,950,Jack Jouett Middle,Mathematics,Asian,8,SOL,Geometry,<,>50
2007-2008,2,Albemarle County ,950,Jack Jouett Middle,Mathematics,"Black, not of Hispanic origin",8,SOL,Algebra I,<,>50
2007-2008,2,Albemarle County ,950,Jack Jouett Middle,Mathematics,"Black, not of Hispanic origin",8,SOL,Geometry,<,>50
2007-2008,2,Albemarle County ,950,Jack Jouett Middle,Mathematics,"Black, not of Hispanic origin",8,SOL,Mathematics,              28,    85.71
2007-2008,2,Albemarle County ,950,Jack Jouett Middle,Mathematics,Hispanic,8,SOL,Algebra I,<,>50
2007-2008,2,Albemarle County ,950,Jack Jouett Middle,Mathematics,Hispanic,8,SOL,Mathematics,              10,    80.00
2007-2008,2,Albemarle County ,950,Jack Jouett Middle,Mathematics,"White, not of Hispanic origin",8,SOL,Algebra I,              55,    98.18
2007-2008,2,Albemarle County ,950,Jack Jouett Middle,Mathematics,"White, not of Hispanic origin",8,SOL,Geometry,              24,100.00
2007-2008,2,Albemarle County ,950,Jack Jouett Middle,Mathematics,"White, not of Hispanic origin",8,SOL,Mathematics,              35,    97.14
2007-2008,2,Albemarle County ,69,Jackson P. Burley Middle,Mathematics,Asian,8,SOL,Algebra I,<,>50
2007-2008,2,Albemarle County ,69,Jackson P. Burley Middle,Mathematics,Asian,8,SOL,Mathematics,<,>50
2007-2008,2,Albemarle County ,69,Jackson P. Burley Middle,Mathematics,"Black, not of Hispanic origin",8,SOL,Algebra I,<,>50
2007-2008,2,Albemarle County ,69,Jackson P. Burley Middle,Mathematics,"Black, not of Hispanic origin",8,SOL,Geometry,<,>50
2007-2008,2,Albemarle County ,69,Jackson P. Burley Middle,Mathematics,"Black, not of Hispanic origin",8,SOL,Mathematics,              25,    84.00
2007-2008,2,Albemarle County ,69,Jackson P. Burley Middle,Mathematics,Hispanic,8,SOL,Algebra I,<,>50
2007-2008,2,Albemarle County ,69,Jackson P. Burley Middle,Mathematics,Hispanic,8,SOL,Mathematics,              10,    80.00
2007-2008,2,Albemarle County ,69,Jackson P. Burley Middle,Mathematics,"White, not of Hispanic origin",8,SOL,Algebra I,              41,100.00
2007-2008,2,Albemarle County ,69,Jackson P. Burley Middle,Mathematics,"White, not of Hispanic origin",8,SOL,Geometry,              19,100.00
2007-2008,2,Albemarle County ,69,Jackson P. Burley Middle,Mathematics,"White, not of Hispanic origin",8,SOL,Mathematics,              37,    97.30
2007-2008,2,Albemarle County ,942,Joseph T. Henley Middle,Mathematics,American Indian or Alaska Native,8,SOL,Mathematics,<,>50
2007-2008,2,Albemarle County ,942,Joseph T. Henley Middle,Mathematics,Asian,8,SOL,Algebra I,<,>50
2007-2008,2,Albemarle County ,942,Joseph T. Henley Middle,Mathematics,Asian,8,SOL,Geometry,<,>50
2007-2008,2,Albemarle County ,942,Joseph T. Henley Middle,Mathematics,Asian,8,SOL,Mathematics,<,>50
2007-2008,2,Albemarle County ,942,Joseph T. Henley Middle,Mathematics,"Black, not of Hispanic origin",8,SOL,Mathematics,<,>50
2007-2008,2,Albemarle County ,942,Joseph T. Henley Middle,Mathematics,Hispanic,8,SOL,Algebra I,<,>50
2007-2008,2,Albemarle County ,942,Joseph T. Henley Middle,Mathematics,Hispanic,8,SOL,Mathematics,<,>50
2007-2008,2,Albemarle County ,942,Joseph T. Henley Middle,Mathematics,Unknown - Race/Ethnicity not provided,8,SOL,Mathematics,<,>50
2007-2008,2,Albemarle County ,942,Joseph T. Henley Middle,Mathematics,"White, not of Hispanic origin",8,SOL,Algebra I,              77,100.00
2007-2008,2,Albemarle County ,942,Joseph T. Henley Middle,Mathematics,"White, not of Hispanic origin",8,SOL,Geometry,              32,100.00
2007-2008,2,Albemarle County ,942,Joseph T. Henley Middle,Mathematics,"White, not of Hispanic origin",8,SOL,Mathematics,             100,    85.00
2007-2008,2,Albemarle County ,20,Leslie H. Walton Middle,Mathematics,American Indian or Alaska Native,8,SOL,Geometry,<,>50
2007-2008,2,Albemarle County ,20,Leslie H. Walton Middle,Mathematics,Asian,8,SOL,Geometry,<,>50
2007-2008,2,Albemarle County ,20,Leslie H. Walton Middle,Mathematics,"Black, not of Hispanic origin",8,SOL,Algebra I,<,>50
2007-2008,2,Albemarle County ,20,Leslie H. Walton Middle,Mathematics,"Black, not of Hispanic origin",8,SOL,Mathematics,              18,    66.67
2007-2008,2,Albemarle County ,20,Leslie H. Walton Middle,Mathematics,Hispanic,8,SOL,Algebra I,<,>50
2007-2008,2,Albemarle County ,20,Leslie H. Walton Middle,Mathematics,Hispanic,8,SOL,Geometry,<,>50
2007-2008,2,Albemarle County ,20,Leslie H. Walton Middle,Mathematics,Hispanic,8,SOL,Mathematics,<,>50
2007-2008,2,Albemarle County ,20,Leslie H. Walton Middle,Mathematics,"White, not of Hispanic origin",8,SOL,Algebra I,              32,100.00
2007-2008,2,Albemarle County ,20,Leslie H. Walton Middle,Mathematics,"White, not of Hispanic origin",8,SOL,Geometry,              24,100.00
2007-2008,2,Albemarle County ,20,Leslie H. Walton Middle,Mathematics,"White, not of Hispanic origin",8,SOL,Mathematics,              61,    72.13
2007-2008,2,Albemarle County ,1051,Mortimer Y. Sutherland Middle,Mathematics,Asian,8,SOL,Algebra I,<,>50
2007-2008,2,Albemarle County ,1051,Mortimer Y. Sutherland Middle,Mathematics,Asian,8,SOL,Geometry,<,>50
2007-2008,2,Albemarle County ,1051,Mortimer Y. Sutherland Middle,Mathematics,"Black, not of Hispanic origin",8,SOL,Algebra I,<,>50
2007-2008,2,Albemarle County ,1051,Mortimer Y. Sutherland Middle,Mathematics,"Black, not of Hispanic origin",8,SOL,Geometry,<,>50
2007-2008,2,Albemarle County ,1051,Mortimer Y. Sutherland Middle,Mathematics,"Black, not of Hispanic origin",8,SOL,Mathematics,              14,    78.57
2007-2008,2,Albemarle County ,1051,Mortimer Y. Sutherland Middle,Mathematics,Hispanic,8,SOL,Algebra I,<,>50
2007-2008,2,Albemarle County ,1051,Mortimer Y. Sutherland Middle,Mathematics,Hispanic,8,SOL,Mathematics,<,>50
2007-2008,2,Albemarle County ,1051,Mortimer Y. Sutherland Middle,Mathematics,"White, not of Hispanic origin",8,SOL,Algebra I,              46,100.00
2007-2008,2,Albemarle County ,1051,Mortimer Y. Sutherland Middle,Mathematics,"White, not of Hispanic origin",8,SOL,Geometry,              43,100.00
2007-2008,2,Albemarle County ,1051,Mortimer Y. Sutherland Middle,Mathematics,"White, not of Hispanic origin",8,SOL,Mathematics,              46,    82.61
2008-2009,2,Albemarle County ,950,Jack Jouett Middle,Mathematics,Asian,8,SOL,Algebra I,<,>50
2008-2009,2,Albemarle County ,950,Jack Jouett Middle,Mathematics,Asian,8,SOL,Geometry,<,>50
2008-2009,2,Albemarle County ,950,Jack Jouett Middle,Mathematics,Asian,8,SOL,Mathematics,<,>50
2008-2009,2,Albemarle County ,950,Jack Jouett Middle,Mathematics,"Black, not of Hispanic origin",8,SOL,Algebra I,              11,100.00
2008-2009,2,Albemarle County ,950,Jack Jouett Middle,Mathematics,"Black, not of Hispanic origin",8,SOL,Geometry,<,>50
2008-2009,2,Albemarle County ,950,Jack Jouett Middle,Mathematics,"Black, not of Hispanic origin",8,SOL,Mathematics,              25,    80.00
2008-2009,2,Albemarle County ,950,Jack Jouett Middle,Mathematics,Hispanic,8,SOL,Algebra I,<,>50
2008-2009,2,Albemarle County ,950,Jack Jouett Middle,Mathematics,Hispanic,8,SOL,Mathematics,              13,100.00
2008-2009,2,Albemarle County ,950,Jack Jouett Middle,Mathematics,Unknown - Race/Ethnicity not provided,8,SOL,Algebra I,<,>50
2008-2009,2,Albemarle County ,950,Jack Jouett Middle,Mathematics,Unknown - Race/Ethnicity not provided,8,SOL,Mathematics,<,>50
2008-2009,2,Albemarle County ,950,Jack Jouett Middle,Mathematics,"White, not of Hispanic origin",8,SOL,Algebra I,              58,100.00
2008-2009,2,Albemarle County ,950,Jack Jouett Middle,Mathematics,"White, not of Hispanic origin",8,SOL,Geometry,              26,100.00
2008-2009,2,Albemarle County ,950,Jack Jouett Middle,Mathematics,"White, not of Hispanic origin",8,SOL,Mathematics,              22,    90.91
2008-2009,2,Albemarle County ,69,Jackson P. Burley Middle,Mathematics,Asian,8,SOL,Algebra I,<,>50
2008-2009,2,Albemarle County ,69,Jackson P. Burley Middle,Mathematics,Asian,8,SOL,Geometry,<,>50
2008-2009,2,Albemarle County ,69,Jackson P. Burley Middle,Mathematics,Asian,8,SOL,Mathematics,<,>50
2008-2009,2,Albemarle County ,69,Jackson P. Burley Middle,Mathematics,"Black, not of Hispanic origin",8,SOL,Algebra I,<,>50
2008-2009,2,Albemarle County ,69,Jackson P. Burley Middle,Mathematics,"Black, not of Hispanic origin",8,SOL,Geometry,<,>50
2008-2009,2,Albemarle County ,69,Jackson P. Burley Middle,Mathematics,"Black, not of Hispanic origin",8,SOL,Mathematics,              27,    92.59
2008-2009,2,Albemarle County ,69,Jackson P. Burley Middle,Mathematics,Hispanic,8,SOL,Geometry,<,>50
2008-2009,2,Albemarle County ,69,Jackson P. Burley Middle,Mathematics,Hispanic,8,SOL,Mathematics,              12,100.00
2008-2009,2,Albemarle County ,69,Jackson P. Burley Middle,Mathematics,"White, not of Hispanic origin",8,SOL,Algebra I,              34,100.00
2008-2009,2,Albemarle County ,69,Jackson P. Burley Middle,Mathematics,"White, not of Hispanic origin",8,SOL,Geometry,<,>50
2008-2009,2,Albemarle County ,69,Jackson P. Burley Middle,Mathematics,"White, not of Hispanic origin",8,SOL,Mathematics,              53,100.00
2008-2009,2,Albemarle County ,942,Joseph T. Henley Middle,Mathematics,Asian,8,SOL,Algebra I,<,>50
2008-2009,2,Albemarle County ,942,Joseph T. Henley Middle,Mathematics,Asian,8,SOL,Geometry,<,>50
2008-2009,2,Albemarle County ,942,Joseph T. Henley Middle,Mathematics,Asian,8,SOL,Mathematics,<,>50
2008-2009,2,Albemarle County ,942,Joseph T. Henley Middle,Mathematics,"Black, not of Hispanic origin",8,SOL,Algebra I,<,>50
2008-2009,2,Albemarle County ,942,Joseph T. Henley Middle,Mathematics,"Black, not of Hispanic origin",8,SOL,Mathematics,<,>50
2008-2009,2,Albemarle County ,942,Joseph T. Henley Middle,Mathematics,Hispanic,8,SOL,Algebra I,<,>50
2008-2009,2,Albemarle County ,942,Joseph T. Henley Middle,Mathematics,Hispanic,8,SOL,Mathematics,<,>50
2008-2009,2,Albemarle County ,942,Joseph T. Henley Middle,Mathematics,Unknown - Race/Ethnicity not provided,8,SOL,Geometry,<,>50
2008-2009,2,Albemarle County ,942,Joseph T. Henley Middle,Mathematics,"White, not of Hispanic origin",8,SOL,Algebra I,              71,100.00
2008-2009,2,Albemarle County ,942,Joseph T. Henley Middle,Mathematics,"White, not of Hispanic origin",8,SOL,Geometry,              52,100.00
2008-2009,2,Albemarle County ,942,Joseph T. Henley Middle,Mathematics,"White, not of Hispanic origin",8,SOL,Mathematics,              92,    93.48
2008-2009,2,Albemarle County ,20,Leslie H. Walton Middle,Mathematics,Asian,8,SOL,Algebra I,<,>50
2008-2009,2,Albemarle County ,20,Leslie H. Walton Middle,Mathematics,Asian,8,SOL,Geometry,<,>50
2008-2009,2,Albemarle County ,20,Leslie H. Walton Middle,Mathematics,Asian,8,SOL,Mathematics,<,>50
2008-2009,2,Albemarle County ,20,Leslie H. Walton Middle,Mathematics,"Black, not of Hispanic origin",8,SOL,Algebra I,<,>50
2008-2009,2,Albemarle County ,20,Leslie H. Walton Middle,Mathematics,"Black, not of Hispanic origin",8,SOL,Geometry,<,>50
2008-2009,2,Albemarle County ,20,Leslie H. Walton Middle,Mathematics,"Black, not of Hispanic origin",8,SOL,Mathematics,<,>50
2008-2009,2,Albemarle County ,20,Leslie H. Walton Middle,Mathematics,Hispanic,8,SOL,Geometry,<,>50
2008-2009,2,Albemarle County ,20,Leslie H. Walton Middle,Mathematics,Hispanic,8,SOL,Mathematics,<,>50
2008-2009,2,Albemarle County ,20,Leslie H. Walton Middle,Mathematics,"White, not of Hispanic origin",8,SOL,Algebra I,              21,100.00
2008-2009,2,Albemarle County ,20,Leslie H. Walton Middle,Mathematics,"White, not of Hispanic origin",8,SOL,Geometry,              17,100.00
2008-2009,2,Albemarle County ,20,Leslie H. Walton Middle,Mathematics,"White, not of Hispanic origin",8,SOL,Mathematics,              44,    81.82
2008-2009,2,Albemarle County ,1051,Mortimer Y. Sutherland Middle,Mathematics,Asian,8,SOL,Algebra I,<,>50
2008-2009,2,Albemarle County ,1051,Mortimer Y. Sutherland Middle,Mathematics,Asian,8,SOL,Geometry,<,>50
2008-2009,2,Albemarle County ,1051,Mortimer Y. Sutherland Middle,Mathematics,Asian,8,SOL,Mathematics,<,>50
2008-2009,2,Albemarle County ,1051,Mortimer Y. Sutherland Middle,Mathematics,"Black, not of Hispanic origin",8,SOL,Algebra I,<,>50
2008-2009,2,Albemarle County ,1051,Mortimer Y. Sutherland Middle,Mathematics,"Black, not of Hispanic origin",8,SOL,Geometry,<,>50
2008-2009,2,Albemarle County ,1051,Mortimer Y. Sutherland Middle,Mathematics,"Black, not of Hispanic origin",8,SOL,Mathematics,<,>50
2008-2009,2,Albemarle County ,1051,Mortimer Y. Sutherland Middle,Mathematics,Hispanic,8,SOL,Algebra I,<,>50
2008-2009,2,Albemarle County ,1051,Mortimer Y. Sutherland Middle,Mathematics,Hispanic,8,SOL,Geometry,<,>50
2008-2009,2,Albemarle County ,1051,Mortimer Y. Sutherland Middle,Mathematics,Hispanic,8,SOL,Mathematics,<,>50
2008-2009,2,Albemarle County ,1051,Mortimer Y. Sutherland Middle,Mathematics,Unknown - Race/Ethnicity not provided,8,SOL,Algebra I,<,>50
2008-2009,2,Albemarle County ,1051,Mortimer Y. Sutherland Middle,Mathematics,"White, not of Hispanic origin",8,SOL,Algebra I,              60,100.00
2008-2009,2,Albemarle County ,1051,Mortimer Y. Sutherland Middle,Mathematics,"White, not of Hispanic origin",8,SOL,Geometry,              41,100.00
2008-2009,2,Albemarle County ,1051,Mortimer Y. Sutherland Middle,Mathematics,"White, not of Hispanic origin",8,SOL,Mathematics,              50,    98.00
2009-2010,2,Albemarle County ,950,Jack Jouett Middle,Mathematics,Asian,8,SOL,Algebra I,<,>50
2009-2010,2,Albemarle County ,950,Jack Jouett Middle,Mathematics,Asian,8,SOL,Geometry,<,>50
2009-2010,2,Albemarle County ,950,Jack Jouett Middle,Mathematics,Asian,8,SOL,Mathematics,<,>50
2009-2010,2,Albemarle County ,950,Jack Jouett Middle,Mathematics,"Black, not of Hispanic origin",8,SOL,Algebra I,              14,100.00
2009-2010,2,Albemarle County ,950,Jack Jouett Middle,Mathematics,"Black, not of Hispanic origin",8,SOL,Geometry,<,>50
2009-2010,2,Albemarle County ,950,Jack Jouett Middle,Mathematics,"Black, not of Hispanic origin",8,SOL,Mathematics,              24,    91.67
2009-2010,2,Albemarle County ,950,Jack Jouett Middle,Mathematics,Hispanic,8,SOL,Algebra I,<,>50
2009-2010,2,Albemarle County ,950,Jack Jouett Middle,Mathematics,Hispanic,8,SOL,Mathematics,<,>50
2009-2010,2,Albemarle County ,950,Jack Jouett Middle,Mathematics,Unknown - Race/Ethnicity not provided,8,SOL,Algebra I,<,>50
2009-2010,2,Albemarle County ,950,Jack Jouett Middle,Mathematics,Unknown - Race/Ethnicity not provided,8,SOL,Mathematics,<,>50
2009-2010,2,Albemarle County ,950,Jack Jouett Middle,Mathematics,"White, not of Hispanic origin",8,SOL,Algebra I,              42,100.00
2009-2010,2,Albemarle County ,950,Jack Jouett Middle,Mathematics,"White, not of Hispanic origin",8,SOL,Geometry,              26,100.00
2009-2010,2,Albemarle County ,950,Jack Jouett Middle,Mathematics,"White, not of Hispanic origin",8,SOL,Mathematics,              22,    90.91
2009-2010,2,Albemarle County ,69,Jackson P. Burley Middle,Mathematics,American Indian or Alaska Native,8,SOL,Geometry,<,>50
2009-2010,2,Albemarle County ,69,Jackson P. Burley Middle,Mathematics,Asian,8,SOL,Algebra I,<,>50
2009-2010,2,Albemarle County ,69,Jackson P. Burley Middle,Mathematics,Asian,8,SOL,Geometry,<,>50
2009-2010,2,Albemarle County ,69,Jackson P. Burley Middle,Mathematics,Asian,8,SOL,Mathematics,<,>50
2009-2010,2,Albemarle County ,69,Jackson P. Burley Middle,Mathematics,"Black, not of Hispanic origin",8,SOL,Algebra I,<,>50
2009-2010,2,Albemarle County ,69,Jackson P. Burley Middle,Mathematics,"Black, not of Hispanic origin",8,SOL,Mathematics,              16,100.00
2009-2010,2,Albemarle County ,69,Jackson P. Burley Middle,Mathematics,Hispanic,8,SOL,Algebra I,<,>50
2009-2010,2,Albemarle County ,69,Jackson P. Burley Middle,Mathematics,Hispanic,8,SOL,Geometry,<,>50
2009-2010,2,Albemarle County ,69,Jackson P. Burley Middle,Mathematics,Hispanic,8,SOL,Mathematics,              18,    94.44
2009-2010,2,Albemarle County ,69,Jackson P. Burley Middle,Mathematics,"White, not of Hispanic origin",8,SOL,Algebra I,              50,100.00
2009-2010,2,Albemarle County ,69,Jackson P. Burley Middle,Mathematics,"White, not of Hispanic origin",8,SOL,Geometry,              15,100.00
2009-2010,2,Albemarle County ,69,Jackson P. Burley Middle,Mathematics,"White, not of Hispanic origin",8,SOL,Mathematics,              34,    91.18
2009-2010,2,Albemarle County ,942,Joseph T. Henley Middle,Mathematics,Asian,8,SOL,Algebra I,<,>50
2009-2010,2,Albemarle County ,942,Joseph T. Henley Middle,Mathematics,Asian,8,SOL,Geometry,<,>50
2009-2010,2,Albemarle County ,942,Joseph T. Henley Middle,Mathematics,"Black, not of Hispanic origin",8,SOL,Algebra I,<,>50
2009-2010,2,Albemarle County ,942,Joseph T. Henley Middle,Mathematics,"Black, not of Hispanic origin",8,SOL,Mathematics,<,>50
2009-2010,2,Albemarle County ,942,Joseph T. Henley Middle,Mathematics,Hispanic,8,SOL,Algebra I,<,>50
2009-2010,2,Albemarle County ,942,Joseph T. Henley Middle,Mathematics,Hispanic,8,SOL,Mathematics,<,>50
2009-2010,2,Albemarle County ,942,Joseph T. Henley Middle,Mathematics,Unknown - Race/Ethnicity not provided,8,SOL,Geometry,<,>50
2009-2010,2,Albemarle County ,942,Joseph T. Henley Middle,Mathematics,Unknown - Race/Ethnicity not provided,8,SOL,Mathematics,<,>50
2009-2010,2,Albemarle County ,942,Joseph T. Henley Middle,Mathematics,"White, not of Hispanic origin",8,SOL,Algebra I,              82,100.00
2009-2010,2,Albemarle County ,942,Joseph T. Henley Middle,Mathematics,"White, not of Hispanic origin",8,SOL,Geometry,              48,100.00
2009-2010,2,Albemarle County ,942,Joseph T. Henley Middle,Mathematics,"White, not of Hispanic origin",8,SOL,Mathematics,              76,    92.11
2009-2010,2,Albemarle County ,20,Leslie H. Walton Middle,Mathematics,Asian,8,SOL,Geometry,<,>50
2009-2010,2,Albemarle County ,20,Leslie H. Walton Middle,Mathematics,"Black, not of Hispanic origin",8,SOL,Algebra I,<,>50
2009-2010,2,Albemarle County ,20,Leslie H. Walton Middle,Mathematics,"Black, not of Hispanic origin",8,SOL,Mathematics,              10,    70.00
2009-2010,2,Albemarle County ,20,Leslie H. Walton Middle,Mathematics,Hispanic,8,SOL,Algebra I,<,>50
2009-2010,2,Albemarle County ,20,Leslie H. Walton Middle,Mathematics,Hispanic,8,SOL,Mathematics,<,>50
2009-2010,2,Albemarle County ,20,Leslie H. Walton Middle,Mathematics,"White, not of Hispanic origin",8,SOL,Algebra I,              35,100.00
2009-2010,2,Albemarle County ,20,Leslie H. Walton Middle,Mathematics,"White, not of Hispanic origin",8,SOL,Geometry,              23,100.00
2009-2010,2,Albemarle County ,20,Leslie H. Walton Middle,Mathematics,"White, not of Hispanic origin",8,SOL,Mathematics,              40,    87.50
2009-2010,2,Albemarle County ,1051,Mortimer Y. Sutherland Middle,Mathematics,Asian,8,SOL,Algebra I,<,>50
2009-2010,2,Albemarle County ,1051,Mortimer Y. Sutherland Middle,Mathematics,Asian,8,SOL,Geometry,<,>50
2009-2010,2,Albemarle County ,1051,Mortimer Y. Sutherland Middle,Mathematics,Asian,8,SOL,Mathematics,<,>50
2009-2010,2,Albemarle County ,1051,Mortimer Y. Sutherland Middle,Mathematics,"Black, not of Hispanic origin",8,SOL,Algebra I,<,>50
2009-2010,2,Albemarle County ,1051,Mortimer Y. Sutherland Middle,Mathematics,"Black, not of Hispanic origin",8,SOL,Geometry,<,>50
2009-2010,2,Albemarle County ,1051,Mortimer Y. Sutherland Middle,Mathematics,"Black, not of Hispanic origin",8,SOL,Mathematics,              11,    90.91
2009-2010,2,Albemarle County ,1051,Mortimer Y. Sutherland Middle,Mathematics,Hispanic,8,SOL,Algebra I,<,>50
2009-2010,2,Albemarle County ,1051,Mortimer Y. Sutherland Middle,Mathematics,Hispanic,8,SOL,Geometry,<,>50
2009-2010,2,Albemarle County ,1051,Mortimer Y. Sutherland Middle,Mathematics,Hispanic,8,SOL,Mathematics,<,>50
2009-2010,2,Albemarle County ,1051,Mortimer Y. Sutherland Middle,Mathematics,"White, not of Hispanic origin",8,SOL,Algebra I,              59,100.00
2009-2010,2,Albemarle County ,1051,Mortimer Y. Sutherland Middle,Mathematics,"White, not of Hispanic origin",8,SOL,Geometry,              47,100.00
2009-2010,2,Albemarle County ,1051,Mortimer Y. Sutherland Middle,Mathematics,"White, not of Hispanic origin",8,SOL,Mathematics,              50,    96.00
2010-2011,2,Albemarle County ,1060,Albemarle County Community Public Charter,Mathematics,"Black, not of Hispanic origin",8,SOL,Mathematics,<,>50
2010-2011,2,Albemarle County ,1060,Albemarle County Community Public Charter,Mathematics,Hispanic,8,SOL,Mathematics,<,>50
2010-2011,2,Albemarle County ,1060,Albemarle County Community Public Charter,Mathematics,"White, not of Hispanic origin",8,SOL,Mathematics,              11,    90.91
2010-2011,2,Albemarle County ,950,Jack Jouett Middle,Mathematics,Asian,8,SOL,Algebra I,<,>50
2010-2011,2,Albemarle County ,950,Jack Jouett Middle,Mathematics,Asian,8,SOL,Geometry,<,>50
2010-2011,2,Albemarle County ,950,Jack Jouett Middle,Mathematics,Asian,8,SOL,Mathematics,<,>50
2010-2011,2,Albemarle County ,950,Jack Jouett Middle,Mathematics,"Black, not of Hispanic origin",8,SOL,Algebra I,              19,100.00
2010-2011,2,Albemarle County ,950,Jack Jouett Middle,Mathematics,"Black, not of Hispanic origin",8,SOL,Mathematics,              15,    80.00
2010-2011,2,Albemarle County ,950,Jack Jouett Middle,Mathematics,Hispanic,8,SOL,Algebra I,<,>50
2010-2011,2,Albemarle County ,950,Jack Jouett Middle,Mathematics,Hispanic,8,SOL,Geometry,<,>50
2010-2011,2,Albemarle County ,950,Jack Jouett Middle,Mathematics,Hispanic,8,SOL,Mathematics,              12,    91.67
2010-2011,2,Albemarle County ,950,Jack Jouett Middle,Mathematics,"Non-Hispanic, two or more races",8,SOL,Algebra I,<,>50
2010-2011,2,Albemarle County ,950,Jack Jouett Middle,Mathematics,"Non-Hispanic, two or more races",8,SOL,Geometry,<,>50
2010-2011,2,Albemarle County ,950,Jack Jouett Middle,Mathematics,"Non-Hispanic, two or more races",8,SOL,Mathematics,<,>50
2010-2011,2,Albemarle County ,950,Jack Jouett Middle,Mathematics,"White, not of Hispanic origin",8,SOL,Algebra I,              59,100.00
2010-2011,2,Albemarle County ,950,Jack Jouett Middle,Mathematics,"White, not of Hispanic origin",8,SOL,Geometry,              36,100.00
2010-2011,2,Albemarle County ,950,Jack Jouett Middle,Mathematics,"White, not of Hispanic origin",8,SOL,Mathematics,              36,    97.22
2010-2011,2,Albemarle County ,69,Jackson P. Burley Middle,Mathematics,Asian,8,SOL,Algebra I,<,>50
2010-2011,2,Albemarle County ,69,Jackson P. Burley Middle,Mathematics,Asian,8,SOL,Geometry,<,>50
2010-2011,2,Albemarle County ,69,Jackson P. Burley Middle,Mathematics,Asian,8,SOL,Mathematics,<,>50
2010-2011,2,Albemarle County ,69,Jackson P. Burley Middle,Mathematics,"Black, not of Hispanic origin",8,SOL,Algebra I,<,>50
2010-2011,2,Albemarle County ,69,Jackson P. Burley Middle,Mathematics,"Black, not of Hispanic origin",8,SOL,Geometry,<,>50
2010-2011,2,Albemarle County ,69,Jackson P. Burley Middle,Mathematics,"Black, not of Hispanic origin",8,SOL,Mathematics,              18,    72.22
2010-2011,2,Albemarle County ,69,Jackson P. Burley Middle,Mathematics,Hispanic,8,SOL,Algebra I,<,>50
2010-2011,2,Albemarle County ,69,Jackson P. Burley Middle,Mathematics,Hispanic,8,SOL,Mathematics,              17,    94.12
2010-2011,2,Albemarle County ,69,Jackson P. Burley Middle,Mathematics,"Non-Hispanic, two or more races",8,SOL,Algebra I,<,>50
2010-2011,2,Albemarle County ,69,Jackson P. Burley Middle,Mathematics,"Non-Hispanic, two or more races",8,SOL,Geometry,<,>50
2010-2011,2,Albemarle County ,69,Jackson P. Burley Middle,Mathematics,"Non-Hispanic, two or more races",8,SOL,Mathematics,<,>50
2010-2011,2,Albemarle County ,69,Jackson P. Burley Middle,Mathematics,"White, not of Hispanic origin",8,SOL,Algebra I,              42,100.00
2010-2011,2,Albemarle County ,69,Jackson P. Burley Middle,Mathematics,"White, not of Hispanic origin",8,SOL,Geometry,              13,100.00
2010-2011,2,Albemarle County ,69,Jackson P. Burley Middle,Mathematics,"White, not of Hispanic origin",8,SOL,Mathematics,              34,    79.41
2010-2011,2,Albemarle County ,942,Joseph T. Henley Middle,Mathematics,Asian,8,SOL,Algebra I,<,>50
2010-2011,2,Albemarle County ,942,Joseph T. Henley Middle,Mathematics,Asian,8,SOL,Geometry,<,>50
2010-2011,2,Albemarle County ,942,Joseph T. Henley Middle,Mathematics,Asian,8,SOL,Mathematics,<,>50
2010-2011,2,Albemarle County ,942,Joseph T. Henley Middle,Mathematics,"Black, not of Hispanic origin",8,SOL,Algebra I,<,>50
2010-2011,2,Albemarle County ,942,Joseph T. Henley Middle,Mathematics,"Black, not of Hispanic origin",8,SOL,Mathematics,<,>50
2010-2011,2,Albemarle County ,942,Joseph T. Henley Middle,Mathematics,Hispanic,8,SOL,Algebra I,<,>50
2010-2011,2,Albemarle County ,942,Joseph T. Henley Middle,Mathematics,Hispanic,8,SOL,Geometry,<,>50
2010-2011,2,Albemarle County ,942,Joseph T. Henley Middle,Mathematics,Hispanic,8,SOL,Mathematics,<,>50
2010-2011,2,Albemarle County ,942,Joseph T. Henley Middle,Mathematics,"Non-Hispanic, two or more races",8,SOL,Algebra I,<,>50
2010-2011,2,Albemarle County ,942,Joseph T. Henley Middle,Mathematics,"Non-Hispanic, two or more races",8,SOL,Geometry,<,>50
2010-2011,2,Albemarle County ,942,Joseph T. Henley Middle,Mathematics,"Non-Hispanic, two or more races",8,SOL,Mathematics,<,>50
2010-2011,2,Albemarle County ,942,Joseph T. Henley Middle,Mathematics,"White, not of Hispanic origin",8,SOL,Algebra I,              82,100.00
2010-2011,2,Albemarle County ,942,Joseph T. Henley Middle,Mathematics,"White, not of Hispanic origin",8,SOL,Geometry,              39,100.00
2010-2011,2,Albemarle County ,942,Joseph T. Henley Middle,Mathematics,"White, not of Hispanic origin",8,SOL,Mathematics,              78,    94.87
2010-2011,2,Albemarle County ,20,Leslie H. Walton Middle,Mathematics,American Indian or Alaska Native,8,SOL,Algebra I,<,>50
2010-2011,2,Albemarle County ,20,Leslie H. Walton Middle,Mathematics,Asian,8,SOL,Algebra I,<,>50
2010-2011,2,Albemarle County ,20,Leslie H. Walton Middle,Mathematics,"Black, not of Hispanic origin",8,SOL,Algebra I,<,>50
2010-2011,2,Albemarle County ,20,Leslie H. Walton Middle,Mathematics,"Black, not of Hispanic origin",8,SOL,Mathematics,              10,    60.00
2010-2011,2,Albemarle County ,20,Leslie H. Walton Middle,Mathematics,Hispanic,8,SOL,Algebra I,<,>50
2010-2011,2,Albemarle County ,20,Leslie H. Walton Middle,Mathematics,Hispanic,8,SOL,Mathematics,<,>50
2010-2011,2,Albemarle County ,20,Leslie H. Walton Middle,Mathematics,"Non-Hispanic, two or more races",8,SOL,Algebra I,<,>50
2010-2011,2,Albemarle County ,20,Leslie H. Walton Middle,Mathematics,"Non-Hispanic, two or more races",8,SOL,Geometry,<,>50
2010-2011,2,Albemarle County ,20,Leslie H. Walton Middle,Mathematics,"Non-Hispanic, two or more races",8,SOL,Mathematics,<,>50
2010-2011,2,Albemarle County ,20,Leslie H. Walton Middle,Mathematics,"White, not of Hispanic origin",8,SOL,Algebra I,              38,100.00
2010-2011,2,Albemarle County ,20,Leslie H. Walton Middle,Mathematics,"White, not of Hispanic origin",8,SOL,Geometry,              17,100.00
2010-2011,2,Albemarle County ,20,Leslie H. Walton Middle,Mathematics,"White, not of Hispanic origin",8,SOL,Mathematics,              32,    87.50
2010-2011,2,Albemarle County ,1051,Mortimer Y. Sutherland Middle,Mathematics,Asian,8,SOL,Algebra I,<,>50
2010-2011,2,Albemarle County ,1051,Mortimer Y. Sutherland Middle,Mathematics,Asian,8,SOL,Geometry,<,>50
2010-2011,2,Albemarle County ,1051,Mortimer Y. Sutherland Middle,Mathematics,Asian,8,SOL,Mathematics,<,>50
2010-2011,2,Albemarle County ,1051,Mortimer Y. Sutherland Middle,Mathematics,"Black, not of Hispanic origin",8,SOL,Algebra I,<,>50
2010-2011,2,Albemarle County ,1051,Mortimer Y. Sutherland Middle,Mathematics,"Black, not of Hispanic origin",8,SOL,Geometry,<,>50
2010-2011,2,Albemarle County ,1051,Mortimer Y. Sutherland Middle,Mathematics,"Black, not of Hispanic origin",8,SOL,Mathematics,              11,    90.91
2010-2011,2,Albemarle County ,1051,Mortimer Y. Sutherland Middle,Mathematics,Hispanic,8,SOL,Algebra I,<,>50
2010-2011,2,Albemarle County ,1051,Mortimer Y. Sutherland Middle,Mathematics,Hispanic,8,SOL,Geometry,<,>50
2010-2011,2,Albemarle County ,1051,Mortimer Y. Sutherland Middle,Mathematics,Hispanic,8,SOL,Mathematics,<,>50
2010-2011,2,Albemarle County ,1051,Mortimer Y. Sutherland Middle,Mathematics,"Non-Hispanic, two or more races",8,SOL,Algebra I,<,>50
2010-2011,2,Albemarle County ,1051,Mortimer Y. Sutherland Middle,Mathematics,"Non-Hispanic, two or more races",8,SOL,Geometry,<,>50
2010-2011,2,Albemarle County ,1051,Mortimer Y. Sutherland Middle,Mathematics,"Non-Hispanic, two or more races",8,SOL,Mathematics,<,>50
2010-2011,2,Albemarle County ,1051,Mortimer Y. Sutherland Middle,Mathematics,"White, not of Hispanic origin",8,SOL,Algebra I,              60,100.00
2010-2011,2,Albemarle County ,1051,Mortimer Y. Sutherland Middle,Mathematics,"White, not of Hispanic origin",8,SOL,Geometry,              44,    97.73
2010-2011,2,Albemarle County ,1051,Mortimer Y. Sutherland Middle,Mathematics,"White, not of Hispanic origin",8,SOL,Mathematics,              41,    95.12
2011-2012,2,Albemarle County ,1060,Albemarle County Community Public Charter,Mathematics,"White, not of Hispanic origin",8,SOL,Mathematics,<,>50
2011-2012,2,Albemarle County ,950,Jack Jouett Middle,Mathematics,Asian,8,SOL,Algebra I,<,>50
2011-2012,2,Albemarle County ,950,Jack Jouett Middle,Mathematics,Asian,8,SOL,Geometry,<,>50
2011-2012,2,Albemarle County ,950,Jack Jouett Middle,Mathematics,Asian,8,SOL,Mathematics,<,>50
2011-2012,2,Albemarle County ,950,Jack Jouett Middle,Mathematics,"Black, not of Hispanic origin",8,SOL,Algebra I,<,>50
2011-2012,2,Albemarle County ,950,Jack Jouett Middle,Mathematics,"Black, not of Hispanic origin",8,SOL,Mathematics,              22,    63.64
2011-2012,2,Albemarle County ,950,Jack Jouett Middle,Mathematics,Hispanic,8,SOL,Algebra I,<,>50
2011-2012,2,Albemarle County ,950,Jack Jouett Middle,Mathematics,Hispanic,8,SOL,Geometry,<,>50
2011-2012,2,Albemarle County ,950,Jack Jouett Middle,Mathematics,Hispanic,8,SOL,Mathematics,              10,    90.00
2011-2012,2,Albemarle County ,950,Jack Jouett Middle,Mathematics,"Non-Hispanic, two or more races",8,SOL,Algebra I,<,>50
2011-2012,2,Albemarle County ,950,Jack Jouett Middle,Mathematics,"Non-Hispanic, two or more races",8,SOL,Mathematics,<,>50
2011-2012,2,Albemarle County ,950,Jack Jouett Middle,Mathematics,"White, not of Hispanic origin",8,SOL,Algebra I,              50,100.00
2011-2012,2,Albemarle County ,950,Jack Jouett Middle,Mathematics,"White, not of Hispanic origin",8,SOL,Geometry,              27,100.00
2011-2012,2,Albemarle County ,950,Jack Jouett Middle,Mathematics,"White, not of Hispanic origin",8,SOL,Mathematics,              17,    64.71
2011-2012,2,Albemarle County ,69,Jackson P. Burley Middle,Mathematics,American Indian or Alaska Native,8,SOL,Algebra I,<,>50
2011-2012,2,Albemarle County ,69,Jackson P. Burley Middle,Mathematics,Asian,8,SOL,Algebra I,<,>50
2011-2012,2,Albemarle County ,69,Jackson P. Burley Middle,Mathematics,Asian,8,SOL,Geometry,<,>50
2011-2012,2,Albemarle County ,69,Jackson P. Burley Middle,Mathematics,Asian,8,SOL,Mathematics,<,>50
2011-2012,2,Albemarle County ,69,Jackson P. Burley Middle,Mathematics,"Black, not of Hispanic origin",8,SOL,Algebra I,<,>50
2011-2012,2,Albemarle County ,69,Jackson P. Burley Middle,Mathematics,"Black, not of Hispanic origin",8,SOL,Geometry,<,>50
2011-2012,2,Albemarle County ,69,Jackson P. Burley Middle,Mathematics,"Black, not of Hispanic origin",8,SOL,Mathematics,              20,<50
2011-2012,2,Albemarle County ,69,Jackson P. Burley Middle,Mathematics,Hispanic,8,SOL,Algebra I,<,>50
2011-2012,2,Albemarle County ,69,Jackson P. Burley Middle,Mathematics,Hispanic,8,SOL,Geometry,<,>50
2011-2012,2,Albemarle County ,69,Jackson P. Burley Middle,Mathematics,Hispanic,8,SOL,Mathematics,<,<50
2011-2012,2,Albemarle County ,69,Jackson P. Burley Middle,Mathematics,"Non-Hispanic, two or more races",8,SOL,Algebra I,<,>50
2011-2012,2,Albemarle County ,69,Jackson P. Burley Middle,Mathematics,"Non-Hispanic, two or more races",8,SOL,Mathematics,<,>50
2011-2012,2,Albemarle County ,69,Jackson P. Burley Middle,Mathematics,"White, not of Hispanic origin",8,SOL,Algebra I,              43,    97.67
2011-2012,2,Albemarle County ,69,Jackson P. Burley Middle,Mathematics,"White, not of Hispanic origin",8,SOL,Geometry,              26,100.00
2011-2012,2,Albemarle County ,69,Jackson P. Burley Middle,Mathematics,"White, not of Hispanic origin",8,SOL,Mathematics,              23,    60.87
2011-2012,2,Albemarle County ,942,Joseph T. Henley Middle,Mathematics,Asian,8,SOL,Algebra I,<,>50
2011-2012,2,Albemarle County ,942,Joseph T. Henley Middle,Mathematics,Asian,8,SOL,Geometry,<,>50
2011-2012,2,Albemarle County ,942,Joseph T. Henley Middle,Mathematics,Asian,8,SOL,Mathematics,<,>50
2011-2012,2,Albemarle County ,942,Joseph T. Henley Middle,Mathematics,"Black, not of Hispanic origin",8,SOL,Algebra I,<,>50
2011-2012,2,Albemarle County ,942,Joseph T. Henley Middle,Mathematics,"Black, not of Hispanic origin",8,SOL,Mathematics,<,>50
2011-2012,2,Albemarle County ,942,Joseph T. Henley Middle,Mathematics,Hispanic,8,SOL,Algebra I,<,>50
2011-2012,2,Albemarle County ,942,Joseph T. Henley Middle,Mathematics,Hispanic,8,SOL,Geometry,<,>50
2011-2012,2,Albemarle County ,942,Joseph T. Henley Middle,Mathematics,Hispanic,8,SOL,Mathematics,<,>50
2011-2012,2,Albemarle County ,942,Joseph T. Henley Middle,Mathematics,"Non-Hispanic, two or more races",8,SOL,Algebra I,<,>50
2011-2012,2,Albemarle County ,942,Joseph T. Henley Middle,Mathematics,"Non-Hispanic, two or more races",8,SOL,Geometry,<,>50
2011-2012,2,Albemarle County ,942,Joseph T. Henley Middle,Mathematics,"Non-Hispanic, two or more races",8,SOL,Mathematics,<,>50
2011-2012,2,Albemarle County ,942,Joseph T. Henley Middle,Mathematics,"White, not of Hispanic origin",8,SOL,Algebra I,              98,    98.98
2011-2012,2,Albemarle County ,942,Joseph T. Henley Middle,Mathematics,"White, not of Hispanic origin",8,SOL,Geometry,              39,100.00
2011-2012,2,Albemarle County ,942,Joseph T. Henley Middle,Mathematics,"White, not of Hispanic origin",8,SOL,Mathematics,              95,    95.79
2011-2012,2,Albemarle County ,20,Leslie H. Walton Middle,Mathematics,Asian,8,SOL,Geometry,<,>50
2011-2012,2,Albemarle County ,20,Leslie H. Walton Middle,Mathematics,Asian,8,SOL,Mathematics,<,>50
2011-2012,2,Albemarle County ,20,Leslie H. Walton Middle,Mathematics,"Black, not of Hispanic origin",8,SOL,Algebra I,<,>50
2011-2012,2,Albemarle County ,20,Leslie H. Walton Middle,Mathematics,"Black, not of Hispanic origin",8,SOL,Geometry,<,>50
2011-2012,2,Albemarle County ,20,Leslie H. Walton Middle,Mathematics,"Black, not of Hispanic origin",8,SOL,Mathematics,              14,<50
2011-2012,2,Albemarle County ,20,Leslie H. Walton Middle,Mathematics,Hispanic,8,SOL,Algebra I,<,>50
2011-2012,2,Albemarle County ,20,Leslie H. Walton Middle,Mathematics,"Non-Hispanic, two or more races",8,SOL,Algebra I,<,>50
2011-2012,2,Albemarle County ,20,Leslie H. Walton Middle,Mathematics,"Non-Hispanic, two or more races",8,SOL,Geometry,<,>50
2011-2012,2,Albemarle County ,20,Leslie H. Walton Middle,Mathematics,"Non-Hispanic, two or more races",8,SOL,Mathematics,<,>50
2011-2012,2,Albemarle County ,20,Leslie H. Walton Middle,Mathematics,"White, not of Hispanic origin",8,SOL,Algebra I,              26,    73.08
2011-2012,2,Albemarle County ,20,Leslie H. Walton Middle,Mathematics,"White, not of Hispanic origin",8,SOL,Geometry,              35,100.00
2011-2012,2,Albemarle County ,20,Leslie H. Walton Middle,Mathematics,"White, not of Hispanic origin",8,SOL,Mathematics,              38,    39.47
2011-2012,2,Albemarle County ,1051,Mortimer Y. Sutherland Middle,Mathematics,American Indian or Alaska Native,8,SOL,Mathematics,<,<50
2011-2012,2,Albemarle County ,1051,Mortimer Y. Sutherland Middle,Mathematics,Asian,8,SOL,Algebra I,<,>50
2011-2012,2,Albemarle County ,1051,Mortimer Y. Sutherland Middle,Mathematics,Asian,8,SOL,Geometry,<,>50
2011-2012,2,Albemarle County ,1051,Mortimer Y. Sutherland Middle,Mathematics,Asian,8,SOL,Mathematics,<,>50
2011-2012,2,Albemarle County ,1051,Mortimer Y. Sutherland Middle,Mathematics,"Black, not of Hispanic origin",8,SOL,Algebra I,<,>50
2011-2012,2,Albemarle County ,1051,Mortimer Y. Sutherland Middle,Mathematics,"Black, not of Hispanic origin",8,SOL,Geometry,<,>50
2011-2012,2,Albemarle County ,1051,Mortimer Y. Sutherland Middle,Mathematics,"Black, not of Hispanic origin",8,SOL,Mathematics,              11,<50
2011-2012,2,Albemarle County ,1051,Mortimer Y. Sutherland Middle,Mathematics,Hispanic,8,SOL,Algebra I,<,>50
2011-2012,2,Albemarle County ,1051,Mortimer Y. Sutherland Middle,Mathematics,Hispanic,8,SOL,Geometry,<,>50
2011-2012,2,Albemarle County ,1051,Mortimer Y. Sutherland Middle,Mathematics,Hispanic,8,SOL,Mathematics,<,>50
2011-2012,2,Albemarle County ,1051,Mortimer Y. Sutherland Middle,Mathematics,Native Hawaiian  or Pacific Islander,8,SOL,Geometry,<,>50
2011-2012,2,Albemarle County ,1051,Mortimer Y. Sutherland Middle,Mathematics,"Non-Hispanic, two or more races",8,SOL,Algebra I,<,>50
2011-2012,2,Albemarle County ,1051,Mortimer Y. Sutherland Middle,Mathematics,"Non-Hispanic, two or more races",8,SOL,Geometry,<,>50
2011-2012,2,Albemarle County ,1051,Mortimer Y. Sutherland Middle,Mathematics,"Non-Hispanic, two or more races",8,SOL,Mathematics,<,>50
2011-2012,2,Albemarle County ,1051,Mortimer Y. Sutherland Middle,Mathematics,"White, not of Hispanic origin",8,SOL,Algebra I,              54,    96.30
2011-2012,2,Albemarle County ,1051,Mortimer Y. Sutherland Middle,Mathematics,"White, not of Hispanic origin",8,SOL,Geometry,              56,100.00
2011-2012,2,Albemarle County ,1051,Mortimer Y. Sutherland Middle,Mathematics,"White, not of Hispanic origin",8,SOL,Mathematics,              21,    42.86
2012-2013,2,Albemarle County ,1060,Albemarle County Community Public Charter,Mathematics,American Indian or Alaska Native,8,SOL,Mathematics,<,<50
2012-2013,2,Albemarle County ,1060,Albemarle County Community Public Charter,Mathematics,"Black, not of Hispanic origin",8,SOL,Mathematics,<,<50
2012-2013,2,Albemarle County ,1060,Albemarle County Community Public Charter,Mathematics,Hispanic,8,SOL,Mathematics,<,<50
2012-2013,2,Albemarle County ,1060,Albemarle County Community Public Charter,Mathematics,"Non-Hispanic, two or more races",8,SOL,Mathematics,<,<50
2012-2013,2,Albemarle County ,1060,Albemarle County Community Public Charter,Mathematics,"White, not of Hispanic origin",8,SOL,Mathematics,              14,<50
2012-2013,2,Albemarle County ,950,Jack Jouett Middle,Mathematics,American Indian or Alaska Native,8,SOL,Algebra I,<,>50
2012-2013,2,Albemarle County ,950,Jack Jouett Middle,Mathematics,American Indian or Alaska Native,8,SOL,Mathematics,<,>50
2012-2013,2,Albemarle County ,950,Jack Jouett Middle,Mathematics,Asian,8,SOL,Algebra I,<,>50
2012-2013,2,Albemarle County ,950,Jack Jouett Middle,Mathematics,Asian,8,SOL,Geometry,<,>50
2012-2013,2,Albemarle County ,950,Jack Jouett Middle,Mathematics,Asian,8,SOL,Mathematics,<,>50
2012-2013,2,Albemarle County ,950,Jack Jouett Middle,Mathematics,"Black, not of Hispanic origin",8,SOL,Algebra I,<,>50
2012-2013,2,Albemarle County ,950,Jack Jouett Middle,Mathematics,"Black, not of Hispanic origin",8,SOL,Geometry,<,>50
2012-2013,2,Albemarle County ,950,Jack Jouett Middle,Mathematics,"Black, not of Hispanic origin",8,SOL,Mathematics,              28,    35.71
2012-2013,2,Albemarle County ,950,Jack Jouett Middle,Mathematics,Hispanic,8,SOL,Algebra I,<,>50
2012-2013,2,Albemarle County ,950,Jack Jouett Middle,Mathematics,Hispanic,8,SOL,Geometry,<,>50
2012-2013,2,Albemarle County ,950,Jack Jouett Middle,Mathematics,Hispanic,8,SOL,Mathematics,<,<50
2012-2013,2,Albemarle County ,950,Jack Jouett Middle,Mathematics,"Non-Hispanic, two or more races",8,SOL,Algebra I,<,>50
2012-2013,2,Albemarle County ,950,Jack Jouett Middle,Mathematics,"Non-Hispanic, two or more races",8,SOL,Geometry,<,>50
2012-2013,2,Albemarle County ,950,Jack Jouett Middle,Mathematics,"Non-Hispanic, two or more races",8,SOL,Mathematics,<,>50
2012-2013,2,Albemarle County ,950,Jack Jouett Middle,Mathematics,"White, not of Hispanic origin",8,SOL,Algebra I,              36,    91.67
2012-2013,2,Albemarle County ,950,Jack Jouett Middle,Mathematics,"White, not of Hispanic origin",8,SOL,Geometry,              29,100.00
2012-2013,2,Albemarle County ,950,Jack Jouett Middle,Mathematics,"White, not of Hispanic origin",8,SOL,Mathematics,              20,    75.00
2012-2013,2,Albemarle County ,69,Jackson P. Burley Middle,Mathematics,Asian,8,SOL,Algebra I,<,>50
2012-2013,2,Albemarle County ,69,Jackson P. Burley Middle,Mathematics,Asian,8,SOL,Geometry,<,>50
2012-2013,2,Albemarle County ,69,Jackson P. Burley Middle,Mathematics,Asian,8,SOL,Mathematics,<,>50
2012-2013,2,Albemarle County ,69,Jackson P. Burley Middle,Mathematics,"Black, not of Hispanic origin",8,SOL,Algebra I,<,>50
2012-2013,2,Albemarle County ,69,Jackson P. Burley Middle,Mathematics,"Black, not of Hispanic origin",8,SOL,Mathematics,              21,    66.67
2012-2013,2,Albemarle County ,69,Jackson P. Burley Middle,Mathematics,Hispanic,8,SOL,Algebra I,<,>50
2012-2013,2,Albemarle County ,69,Jackson P. Burley Middle,Mathematics,Hispanic,8,SOL,Mathematics,              12,<50
2012-2013,2,Albemarle County ,69,Jackson P. Burley Middle,Mathematics,"Non-Hispanic, two or more races",8,SOL,Algebra I,<,>50
2012-2013,2,Albemarle County ,69,Jackson P. Burley Middle,Mathematics,"Non-Hispanic, two or more races",8,SOL,Mathematics,<,>50
2012-2013,2,Albemarle County ,69,Jackson P. Burley Middle,Mathematics,"White, not of Hispanic origin",8,SOL,Algebra I,              34,    97.06
2012-2013,2,Albemarle County ,69,Jackson P. Burley Middle,Mathematics,"White, not of Hispanic origin",8,SOL,Geometry,              35,100.00
2012-2013,2,Albemarle County ,69,Jackson P. Burley Middle,Mathematics,"White, not of Hispanic origin",8,SOL,Mathematics,              27,    55.56
2012-2013,2,Albemarle County ,942,Joseph T. Henley Middle,Mathematics,American Indian or Alaska Native,8,SOL,Algebra I,<,>50
2012-2013,2,Albemarle County ,942,Joseph T. Henley Middle,Mathematics,American Indian or Alaska Native,8,SOL,Mathematics,<,<50
2012-2013,2,Albemarle County ,942,Joseph T. Henley Middle,Mathematics,Asian,8,SOL,Algebra I,<,>50
2012-2013,2,Albemarle County ,942,Joseph T. Henley Middle,Mathematics,Asian,8,SOL,Geometry,<,>50
2012-2013,2,Albemarle County ,942,Joseph T. Henley Middle,Mathematics,Asian,8,SOL,Mathematics,<,>50
2012-2013,2,Albemarle County ,942,Joseph T. Henley Middle,Mathematics,"Black, not of Hispanic origin",8,SOL,Algebra I,<,>50
2012-2013,2,Albemarle County ,942,Joseph T. Henley Middle,Mathematics,"Black, not of Hispanic origin",8,SOL,Geometry,<,>50
2012-2013,2,Albemarle County ,942,Joseph T. Henley Middle,Mathematics,"Black, not of Hispanic origin",8,SOL,Mathematics,              10,    80.00
2012-2013,2,Albemarle County ,942,Joseph T. Henley Middle,Mathematics,Hispanic,8,SOL,Algebra I,<,>50
2012-2013,2,Albemarle County ,942,Joseph T. Henley Middle,Mathematics,Hispanic,8,SOL,Geometry,<,>50
2012-2013,2,Albemarle County ,942,Joseph T. Henley Middle,Mathematics,Hispanic,8,SOL,Mathematics,<,>50
2012-2013,2,Albemarle County ,942,Joseph T. Henley Middle,Mathematics,"Non-Hispanic, two or more races",8,SOL,Algebra I,<,>50
2012-2013,2,Albemarle County ,942,Joseph T. Henley Middle,Mathematics,"Non-Hispanic, two or more races",8,SOL,Geometry,<,>50
2012-2013,2,Albemarle County ,942,Joseph T. Henley Middle,Mathematics,"Non-Hispanic, two or more races",8,SOL,Mathematics,<,>50
2012-2013,2,Albemarle County ,942,Joseph T. Henley Middle,Mathematics,"White, not of Hispanic origin",8,SOL,Algebra I,             104,    98.08
2012-2013,2,Albemarle County ,942,Joseph T. Henley Middle,Mathematics,"White, not of Hispanic origin",8,SOL,Geometry,              44,100.00
2012-2013,2,Albemarle County ,942,Joseph T. Henley Middle,Mathematics,"White, not of Hispanic origin",8,SOL,Mathematics,              37,    86.49
2012-2013,2,Albemarle County ,20,Leslie H. Walton Middle,Mathematics,Asian,8,SOL,Geometry,<,>50
2012-2013,2,Albemarle County ,20,Leslie H. Walton Middle,Mathematics,"Black, not of Hispanic origin",8,SOL,Algebra I,<,>50
2012-2013,2,Albemarle County ,20,Leslie H. Walton Middle,Mathematics,"Black, not of Hispanic origin",8,SOL,Geometry,<,>50
2012-2013,2,Albemarle County ,20,Leslie H. Walton Middle,Mathematics,"Black, not of Hispanic origin",8,SOL,Mathematics,              13,<50
2012-2013,2,Albemarle County ,20,Leslie H. Walton Middle,Mathematics,Hispanic,8,SOL,Algebra I,<,>50
2012-2013,2,Albemarle County ,20,Leslie H. Walton Middle,Mathematics,Hispanic,8,SOL,Geometry,<,>50
2012-2013,2,Albemarle County ,20,Leslie H. Walton Middle,Mathematics,Hispanic,8,SOL,Mathematics,<,>50
2012-2013,2,Albemarle County ,20,Leslie H. Walton Middle,Mathematics,"Non-Hispanic, two or more races",8,SOL,Algebra I,<,>50
2012-2013,2,Albemarle County ,20,Leslie H. Walton Middle,Mathematics,"Non-Hispanic, two or more races",8,SOL,Geometry,<,>50
2012-2013,2,Albemarle County ,20,Leslie H. Walton Middle,Mathematics,"Non-Hispanic, two or more races",8,SOL,Mathematics,<,>50
2012-2013,2,Albemarle County ,20,Leslie H. Walton Middle,Mathematics,"White, not of Hispanic origin",8,SOL,Algebra I,              24,100.00
2012-2013,2,Albemarle County ,20,Leslie H. Walton Middle,Mathematics,"White, not of Hispanic origin",8,SOL,Geometry,              35,100.00
2012-2013,2,Albemarle County ,20,Leslie H. Walton Middle,Mathematics,"White, not of Hispanic origin",8,SOL,Mathematics,              44,    40.91
2012-2013,2,Albemarle County ,1051,Mortimer Y. Sutherland Middle,Mathematics,Asian,8,SOL,Algebra I,<,>50
2012-2013,2,Albemarle County ,1051,Mortimer Y. Sutherland Middle,Mathematics,Asian,8,SOL,Geometry,<,>50
2012-2013,2,Albemarle County ,1051,Mortimer Y. Sutherland Middle,Mathematics,Asian,8,SOL,Mathematics,<,>50
2012-2013,2,Albemarle County ,1051,Mortimer Y. Sutherland Middle,Mathematics,"Black, not of Hispanic origin",8,SOL,Algebra I,<,>50
2012-2013,2,Albemarle County ,1051,Mortimer Y. Sutherland Middle,Mathematics,"Black, not of Hispanic origin",8,SOL,Geometry,<,>50
2012-2013,2,Albemarle County ,1051,Mortimer Y. Sutherland Middle,Mathematics,"Black, not of Hispanic origin",8,SOL,Mathematics,<,<50
2012-2013,2,Albemarle County ,1051,Mortimer Y. Sutherland Middle,Mathematics,Hispanic,8,SOL,Algebra I,<,>50
2012-2013,2,Albemarle County ,1051,Mortimer Y. Sutherland Middle,Mathematics,Hispanic,8,SOL,Mathematics,<,<50
2012-2013,2,Albemarle County ,1051,Mortimer Y. Sutherland Middle,Mathematics,"Non-Hispanic, two or more races",8,SOL,Algebra I,<,>50
2012-2013,2,Albemarle County ,1051,Mortimer Y. Sutherland Middle,Mathematics,"Non-Hispanic, two or more races",8,SOL,Geometry,<,>50
2012-2013,2,Albemarle County ,1051,Mortimer Y. Sutherland Middle,Mathematics,"Non-Hispanic, two or more races",8,SOL,Mathematics,<,>50
2012-2013,2,Albemarle County ,1051,Mortimer Y. Sutherland Middle,Mathematics,"White, not of Hispanic origin",8,SOL,Algebra I,              56,    98.21
2012-2013,2,Albemarle County ,1051,Mortimer Y. Sutherland Middle,Mathematics,"White, not of Hispanic origin",8,SOL,Geometry,              75,100.00
2012-2013,2,Albemarle County ,1051,Mortimer Y. Sutherland Middle,Mathematics,"White, not of Hispanic origin",8,SOL,Mathematics,              38,    52.63
2013-2014,2,Albemarle County ,1060,Albemarle County Community Public Charter,Mathematics,American Indian or Alaska Native,8,SOL,Mathematics,<,<50
2013-2014,2,Albemarle County ,1060,Albemarle County Community Public Charter,Mathematics,Hispanic,8,SOL,Mathematics,<,>50
2013-2014,2,Albemarle County ,1060,Albemarle County Community Public Charter,Mathematics,"White, not of Hispanic origin",8,SOL,Mathematics,<,<50
2013-2014,2,Albemarle County ,950,Jack Jouett Middle,Mathematics,American Indian or Alaska Native,8,SOL,Mathematics,<,<50
2013-2014,2,Albemarle County ,950,Jack Jouett Middle,Mathematics,Asian,8,SOL,Algebra I,<,>50
2013-2014,2,Albemarle County ,950,Jack Jouett Middle,Mathematics,Asian,8,SOL,Geometry,              10,100.00
2013-2014,2,Albemarle County ,950,Jack Jouett Middle,Mathematics,Asian,8,SOL,Mathematics,<,<50
2013-2014,2,Albemarle County ,950,Jack Jouett Middle,Mathematics,"Black, not of Hispanic origin",8,SOL,Algebra I,              11,100.00
2013-2014,2,Albemarle County ,950,Jack Jouett Middle,Mathematics,"Black, not of Hispanic origin",8,SOL,Mathematics,              29,    51.72
2013-2014,2,Albemarle County ,950,Jack Jouett Middle,Mathematics,Hispanic,8,SOL,Algebra I,<,>50
2013-2014,2,Albemarle County ,950,Jack Jouett Middle,Mathematics,Hispanic,8,SOL,Geometry,<,>50
2013-2014,2,Albemarle County ,950,Jack Jouett Middle,Mathematics,Hispanic,8,SOL,Mathematics,              15,    53.33
2013-2014,2,Albemarle County ,950,Jack Jouett Middle,Mathematics,"Non-Hispanic, two or more races",8,SOL,Algebra I,<,>50
2013-2014,2,Albemarle County ,950,Jack Jouett Middle,Mathematics,"Non-Hispanic, two or more races",8,SOL,Geometry,<,>50
2013-2014,2,Albemarle County ,950,Jack Jouett Middle,Mathematics,"Non-Hispanic, two or more races",8,SOL,Mathematics,<,<50
2013-2014,2,Albemarle County ,950,Jack Jouett Middle,Mathematics,"White, not of Hispanic origin",8,SOL,Algebra I,              67,    94.03
2013-2014,2,Albemarle County ,950,Jack Jouett Middle,Mathematics,"White, not of Hispanic origin",8,SOL,Geometry,              41,100.00
2013-2014,2,Albemarle County ,950,Jack Jouett Middle,Mathematics,"White, not of Hispanic origin",8,SOL,Mathematics,              24,    79.17
2013-2014,2,Albemarle County ,69,Jackson P. Burley Middle,Mathematics,Asian,8,SOL,Algebra I,<,>50
2013-2014,2,Albemarle County ,69,Jackson P. Burley Middle,Mathematics,Asian,8,SOL,Geometry,<,>50
2013-2014,2,Albemarle County ,69,Jackson P. Burley Middle,Mathematics,"Black, not of Hispanic origin",8,SOL,Algebra I,              11,    90.91
2013-2014,2,Albemarle County ,69,Jackson P. Burley Middle,Mathematics,"Black, not of Hispanic origin",8,SOL,Geometry,<,>50
2013-2014,2,Albemarle County ,69,Jackson P. Burley Middle,Mathematics,"Black, not of Hispanic origin",8,SOL,Mathematics,              28,    39.29
2013-2014,2,Albemarle County ,69,Jackson P. Burley Middle,Mathematics,Hispanic,8,SOL,Algebra I,<,>50
2013-2014,2,Albemarle County ,69,Jackson P. Burley Middle,Mathematics,Hispanic,8,SOL,Mathematics,              22,    72.73
2013-2014,2,Albemarle County ,69,Jackson P. Burley Middle,Mathematics,"Non-Hispanic, two or more races",8,SOL,Algebra I,<,>50
2013-2014,2,Albemarle County ,69,Jackson P. Burley Middle,Mathematics,"Non-Hispanic, two or more races",8,SOL,Geometry,<,>50
2013-2014,2,Albemarle County ,69,Jackson P. Burley Middle,Mathematics,"Non-Hispanic, two or more races",8,SOL,Mathematics,<,<50
2013-2014,2,Albemarle County ,69,Jackson P. Burley Middle,Mathematics,"White, not of Hispanic origin",8,SOL,Algebra I,              32,100.00
2013-2014,2,Albemarle County ,69,Jackson P. Burley Middle,Mathematics,"White, not of Hispanic origin",8,SOL,Geometry,              37,100.00
2013-2014,2,Albemarle County ,69,Jackson P. Burley Middle,Mathematics,"White, not of Hispanic origin",8,SOL,Mathematics,              30,    53.33
2013-2014,2,Albemarle County ,942,Joseph T. Henley Middle,Mathematics,Asian,8,SOL,Algebra I,<,>50
2013-2014,2,Albemarle County ,942,Joseph T. Henley Middle,Mathematics,Asian,8,SOL,Geometry,<,>50
2013-2014,2,Albemarle County ,942,Joseph T. Henley Middle,Mathematics,Asian,8,SOL,Mathematics,<,>50
2013-2014,2,Albemarle County ,942,Joseph T. Henley Middle,Mathematics,"Black, not of Hispanic origin",8,SOL,Algebra I,<,>50
2013-2014,2,Albemarle County ,942,Joseph T. Henley Middle,Mathematics,"Black, not of Hispanic origin",8,SOL,Mathematics,              10,    80.00
2013-2014,2,Albemarle County ,942,Joseph T. Henley Middle,Mathematics,Hispanic,8,SOL,Algebra I,<,>50
2013-2014,2,Albemarle County ,942,Joseph T. Henley Middle,Mathematics,Hispanic,8,SOL,Geometry,<,>50
2013-2014,2,Albemarle County ,942,Joseph T. Henley Middle,Mathematics,Hispanic,8,SOL,Mathematics,<,>50
2013-2014,2,Albemarle County ,942,Joseph T. Henley Middle,Mathematics,"Non-Hispanic, two or more races",8,SOL,Algebra I,<,>50
2013-2014,2,Albemarle County ,942,Joseph T. Henley Middle,Mathematics,"Non-Hispanic, two or more races",8,SOL,Geometry,<,>50
2013-2014,2,Albemarle County ,942,Joseph T. Henley Middle,Mathematics,"Non-Hispanic, two or more races",8,SOL,Mathematics,<,>50
2013-2014,2,Albemarle County ,942,Joseph T. Henley Middle,Mathematics,"White, not of Hispanic origin",8,SOL,Algebra I,             126,    97.62
2013-2014,2,Albemarle County ,942,Joseph T. Henley Middle,Mathematics,"White, not of Hispanic origin",8,SOL,Geometry,              62,100.00
2013-2014,2,Albemarle County ,942,Joseph T. Henley Middle,Mathematics,"White, not of Hispanic origin",8,SOL,Mathematics,              35,    91.43
2013-2014,2,Albemarle County ,20,Leslie H. Walton Middle,Mathematics,American Indian or Alaska Native,8,SOL,Algebra I,<,>50
2013-2014,2,Albemarle County ,20,Leslie H. Walton Middle,Mathematics,Asian,8,SOL,Algebra I,<,>50
2013-2014,2,Albemarle County ,20,Leslie H. Walton Middle,Mathematics,Asian,8,SOL,Geometry,<,>50
2013-2014,2,Albemarle County ,20,Leslie H. Walton Middle,Mathematics,"Black, not of Hispanic origin",8,SOL,Algebra I,<,>50
2013-2014,2,Albemarle County ,20,Leslie H. Walton Middle,Mathematics,"Black, not of Hispanic origin",8,SOL,Mathematics,<,<50
2013-2014,2,Albemarle County ,20,Leslie H. Walton Middle,Mathematics,Hispanic,8,SOL,Algebra I,<,>50
2013-2014,2,Albemarle County ,20,Leslie H. Walton Middle,Mathematics,Hispanic,8,SOL,Mathematics,<,>50
2013-2014,2,Albemarle County ,20,Leslie H. Walton Middle,Mathematics,"Non-Hispanic, two or more races",8,SOL,Geometry,<,>50
2013-2014,2,Albemarle County ,20,Leslie H. Walton Middle,Mathematics,"Non-Hispanic, two or more races",8,SOL,Mathematics,<,>50
2013-2014,2,Albemarle County ,20,Leslie H. Walton Middle,Mathematics,"White, not of Hispanic origin",8,SOL,Algebra I,              22,    90.91
2013-2014,2,Albemarle County ,20,Leslie H. Walton Middle,Mathematics,"White, not of Hispanic origin",8,SOL,Geometry,              19,100.00
2013-2014,2,Albemarle County ,20,Leslie H. Walton Middle,Mathematics,"White, not of Hispanic origin",8,SOL,Mathematics,              31,    64.52
2013-2014,2,Albemarle County ,1051,Mortimer Y. Sutherland Middle,Mathematics,Asian,8,SOL,Algebra I,<,>50
2013-2014,2,Albemarle County ,1051,Mortimer Y. Sutherland Middle,Mathematics,Asian,8,SOL,Geometry,<,>50
2013-2014,2,Albemarle County ,1051,Mortimer Y. Sutherland Middle,Mathematics,"Black, not of Hispanic origin",8,SOL,Algebra I,<,>50
2013-2014,2,Albemarle County ,1051,Mortimer Y. Sutherland Middle,Mathematics,"Black, not of Hispanic origin",8,SOL,Mathematics,<,<50
2013-2014,2,Albemarle County ,1051,Mortimer Y. Sutherland Middle,Mathematics,Hispanic,8,SOL,Algebra I,<,>50
2013-2014,2,Albemarle County ,1051,Mortimer Y. Sutherland Middle,Mathematics,Hispanic,8,SOL,Mathematics,<,>50
2013-2014,2,Albemarle County ,1051,Mortimer Y. Sutherland Middle,Mathematics,"Non-Hispanic, two or more races",8,SOL,Algebra I,<,>50
2013-2014,2,Albemarle County ,1051,Mortimer Y. Sutherland Middle,Mathematics,"Non-Hispanic, two or more races",8,SOL,Geometry,<,>50
2013-2014,2,Albemarle County ,1051,Mortimer Y. Sutherland Middle,Mathematics,"Non-Hispanic, two or more races",8,SOL,Mathematics,<,>50
2013-2014,2,Albemarle County ,1051,Mortimer Y. Sutherland Middle,Mathematics,"White, not of Hispanic origin",8,SOL,Algebra I,              65,    93.85
2013-2014,2,Albemarle County ,1051,Mortimer Y. Sutherland Middle,Mathematics,"White, not of Hispanic origin",8,SOL,Geometry,              51,100.00
2013-2014,2,Albemarle County ,1051,Mortimer Y. Sutherland Middle,Mathematics,"White, not of Hispanic origin",8,SOL,Mathematics,              23,    47.83
2014-2015,2,Albemarle County ,1060,Albemarle County Community Public Charter,Mathematics,"Black, not of Hispanic origin",8,SOL,Mathematics,<,>50
2014-2015,2,Albemarle County ,1060,Albemarle County Community Public Charter,Mathematics,Hispanic,8,SOL,Mathematics,<,<50
2014-2015,2,Albemarle County ,1060,Albemarle County Community Public Charter,Mathematics,"White, not of Hispanic origin",8,SOL,Mathematics,<,<50
2014-2015,2,Albemarle County ,950,Jack Jouett Middle,Mathematics,Asian,8,SOL,Algebra I,<,>50
2014-2015,2,Albemarle County ,950,Jack Jouett Middle,Mathematics,Asian,8,SOL,Geometry,<,>50
2014-2015,2,Albemarle County ,950,Jack Jouett Middle,Mathematics,Asian,8,SOL,Mathematics,<,>50
2014-2015,2,Albemarle County ,950,Jack Jouett Middle,Mathematics,"Black, not of Hispanic origin",8,SOL,Algebra I,<,>50
2014-2015,2,Albemarle County ,950,Jack Jouett Middle,Mathematics,"Black, not of Hispanic origin",8,SOL,Geometry,<,>50
2014-2015,2,Albemarle County ,950,Jack Jouett Middle,Mathematics,"Black, not of Hispanic origin",8,SOL,Mathematics,              33,    60.61
2014-2015,2,Albemarle County ,950,Jack Jouett Middle,Mathematics,Hispanic,8,SOL,Algebra I,              11,100.00
2014-2015,2,Albemarle County ,950,Jack Jouett Middle,Mathematics,Hispanic,8,SOL,Geometry,<,>50
2014-2015,2,Albemarle County ,950,Jack Jouett Middle,Mathematics,Hispanic,8,SOL,Mathematics,              13,    69.23
2014-2015,2,Albemarle County ,950,Jack Jouett Middle,Mathematics,"Non-Hispanic, two or more races",8,SOL,Algebra I,<,>50
2014-2015,2,Albemarle County ,950,Jack Jouett Middle,Mathematics,"Non-Hispanic, two or more races",8,SOL,Geometry,<,>50
2014-2015,2,Albemarle County ,950,Jack Jouett Middle,Mathematics,"Non-Hispanic, two or more races",8,SOL,Mathematics,<,>50
2014-2015,2,Albemarle County ,950,Jack Jouett Middle,Mathematics,"White, not of Hispanic origin",8,SOL,Algebra I,              37,100.00
2014-2015,2,Albemarle County ,950,Jack Jouett Middle,Mathematics,"White, not of Hispanic origin",8,SOL,Geometry,              26,100.00
2014-2015,2,Albemarle County ,950,Jack Jouett Middle,Mathematics,"White, not of Hispanic origin",8,SOL,Mathematics,              23,    78.26
2014-2015,2,Albemarle County ,69,Jackson P. Burley Middle,Mathematics,American Indian or Alaska Native,8,SOL,Mathematics,<,<50
2014-2015,2,Albemarle County ,69,Jackson P. Burley Middle,Mathematics,Asian,8,SOL,Algebra I,<,>50
2014-2015,2,Albemarle County ,69,Jackson P. Burley Middle,Mathematics,Asian,8,SOL,Geometry,<,>50
2014-2015,2,Albemarle County ,69,Jackson P. Burley Middle,Mathematics,Asian,8,SOL,Mathematics,<,>50
2014-2015,2,Albemarle County ,69,Jackson P. Burley Middle,Mathematics,"Black, not of Hispanic origin",8,SOL,Algebra I,<,>50
2014-2015,2,Albemarle County ,69,Jackson P. Burley Middle,Mathematics,"Black, not of Hispanic origin",8,SOL,Mathematics,              11,    54.55
2014-2015,2,Albemarle County ,69,Jackson P. Burley Middle,Mathematics,Hispanic,8,SOL,Algebra I,<,>50
2014-2015,2,Albemarle County ,69,Jackson P. Burley Middle,Mathematics,Hispanic,8,SOL,Geometry,<,>50
2014-2015,2,Albemarle County ,69,Jackson P. Burley Middle,Mathematics,Hispanic,8,SOL,Mathematics,              15,<50
2014-2015,2,Albemarle County ,69,Jackson P. Burley Middle,Mathematics,"Non-Hispanic, two or more races",8,SOL,Algebra I,<,>50
2014-2015,2,Albemarle County ,69,Jackson P. Burley Middle,Mathematics,"Non-Hispanic, two or more races",8,SOL,Geometry,<,>50
2014-2015,2,Albemarle County ,69,Jackson P. Burley Middle,Mathematics,"Non-Hispanic, two or more races",8,SOL,Mathematics,<,>50
2014-2015,2,Albemarle County ,69,Jackson P. Burley Middle,Mathematics,"White, not of Hispanic origin",8,SOL,Algebra I,              52,    94.23
2014-2015,2,Albemarle County ,69,Jackson P. Burley Middle,Mathematics,"White, not of Hispanic origin",8,SOL,Geometry,              33,100.00
2014-2015,2,Albemarle County ,69,Jackson P. Burley Middle,Mathematics,"White, not of Hispanic origin",8,SOL,Mathematics,              31,    45.16
2014-2015,2,Albemarle County ,942,Joseph T. Henley Middle,Mathematics,Asian,8,SOL,Algebra I,<,>50
2014-2015,2,Albemarle County ,942,Joseph T. Henley Middle,Mathematics,Asian,8,SOL,Geometry,<,>50
2014-2015,2,Albemarle County ,942,Joseph T. Henley Middle,Mathematics,"Black, not of Hispanic origin",8,SOL,Algebra I,<,>50
2014-2015,2,Albemarle County ,942,Joseph T. Henley Middle,Mathematics,"Black, not of Hispanic origin",8,SOL,Mathematics,<,>50
2014-2015,2,Albemarle County ,942,Joseph T. Henley Middle,Mathematics,Hispanic,8,SOL,Algebra I,<,>50
2014-2015,2,Albemarle County ,942,Joseph T. Henley Middle,Mathematics,Hispanic,8,SOL,Mathematics,<,<50
2014-2015,2,Albemarle County ,942,Joseph T. Henley Middle,Mathematics,Native Hawaiian  or Pacific Islander,8,SOL,Algebra I,<,>50
2014-2015,2,Albemarle County ,942,Joseph T. Henley Middle,Mathematics,"Non-Hispanic, two or more races",8,SOL,Algebra I,<,>50
2014-2015,2,Albemarle County ,942,Joseph T. Henley Middle,Mathematics,"Non-Hispanic, two or more races",8,SOL,Geometry,<,>50
2014-2015,2,Albemarle County ,942,Joseph T. Henley Middle,Mathematics,"Non-Hispanic, two or more races",8,SOL,Mathematics,<,<50
2014-2015,2,Albemarle County ,942,Joseph T. Henley Middle,Mathematics,"White, not of Hispanic origin",8,SOL,Algebra I,             134,    99.25
2014-2015,2,Albemarle County ,942,Joseph T. Henley Middle,Mathematics,"White, not of Hispanic origin",8,SOL,Geometry,              57,100.00
2014-2015,2,Albemarle County ,942,Joseph T. Henley Middle,Mathematics,"White, not of Hispanic origin",8,SOL,Mathematics,              42,    92.86
2014-2015,2,Albemarle County ,20,Leslie H. Walton Middle,Mathematics,Asian,8,SOL,Mathematics,<,>50
2014-2015,2,Albemarle County ,20,Leslie H. Walton Middle,Mathematics,"Black, not of Hispanic origin",8,SOL,Algebra I,<,>50
2014-2015,2,Albemarle County ,20,Leslie H. Walton Middle,Mathematics,"Black, not of Hispanic origin",8,SOL,Geometry,<,>50
2014-2015,2,Albemarle County ,20,Leslie H. Walton Middle,Mathematics,"Black, not of Hispanic origin",8,SOL,Mathematics,              11,<50
2014-2015,2,Albemarle County ,20,Leslie H. Walton Middle,Mathematics,Hispanic,8,SOL,Algebra I,<,>50
2014-2015,2,Albemarle County ,20,Leslie H. Walton Middle,Mathematics,Hispanic,8,SOL,Geometry,<,>50
2014-2015,2,Albemarle County ,20,Leslie H. Walton Middle,Mathematics,Hispanic,8,SOL,Mathematics,<,<50
2014-2015,2,Albemarle County ,20,Leslie H. Walton Middle,Mathematics,"Non-Hispanic, two or more races",8,SOL,Geometry,<,>50
2014-2015,2,Albemarle County ,20,Leslie H. Walton Middle,Mathematics,"Non-Hispanic, two or more races",8,SOL,Mathematics,<,>50
2014-2015,2,Albemarle County ,20,Leslie H. Walton Middle,Mathematics,"White, not of Hispanic origin",8,SOL,Algebra I,              23,    91.30
2014-2015,2,Albemarle County ,20,Leslie H. Walton Middle,Mathematics,"White, not of Hispanic origin",8,SOL,Geometry,              27,100.00
2014-2015,2,Albemarle County ,20,Leslie H. Walton Middle,Mathematics,"White, not of Hispanic origin",8,SOL,Mathematics,              42,    52.38
2014-2015,2,Albemarle County ,1051,Mortimer Y. Sutherland Middle,Mathematics,Asian,8,SOL,Algebra I,<,>50
2014-2015,2,Albemarle County ,1051,Mortimer Y. Sutherland Middle,Mathematics,Asian,8,SOL,Geometry,<,>50
2014-2015,2,Albemarle County ,1051,Mortimer Y. Sutherland Middle,Mathematics,"Black, not of Hispanic origin",8,SOL,Algebra I,<,>50
2014-2015,2,Albemarle County ,1051,Mortimer Y. Sutherland Middle,Mathematics,"Black, not of Hispanic origin",8,SOL,Geometry,<,>50
2014-2015,2,Albemarle County ,1051,Mortimer Y. Sutherland Middle,Mathematics,"Black, not of Hispanic origin",8,SOL,Mathematics,<,<50
2014-2015,2,Albemarle County ,1051,Mortimer Y. Sutherland Middle,Mathematics,Hispanic,8,SOL,Algebra I,<,>50
2014-2015,2,Albemarle County ,1051,Mortimer Y. Sutherland Middle,Mathematics,Hispanic,8,SOL,Geometry,<,>50
2014-2015,2,Albemarle County ,1051,Mortimer Y. Sutherland Middle,Mathematics,Hispanic,8,SOL,Mathematics,<,<50
2014-2015,2,Albemarle County ,1051,Mortimer Y. Sutherland Middle,Mathematics,"Non-Hispanic, two or more races",8,SOL,Algebra I,<,>50
2014-2015,2,Albemarle County ,1051,Mortimer Y. Sutherland Middle,Mathematics,"Non-Hispanic, two or more races",8,SOL,Geometry,<,>50
2014-2015,2,Albemarle County ,1051,Mortimer Y. Sutherland Middle,Mathematics,"Non-Hispanic, two or more races",8,SOL,Mathematics,<,>50
2014-2015,2,Albemarle County ,1051,Mortimer Y. Sutherland Middle,Mathematics,"White, not of Hispanic origin",8,SOL,Algebra I,              56,    91.07
2014-2015,2,Albemarle County ,1051,Mortimer Y. Sutherland Middle,Mathematics,"White, not of Hispanic origin",8,SOL,Geometry,              38,100.00
2014-2015,2,Albemarle County ,1051,Mortimer Y. Sutherland Middle,Mathematics,"White, not of Hispanic origin",8,SOL,Mathematics,              35,    45.71
2015-2016,2,Albemarle County ,1060,Albemarle County Community Public Charter,Mathematics,"Black, not of Hispanic origin",8,SOL,Mathematics,<,<50
2015-2016,2,Albemarle County ,1060,Albemarle County Community Public Charter,Mathematics,Hispanic,8,SOL,Mathematics,<,<50
2015-2016,2,Albemarle County ,1060,Albemarle County Community Public Charter,Mathematics,"Non-Hispanic, two or more races",8,SOL,Mathematics,<,<50
2015-2016,2,Albemarle County ,1060,Albemarle County Community Public Charter,Mathematics,"White, not of Hispanic origin",8,SOL,Mathematics,<,<50
2015-2016,2,Albemarle County ,950,Jack Jouett Middle,Mathematics,Asian,8,SOL,Algebra I,<,>50
2015-2016,2,Albemarle County ,950,Jack Jouett Middle,Mathematics,Asian,8,SOL,Geometry,<,>50
2015-2016,2,Albemarle County ,950,Jack Jouett Middle,Mathematics,Asian,8,SOL,Mathematics,<,>50
2015-2016,2,Albemarle County ,950,Jack Jouett Middle,Mathematics,"Black, not of Hispanic origin",8,SOL,Algebra I,              11,    81.82
2015-2016,2,Albemarle County ,950,Jack Jouett Middle,Mathematics,"Black, not of Hispanic origin",8,SOL,Mathematics,              30,    53.33
2015-2016,2,Albemarle County ,950,Jack Jouett Middle,Mathematics,Hispanic,8,SOL,Algebra I,              13,100.00
2015-2016,2,Albemarle County ,950,Jack Jouett Middle,Mathematics,Hispanic,8,SOL,Geometry,<,>50
2015-2016,2,Albemarle County ,950,Jack Jouett Middle,Mathematics,Hispanic,8,SOL,Mathematics,              23,    52.17
2015-2016,2,Albemarle County ,950,Jack Jouett Middle,Mathematics,"Non-Hispanic, two or more races",8,SOL,Algebra I,<,>50
2015-2016,2,Albemarle County ,950,Jack Jouett Middle,Mathematics,"Non-Hispanic, two or more races",8,SOL,Geometry,<,>50
2015-2016,2,Albemarle County ,950,Jack Jouett Middle,Mathematics,"Non-Hispanic, two or more races",8,SOL,Mathematics,<,<50
2015-2016,2,Albemarle County ,950,Jack Jouett Middle,Mathematics,"White, not of Hispanic origin",8,SOL,Algebra I,              41,    95.12
2015-2016,2,Albemarle County ,950,Jack Jouett Middle,Mathematics,"White, not of Hispanic origin",8,SOL,Geometry,              36,100.00
2015-2016,2,Albemarle County ,950,Jack Jouett Middle,Mathematics,"White, not of Hispanic origin",8,SOL,Mathematics,              24,    79.17
2015-2016,2,Albemarle County ,69,Jackson P. Burley Middle,Mathematics,Asian,8,SOL,Algebra I,<,>50
2015-2016,2,Albemarle County ,69,Jackson P. Burley Middle,Mathematics,Asian,8,SOL,Geometry,<,>50
2015-2016,2,Albemarle County ,69,Jackson P. Burley Middle,Mathematics,Asian,8,SOL,Mathematics,<,<50
2015-2016,2,Albemarle County ,69,Jackson P. Burley Middle,Mathematics,"Black, not of Hispanic origin",8,SOL,Algebra I,<,>50
2015-2016,2,Albemarle County ,69,Jackson P. Burley Middle,Mathematics,"Black, not of Hispanic origin",8,SOL,Geometry,<,>50
2015-2016,2,Albemarle County ,69,Jackson P. Burley Middle,Mathematics,"Black, not of Hispanic origin",8,SOL,Mathematics,              23,    34.78
2015-2016,2,Albemarle County ,69,Jackson P. Burley Middle,Mathematics,Hispanic,8,SOL,Algebra I,<,>50
2015-2016,2,Albemarle County ,69,Jackson P. Burley Middle,Mathematics,Hispanic,8,SOL,Geometry,<,>50
2015-2016,2,Albemarle County ,69,Jackson P. Burley Middle,Mathematics,Hispanic,8,SOL,Mathematics,              15,<50
2015-2016,2,Albemarle County ,69,Jackson P. Burley Middle,Mathematics,"Non-Hispanic, two or more races",8,SOL,Algebra I,<,>50
2015-2016,2,Albemarle County ,69,Jackson P. Burley Middle,Mathematics,"Non-Hispanic, two or more races",8,SOL,Geometry,<,>50
2015-2016,2,Albemarle County ,69,Jackson P. Burley Middle,Mathematics,"Non-Hispanic, two or more races",8,SOL,Mathematics,              10,    60.00
2015-2016,2,Albemarle County ,69,Jackson P. Burley Middle,Mathematics,"White, not of Hispanic origin",8,SOL,Algebra I,              23,    82.61
2015-2016,2,Albemarle County ,69,Jackson P. Burley Middle,Mathematics,"White, not of Hispanic origin",8,SOL,Geometry,              26,100.00
2015-2016,2,Albemarle County ,69,Jackson P. Burley Middle,Mathematics,"White, not of Hispanic origin",8,SOL,Mathematics,              38,    63.16
2015-2016,2,Albemarle County ,942,Joseph T. Henley Middle,Mathematics,Asian,8,SOL,Algebra I,<,>50
2015-2016,2,Albemarle County ,942,Joseph T. Henley Middle,Mathematics,Asian,8,SOL,Geometry,<,>50
2015-2016,2,Albemarle County ,942,Joseph T. Henley Middle,Mathematics,"Black, not of Hispanic origin",8,SOL,Algebra I,<,>50
2015-2016,2,Albemarle County ,942,Joseph T. Henley Middle,Mathematics,"Black, not of Hispanic origin",8,SOL,Mathematics,<,>50
2015-2016,2,Albemarle County ,942,Joseph T. Henley Middle,Mathematics,Hispanic,8,SOL,Algebra I,<,>50
2015-2016,2,Albemarle County ,942,Joseph T. Henley Middle,Mathematics,Hispanic,8,SOL,Geometry,<,>50
2015-2016,2,Albemarle County ,942,Joseph T. Henley Middle,Mathematics,Hispanic,8,SOL,Mathematics,<,>50
2015-2016,2,Albemarle County ,942,Joseph T. Henley Middle,Mathematics,"Non-Hispanic, two or more races",8,SOL,Algebra I,<,>50
2015-2016,2,Albemarle County ,942,Joseph T. Henley Middle,Mathematics,"Non-Hispanic, two or more races",8,SOL,Geometry,<,>50
2015-2016,2,Albemarle County ,942,Joseph T. Henley Middle,Mathematics,"Non-Hispanic, two or more races",8,SOL,Mathematics,<,>50
2015-2016,2,Albemarle County ,942,Joseph T. Henley Middle,Mathematics,"White, not of Hispanic origin",8,SOL,Algebra I,             139,    97.84
2015-2016,2,Albemarle County ,942,Joseph T. Henley Middle,Mathematics,"White, not of Hispanic origin",8,SOL,Geometry,              65,100.00
2015-2016,2,Albemarle County ,942,Joseph T. Henley Middle,Mathematics,"White, not of Hispanic origin",8,SOL,Mathematics,              35,    77.14
2015-2016,2,Albemarle County ,20,Leslie H. Walton Middle,Mathematics,Asian,8,SOL,Algebra I,<,>50
2015-2016,2,Albemarle County ,20,Leslie H. Walton Middle,Mathematics,Asian,8,SOL,Geometry,<,>50
2015-2016,2,Albemarle County ,20,Leslie H. Walton Middle,Mathematics,Asian,8,SOL,Mathematics,<,>50
2015-2016,2,Albemarle County ,20,Leslie H. Walton Middle,Mathematics,"Black, not of Hispanic origin",8,SOL,Algebra I,<,>50
2015-2016,2,Albemarle County ,20,Leslie H. Walton Middle,Mathematics,"Black, not of Hispanic origin",8,SOL,Mathematics,              15,    60.00
2015-2016,2,Albemarle County ,20,Leslie H. Walton Middle,Mathematics,Hispanic,8,SOL,Geometry,<,>50
2015-2016,2,Albemarle County ,20,Leslie H. Walton Middle,Mathematics,Hispanic,8,SOL,Mathematics,<,>50
2015-2016,2,Albemarle County ,20,Leslie H. Walton Middle,Mathematics,"Non-Hispanic, two or more races",8,SOL,Algebra I,<,>50
2015-2016,2,Albemarle County ,20,Leslie H. Walton Middle,Mathematics,"Non-Hispanic, two or more races",8,SOL,Mathematics,<,>50
2015-2016,2,Albemarle County ,20,Leslie H. Walton Middle,Mathematics,"White, not of Hispanic origin",8,SOL,Algebra I,              15,100.00
2015-2016,2,Albemarle County ,20,Leslie H. Walton Middle,Mathematics,"White, not of Hispanic origin",8,SOL,Geometry,              26,100.00
2015-2016,2,Albemarle County ,20,Leslie H. Walton Middle,Mathematics,"White, not of Hispanic origin",8,SOL,Mathematics,              60,    83.33
2015-2016,2,Albemarle County ,1051,Mortimer Y. Sutherland Middle,Mathematics,Asian,8,SOL,Algebra I,<,>50
2015-2016,2,Albemarle County ,1051,Mortimer Y. Sutherland Middle,Mathematics,Asian,8,SOL,Geometry,              11,100.00
2015-2016,2,Albemarle County ,1051,Mortimer Y. Sutherland Middle,Mathematics,"Black, not of Hispanic origin",8,SOL,Algebra I,<,<50
2015-2016,2,Albemarle County ,1051,Mortimer Y. Sutherland Middle,Mathematics,"Black, not of Hispanic origin",8,SOL,Mathematics,<,<50
2015-2016,2,Albemarle County ,1051,Mortimer Y. Sutherland Middle,Mathematics,Hispanic,8,SOL,Algebra I,<,>50
2015-2016,2,Albemarle County ,1051,Mortimer Y. Sutherland Middle,Mathematics,Hispanic,8,SOL,Geometry,<,>50
2015-2016,2,Albemarle County ,1051,Mortimer Y. Sutherland Middle,Mathematics,Hispanic,8,SOL,Mathematics,<,<50
2015-2016,2,Albemarle County ,1051,Mortimer Y. Sutherland Middle,Mathematics,"Non-Hispanic, two or more races",8,SOL,Algebra I,<,>50
2015-2016,2,Albemarle County ,1051,Mortimer Y. Sutherland Middle,Mathematics,"Non-Hispanic, two or more races",8,SOL,Geometry,<,>50
2015-2016,2,Albemarle County ,1051,Mortimer Y. Sutherland Middle,Mathematics,"Non-Hispanic, two or more races",8,SOL,Mathematics,<,>50
2015-2016,2,Albemarle County ,1051,Mortimer Y. Sutherland Middle,Mathematics,"White, not of Hispanic origin",8,SOL,Algebra I,              55,    90.91
2015-2016,2,Albemarle County ,1051,Mortimer Y. Sutherland Middle,Mathematics,"White, not of Hispanic origin",8,SOL,Geometry,              52,100.00
2015-2016,2,Albemarle County ,1051,Mortimer Y. Sutherland Middle,Mathematics,"White, not of Hispanic origin",8,SOL,Mathematics,              24,    41.67
2015-2016,2,Albemarle County ,890,Murray High,Mathematics,"White, not of Hispanic origin",8,SOL,Algebra I,<,>50
2016-2017,2,Albemarle County ,1060,Albemarle County Community Public Charter,Mathematics,Hispanic,8,SOL,Mathematics,<,>50
2016-2017,2,Albemarle County ,1060,Albemarle County Community Public Charter,Mathematics,"Non-Hispanic, two or more races",8,SOL,Mathematics,<,>50
2016-2017,2,Albemarle County ,1060,Albemarle County Community Public Charter,Mathematics,"White, not of Hispanic origin",8,SOL,Mathematics,              10,<50
2016-2017,2,Albemarle County ,950,Jack Jouett Middle,Mathematics,Asian,8,SOL,Algebra I,<,>50
2016-2017,2,Albemarle County ,950,Jack Jouett Middle,Mathematics,Asian,8,SOL,Geometry,<,>50
2016-2017,2,Albemarle County ,950,Jack Jouett Middle,Mathematics,Asian,8,SOL,Mathematics,<,>50
2016-2017,2,Albemarle County ,950,Jack Jouett Middle,Mathematics,"Black, not of Hispanic origin",8,SOL,Algebra I,<,>50
2016-2017,2,Albemarle County ,950,Jack Jouett Middle,Mathematics,"Black, not of Hispanic origin",8,SOL,Geometry,<,>50
2016-2017,2,Albemarle County ,950,Jack Jouett Middle,Mathematics,"Black, not of Hispanic origin",8,SOL,Mathematics,              27,    40.74
2016-2017,2,Albemarle County ,950,Jack Jouett Middle,Mathematics,Hispanic,8,SOL,Algebra I,              12,100.00
2016-2017,2,Albemarle County ,950,Jack Jouett Middle,Mathematics,Hispanic,8,SOL,Geometry,<,>50
2016-2017,2,Albemarle County ,950,Jack Jouett Middle,Mathematics,Hispanic,8,SOL,Mathematics,              25,    84.00
2016-2017,2,Albemarle County ,950,Jack Jouett Middle,Mathematics,"Non-Hispanic, two or more races",8,SOL,Algebra I,<,>50
2016-2017,2,Albemarle County ,950,Jack Jouett Middle,Mathematics,"Non-Hispanic, two or more races",8,SOL,Geometry,<,>50
2016-2017,2,Albemarle County ,950,Jack Jouett Middle,Mathematics,"Non-Hispanic, two or more races",8,SOL,Mathematics,<,>50
2016-2017,2,Albemarle County ,950,Jack Jouett Middle,Mathematics,"White, not of Hispanic origin",8,SOL,Algebra I,              47,100.00
2016-2017,2,Albemarle County ,950,Jack Jouett Middle,Mathematics,"White, not of Hispanic origin",8,SOL,Geometry,              32,100.00
2016-2017,2,Albemarle County ,950,Jack Jouett Middle,Mathematics,"White, not of Hispanic origin",8,SOL,Mathematics,              14,    71.43
2016-2017,2,Albemarle County ,69,Jackson P. Burley Middle,Mathematics,American Indian or Alaska Native,8,SOL,Mathematics,<,>50
2016-2017,2,Albemarle County ,69,Jackson P. Burley Middle,Mathematics,Asian,8,SOL,Algebra I,<,>50
2016-2017,2,Albemarle County ,69,Jackson P. Burley Middle,Mathematics,Asian,8,SOL,Geometry,<,>50
2016-2017,2,Albemarle County ,69,Jackson P. Burley Middle,Mathematics,Asian,8,SOL,Mathematics,<,>50
2016-2017,2,Albemarle County ,69,Jackson P. Burley Middle,Mathematics,"Black, not of Hispanic origin",8,SOL,Algebra I,<,>50
2016-2017,2,Albemarle County ,69,Jackson P. Burley Middle,Mathematics,"Black, not of Hispanic origin",8,SOL,Geometry,<,>50
2016-2017,2,Albemarle County ,69,Jackson P. Burley Middle,Mathematics,"Black, not of Hispanic origin",8,SOL,Mathematics,              28,    71.43
2016-2017,2,Albemarle County ,69,Jackson P. Burley Middle,Mathematics,Hispanic,8,SOL,Algebra I,<,>50
2016-2017,2,Albemarle County ,69,Jackson P. Burley Middle,Mathematics,Hispanic,8,SOL,Geometry,<,>50
2016-2017,2,Albemarle County ,69,Jackson P. Burley Middle,Mathematics,Hispanic,8,SOL,Mathematics,              30,    60.00
2016-2017,2,Albemarle County ,69,Jackson P. Burley Middle,Mathematics,"Non-Hispanic, two or more races",8,SOL,Algebra I,<,>50
2016-2017,2,Albemarle County ,69,Jackson P. Burley Middle,Mathematics,"Non-Hispanic, two or more races",8,SOL,Geometry,<,>50
2016-2017,2,Albemarle County ,69,Jackson P. Burley Middle,Mathematics,"Non-Hispanic, two or more races",8,SOL,Mathematics,<,<50
2016-2017,2,Albemarle County ,69,Jackson P. Burley Middle,Mathematics,"White, not of Hispanic origin",8,SOL,Algebra I,              26,100.00
2016-2017,2,Albemarle County ,69,Jackson P. Burley Middle,Mathematics,"White, not of Hispanic origin",8,SOL,Geometry,              29,100.00
2016-2017,2,Albemarle County ,69,Jackson P. Burley Middle,Mathematics,"White, not of Hispanic origin",8,SOL,Mathematics,              36,    88.89
2016-2017,2,Albemarle County ,942,Joseph T. Henley Middle,Mathematics,Asian,8,SOL,Algebra I,<,>50
2016-2017,2,Albemarle County ,942,Joseph T. Henley Middle,Mathematics,Asian,8,SOL,Geometry,<,>50
2016-2017,2,Albemarle County ,942,Joseph T. Henley Middle,Mathematics,"Black, not of Hispanic origin",8,SOL,Algebra I,<,>50
2016-2017,2,Albemarle County ,942,Joseph T. Henley Middle,Mathematics,"Black, not of Hispanic origin",8,SOL,Mathematics,<,<50
2016-2017,2,Albemarle County ,942,Joseph T. Henley Middle,Mathematics,Hispanic,8,SOL,Algebra I,<,>50
2016-2017,2,Albemarle County ,942,Joseph T. Henley Middle,Mathematics,Hispanic,8,SOL,Geometry,<,>50
2016-2017,2,Albemarle County ,942,Joseph T. Henley Middle,Mathematics,Hispanic,8,SOL,Mathematics,<,>50
2016-2017,2,Albemarle County ,942,Joseph T. Henley Middle,Mathematics,"Non-Hispanic, two or more races",8,SOL,Algebra I,<,>50
2016-2017,2,Albemarle County ,942,Joseph T. Henley Middle,Mathematics,"Non-Hispanic, two or more races",8,SOL,Geometry,<,>50
2016-2017,2,Albemarle County ,942,Joseph T. Henley Middle,Mathematics,"White, not of Hispanic origin",8,SOL,Algebra I,             133,    96.24
2016-2017,2,Albemarle County ,942,Joseph T. Henley Middle,Mathematics,"White, not of Hispanic origin",8,SOL,Geometry,              61,100.00
2016-2017,2,Albemarle County ,942,Joseph T. Henley Middle,Mathematics,"White, not of Hispanic origin",8,SOL,Mathematics,              38,    60.53
2016-2017,2,Albemarle County ,20,Leslie H. Walton Middle,Mathematics,Asian,8,SOL,Algebra I,<,>50
2016-2017,2,Albemarle County ,20,Leslie H. Walton Middle,Mathematics,Asian,8,SOL,Geometry,<,>50
2016-2017,2,Albemarle County ,20,Leslie H. Walton Middle,Mathematics,Asian,8,SOL,Mathematics,<,>50
2016-2017,2,Albemarle County ,20,Leslie H. Walton Middle,Mathematics,"Black, not of Hispanic origin",8,SOL,Algebra I,<,>50
2016-2017,2,Albemarle County ,20,Leslie H. Walton Middle,Mathematics,"Black, not of Hispanic origin",8,SOL,Mathematics,              13,    69.23
2016-2017,2,Albemarle County ,20,Leslie H. Walton Middle,Mathematics,Hispanic,8,SOL,Algebra I,<,>50
2016-2017,2,Albemarle County ,20,Leslie H. Walton Middle,Mathematics,Hispanic,8,SOL,Geometry,<,>50
2016-2017,2,Albemarle County ,20,Leslie H. Walton Middle,Mathematics,Hispanic,8,SOL,Mathematics,<,>50
2016-2017,2,Albemarle County ,20,Leslie H. Walton Middle,Mathematics,"Non-Hispanic, two or more races",8,SOL,Algebra I,<,>50
2016-2017,2,Albemarle County ,20,Leslie H. Walton Middle,Mathematics,"Non-Hispanic, two or more races",8,SOL,Geometry,<,>50
2016-2017,2,Albemarle County ,20,Leslie H. Walton Middle,Mathematics,"Non-Hispanic, two or more races",8,SOL,Mathematics,<,>50
2016-2017,2,Albemarle County ,20,Leslie H. Walton Middle,Mathematics,"White, not of Hispanic origin",8,SOL,Algebra I,              10,    90.00
2016-2017,2,Albemarle County ,20,Leslie H. Walton Middle,Mathematics,"White, not of Hispanic origin",8,SOL,Geometry,              24,100.00
2016-2017,2,Albemarle County ,20,Leslie H. Walton Middle,Mathematics,"White, not of Hispanic origin",8,SOL,Mathematics,              25,    88.00
2016-2017,2,Albemarle County ,1051,Mortimer Y. Sutherland Middle,Mathematics,Asian,8,SOL,Algebra I,<,>50
2016-2017,2,Albemarle County ,1051,Mortimer Y. Sutherland Middle,Mathematics,Asian,8,SOL,Geometry,              14,100.00
2016-2017,2,Albemarle County ,1051,Mortimer Y. Sutherland Middle,Mathematics,"Black, not of Hispanic origin",8,SOL,Algebra I,<,>50
2016-2017,2,Albemarle County ,1051,Mortimer Y. Sutherland Middle,Mathematics,"Black, not of Hispanic origin",8,SOL,Mathematics,<,<50
2016-2017,2,Albemarle County ,1051,Mortimer Y. Sutherland Middle,Mathematics,Hispanic,8,SOL,Algebra I,<,>50
2016-2017,2,Albemarle County ,1051,Mortimer Y. Sutherland Middle,Mathematics,Hispanic,8,SOL,Geometry,<,>50
2016-2017,2,Albemarle County ,1051,Mortimer Y. Sutherland Middle,Mathematics,Hispanic,8,SOL,Mathematics,<,>50
2016-2017,2,Albemarle County ,1051,Mortimer Y. Sutherland Middle,Mathematics,"Non-Hispanic, two or more races",8,SOL,Algebra I,<,>50
2016-2017,2,Albemarle County ,1051,Mortimer Y. Sutherland Middle,Mathematics,"Non-Hispanic, two or more races",8,SOL,Geometry,<,>50
2016-2017,2,Albemarle County ,1051,Mortimer Y. Sutherland Middle,Mathematics,"Non-Hispanic, two or more races",8,SOL,Mathematics,<,<50
2016-2017,2,Albemarle County ,1051,Mortimer Y. Sutherland Middle,Mathematics,"White, not of Hispanic origin",8,SOL,Algebra I,              56,    91.07
2016-2017,2,Albemarle County ,1051,Mortimer Y. Sutherland Middle,Mathematics,"White, not of Hispanic origin",8,SOL,Geometry,              40,100.00
2016-2017,2,Albemarle County ,1051,Mortimer Y. Sutherland Middle,Mathematics,"White, not of Hispanic origin",8,SOL,Mathematics,              22,    68.18
2016-2017,2,Albemarle County ,890,Murray High,Mathematics,Hispanic,8,SOL,Algebra I,<,>50
2016-2017,2,Albemarle County ,890,Murray High,Mathematics,"White, not of Hispanic origin",8,SOL,Algebra I,<,>50
2017-2018,2,Albemarle County ,1060,Albemarle County Community Public Charter,Mathematics,"Black, not of Hispanic origin",8,SOL,Mathematics,<,<50
2017-2018,2,Albemarle County ,1060,Albemarle County Community Public Charter,Mathematics,"Non-Hispanic, two or more races",8,SOL,Mathematics,<,<50
2017-2018,2,Albemarle County ,1060,Albemarle County Community Public Charter,Mathematics,"White, not of Hispanic origin",8,SOL,Algebra I,<,<50
2017-2018,2,Albemarle County ,1060,Albemarle County Community Public Charter,Mathematics,"White, not of Hispanic origin",8,SOL,Geometry,<,>50
2017-2018,2,Albemarle County ,1060,Albemarle County Community Public Charter,Mathematics,"White, not of Hispanic origin",8,SOL,Mathematics,<,<50
2017-2018,2,Albemarle County ,950,Jack Jouett Middle,Mathematics,Asian,8,SOL,Algebra I,<,>50
2017-2018,2,Albemarle County ,950,Jack Jouett Middle,Mathematics,Asian,8,SOL,Geometry,<,>50
2017-2018,2,Albemarle County ,950,Jack Jouett Middle,Mathematics,"Black, not of Hispanic origin",8,SOL,Algebra I,<,>50
2017-2018,2,Albemarle County ,950,Jack Jouett Middle,Mathematics,"Black, not of Hispanic origin",8,SOL,Geometry,<,>50
2017-2018,2,Albemarle County ,950,Jack Jouett Middle,Mathematics,"Black, not of Hispanic origin",8,SOL,Mathematics,              25,    20.00
2017-2018,2,Albemarle County ,950,Jack Jouett Middle,Mathematics,Hispanic,8,SOL,Algebra I,              10,    90.00
2017-2018,2,Albemarle County ,950,Jack Jouett Middle,Mathematics,Hispanic,8,SOL,Mathematics,              31,    51.61
2017-2018,2,Albemarle County ,950,Jack Jouett Middle,Mathematics,"Non-Hispanic, two or more races",8,SOL,Algebra I,<,>50
2017-2018,2,Albemarle County ,950,Jack Jouett Middle,Mathematics,"Non-Hispanic, two or more races",8,SOL,Geometry,<,>50
2017-2018,2,Albemarle County ,950,Jack Jouett Middle,Mathematics,"Non-Hispanic, two or more races",8,SOL,Mathematics,<,>50
2017-2018,2,Albemarle County ,950,Jack Jouett Middle,Mathematics,"White, not of Hispanic origin",8,SOL,Algebra I,              31,    93.55
2017-2018,2,Albemarle County ,950,Jack Jouett Middle,Mathematics,"White, not of Hispanic origin",8,SOL,Geometry,              31,100.00
2017-2018,2,Albemarle County ,950,Jack Jouett Middle,Mathematics,"White, not of Hispanic origin",8,SOL,Mathematics,              24,    70.83
2017-2018,2,Albemarle County ,69,Jackson P. Burley Middle,Mathematics,Asian,8,SOL,Algebra I,<,>50
2017-2018,2,Albemarle County ,69,Jackson P. Burley Middle,Mathematics,Asian,8,SOL,Geometry,<,>50
2017-2018,2,Albemarle County ,69,Jackson P. Burley Middle,Mathematics,Asian,8,SOL,Mathematics,<,>50
2017-2018,2,Albemarle County ,69,Jackson P. Burley Middle,Mathematics,"Black, not of Hispanic origin",8,SOL,Algebra I,<,>50
2017-2018,2,Albemarle County ,69,Jackson P. Burley Middle,Mathematics,"Black, not of Hispanic origin",8,SOL,Geometry,<,>50
2017-2018,2,Albemarle County ,69,Jackson P. Burley Middle,Mathematics,"Black, not of Hispanic origin",8,SOL,Mathematics,              20,    50.00
2017-2018,2,Albemarle County ,69,Jackson P. Burley Middle,Mathematics,Hispanic,8,SOL,Algebra I,<,>50
2017-2018,2,Albemarle County ,69,Jackson P. Burley Middle,Mathematics,Hispanic,8,SOL,Geometry,<,>50
2017-2018,2,Albemarle County ,69,Jackson P. Burley Middle,Mathematics,Hispanic,8,SOL,Mathematics,              33,    60.61
2017-2018,2,Albemarle County ,69,Jackson P. Burley Middle,Mathematics,"Non-Hispanic, two or more races",8,SOL,Algebra I,<,>50
2017-2018,2,Albemarle County ,69,Jackson P. Burley Middle,Mathematics,"Non-Hispanic, two or more races",8,SOL,Geometry,<,>50
2017-2018,2,Albemarle County ,69,Jackson P. Burley Middle,Mathematics,"Non-Hispanic, two or more races",8,SOL,Mathematics,<,>50
2017-2018,2,Albemarle County ,69,Jackson P. Burley Middle,Mathematics,"White, not of Hispanic origin",8,SOL,Algebra I,              29,    96.55
2017-2018,2,Albemarle County ,69,Jackson P. Burley Middle,Mathematics,"White, not of Hispanic origin",8,SOL,Geometry,              25,100.00
2017-2018,2,Albemarle County ,69,Jackson P. Burley Middle,Mathematics,"White, not of Hispanic origin",8,SOL,Mathematics,              24,    79.17
2017-2018,2,Albemarle County ,942,Joseph T. Henley Middle,Mathematics,American Indian or Alaska Native,8,SOL,Algebra I,<,>50
2017-2018,2,Albemarle County ,942,Joseph T. Henley Middle,Mathematics,Asian,8,SOL,Algebra I,<,>50
2017-2018,2,Albemarle County ,942,Joseph T. Henley Middle,Mathematics,Asian,8,SOL,Geometry,<,>50
2017-2018,2,Albemarle County ,942,Joseph T. Henley Middle,Mathematics,Asian,8,SOL,Mathematics,<,>50
2017-2018,2,Albemarle County ,942,Joseph T. Henley Middle,Mathematics,"Black, not of Hispanic origin",8,SOL,Algebra I,<,>50
2017-2018,2,Albemarle County ,942,Joseph T. Henley Middle,Mathematics,"Black, not of Hispanic origin",8,SOL,Geometry,<,>50
2017-2018,2,Albemarle County ,942,Joseph T. Henley Middle,Mathematics,"Black, not of Hispanic origin",8,SOL,Mathematics,<,>50
2017-2018,2,Albemarle County ,942,Joseph T. Henley Middle,Mathematics,Hispanic,8,SOL,Algebra I,<,>50
2017-2018,2,Albemarle County ,942,Joseph T. Henley Middle,Mathematics,Hispanic,8,SOL,Geometry,<,>50
2017-2018,2,Albemarle County ,942,Joseph T. Henley Middle,Mathematics,Hispanic,8,SOL,Mathematics,<,>50
2017-2018,2,Albemarle County ,942,Joseph T. Henley Middle,Mathematics,Native Hawaiian  or Pacific Islander,8,SOL,Mathematics,<,>50
2017-2018,2,Albemarle County ,942,Joseph T. Henley Middle,Mathematics,"Non-Hispanic, two or more races",8,SOL,Algebra I,<,>50
2017-2018,2,Albemarle County ,942,Joseph T. Henley Middle,Mathematics,"Non-Hispanic, two or more races",8,SOL,Geometry,<,>50
2017-2018,2,Albemarle County ,942,Joseph T. Henley Middle,Mathematics,"Non-Hispanic, two or more races",8,SOL,Mathematics,<,>50
2017-2018,2,Albemarle County ,942,Joseph T. Henley Middle,Mathematics,"White, not of Hispanic origin",8,SOL,Algebra I,             136,    93.38
2017-2018,2,Albemarle County ,942,Joseph T. Henley Middle,Mathematics,"White, not of Hispanic origin",8,SOL,Geometry,              66,100.00
2017-2018,2,Albemarle County ,942,Joseph T. Henley Middle,Mathematics,"White, not of Hispanic origin",8,SOL,Mathematics,              49,    63.27
2017-2018,2,Albemarle County ,20,Leslie H. Walton Middle,Mathematics,"Black, not of Hispanic origin",8,SOL,Algebra I,<,>50
2017-2018,2,Albemarle County ,20,Leslie H. Walton Middle,Mathematics,"Black, not of Hispanic origin",8,SOL,Geometry,<,>50
2017-2018,2,Albemarle County ,20,Leslie H. Walton Middle,Mathematics,"Black, not of Hispanic origin",8,SOL,Mathematics,<,>50
2017-2018,2,Albemarle County ,20,Leslie H. Walton Middle,Mathematics,Hispanic,8,SOL,Algebra I,<,>50
2017-2018,2,Albemarle County ,20,Leslie H. Walton Middle,Mathematics,Hispanic,8,SOL,Mathematics,<,>50
2017-2018,2,Albemarle County ,20,Leslie H. Walton Middle,Mathematics,"Non-Hispanic, two or more races",8,SOL,Algebra I,<,>50
2017-2018,2,Albemarle County ,20,Leslie H. Walton Middle,Mathematics,"Non-Hispanic, two or more races",8,SOL,Geometry,<,>50
2017-2018,2,Albemarle County ,20,Leslie H. Walton Middle,Mathematics,"Non-Hispanic, two or more races",8,SOL,Mathematics,<,>50
2017-2018,2,Albemarle County ,20,Leslie H. Walton Middle,Mathematics,"White, not of Hispanic origin",8,SOL,Algebra I,              15,100.00
2017-2018,2,Albemarle County ,20,Leslie H. Walton Middle,Mathematics,"White, not of Hispanic origin",8,SOL,Geometry,              25,100.00
2017-2018,2,Albemarle County ,20,Leslie H. Walton Middle,Mathematics,"White, not of Hispanic origin",8,SOL,Mathematics,              41,    65.85
2017-2018,2,Albemarle County ,1051,Mortimer Y. Sutherland Middle,Mathematics,American Indian or Alaska Native,8,SOL,Mathematics,<,<50
2017-2018,2,Albemarle County ,1051,Mortimer Y. Sutherland Middle,Mathematics,Asian,8,SOL,Algebra I,<,>50
2017-2018,2,Albemarle County ,1051,Mortimer Y. Sutherland Middle,Mathematics,Asian,8,SOL,Geometry,<,>50
2017-2018,2,Albemarle County ,1051,Mortimer Y. Sutherland Middle,Mathematics,Asian,8,SOL,Mathematics,<,>50
2017-2018,2,Albemarle County ,1051,Mortimer Y. Sutherland Middle,Mathematics,"Black, not of Hispanic origin",8,SOL,Algebra I,<,>50
2017-2018,2,Albemarle County ,1051,Mortimer Y. Sutherland Middle,Mathematics,"Black, not of Hispanic origin",8,SOL,Geometry,<,>50
2017-2018,2,Albemarle County ,1051,Mortimer Y. Sutherland Middle,Mathematics,"Black, not of Hispanic origin",8,SOL,Mathematics,<,<50
2017-2018,2,Albemarle County ,1051,Mortimer Y. Sutherland Middle,Mathematics,Hispanic,8,SOL,Algebra I,<,>50
2017-2018,2,Albemarle County ,1051,Mortimer Y. Sutherland Middle,Mathematics,Hispanic,8,SOL,Geometry,<,>50
2017-2018,2,Albemarle County ,1051,Mortimer Y. Sutherland Middle,Mathematics,Hispanic,8,SOL,Mathematics,<,<50
2017-2018,2,Albemarle County ,1051,Mortimer Y. Sutherland Middle,Mathematics,"Non-Hispanic, two or more races",8,SOL,Algebra I,<,>50
2017-2018,2,Albemarle County ,1051,Mortimer Y. Sutherland Middle,Mathematics,"Non-Hispanic, two or more races",8,SOL,Geometry,<,>50
2017-2018,2,Albemarle County ,1051,Mortimer Y. Sutherland Middle,Mathematics,"Non-Hispanic, two or more races",8,SOL,Mathematics,<,<50
2017-2018,2,Albemarle County ,1051,Mortimer Y. Sutherland Middle,Mathematics,"White, not of Hispanic origin",8,SOL,Algebra I,              59,    91.53
2017-2018,2,Albemarle County ,1051,Mortimer Y. Sutherland Middle,Mathematics,"White, not of Hispanic origin",8,SOL,Geometry,              53,100.00
2017-2018,2,Albemarle County ,1051,Mortimer Y. Sutherland Middle,Mathematics,"White, not of Hispanic origin",8,SOL,Mathematics,              30,    53.33
2018-2019,2,Albemarle County ,1060,Albemarle County Community Public Charter,Mathematics,"Black, not of Hispanic origin",8,SOL,Mathematics,<,<50
2018-2019,2,Albemarle County ,1060,Albemarle County Community Public Charter,Mathematics,Hispanic,8,SOL,Geometry,<,>50
2018-2019,2,Albemarle County ,1060,Albemarle County Community Public Charter,Mathematics,"Non-Hispanic, two or more races",8,SOL,Mathematics,<,>50
2018-2019,2,Albemarle County ,1060,Albemarle County Community Public Charter,Mathematics,"White, not of Hispanic origin",8,SOL,Algebra I,<,>50
2018-2019,2,Albemarle County ,1060,Albemarle County Community Public Charter,Mathematics,"White, not of Hispanic origin",8,SOL,Geometry,<,>50
2018-2019,2,Albemarle County ,1060,Albemarle County Community Public Charter,Mathematics,"White, not of Hispanic origin",8,SOL,Mathematics,<,<50
2018-2019,2,Albemarle County ,950,Jack Jouett Middle,Mathematics,American Indian or Alaska Native,8,SOL,Mathematics,<,>50
2018-2019,2,Albemarle County ,950,Jack Jouett Middle,Mathematics,Asian,8,SOL,Algebra I,<,>50
2018-2019,2,Albemarle County ,950,Jack Jouett Middle,Mathematics,Asian,8,SOL,Geometry,<,>50
2018-2019,2,Albemarle County ,950,Jack Jouett Middle,Mathematics,Asian,8,SOL,Mathematics,<,>50
2018-2019,2,Albemarle County ,950,Jack Jouett Middle,Mathematics,"Black, not of Hispanic origin",8,SOL,Algebra I,              12,    91.67
2018-2019,2,Albemarle County ,950,Jack Jouett Middle,Mathematics,"Black, not of Hispanic origin",8,SOL,Geometry,<,>50
2018-2019,2,Albemarle County ,950,Jack Jouett Middle,Mathematics,"Black, not of Hispanic origin",8,SOL,Mathematics,              30,    46.67
2018-2019,2,Albemarle County ,950,Jack Jouett Middle,Mathematics,Hispanic,8,SOL,Algebra I,              11,100.00
2018-2019,2,Albemarle County ,950,Jack Jouett Middle,Mathematics,Hispanic,8,SOL,Geometry,<,>50
2018-2019,2,Albemarle County ,950,Jack Jouett Middle,Mathematics,Hispanic,8,SOL,Mathematics,              19,    78.95
2018-2019,2,Albemarle County ,950,Jack Jouett Middle,Mathematics,Native Hawaiian  or Pacific Islander,8,SOL,Mathematics,<,<50
2018-2019,2,Albemarle County ,950,Jack Jouett Middle,Mathematics,"Non-Hispanic, two or more races",8,SOL,Algebra I,<,>50
2018-2019,2,Albemarle County ,950,Jack Jouett Middle,Mathematics,"Non-Hispanic, two or more races",8,SOL,Geometry,<,>50
2018-2019,2,Albemarle County ,950,Jack Jouett Middle,Mathematics,"Non-Hispanic, two or more races",8,SOL,Mathematics,<,>50
2018-2019,2,Albemarle County ,950,Jack Jouett Middle,Mathematics,"White, not of Hispanic origin",8,SOL,Algebra I,              41,100.00
2018-2019,2,Albemarle County ,950,Jack Jouett Middle,Mathematics,"White, not of Hispanic origin",8,SOL,Geometry,              32,100.00
2018-2019,2,Albemarle County ,950,Jack Jouett Middle,Mathematics,"White, not of Hispanic origin",8,SOL,Mathematics,              14,    71.43
2018-2019,2,Albemarle County ,69,Jackson P. Burley Middle,Mathematics,Asian,8,SOL,Algebra I,<,>50
2018-2019,2,Albemarle County ,69,Jackson P. Burley Middle,Mathematics,Asian,8,SOL,Geometry,<,>50
2018-2019,2,Albemarle County ,69,Jackson P. Burley Middle,Mathematics,Asian,8,SOL,Mathematics,<,>50
2018-2019,2,Albemarle County ,69,Jackson P. Burley Middle,Mathematics,"Black, not of Hispanic origin",8,SOL,Algebra I,<,>50
2018-2019,2,Albemarle County ,69,Jackson P. Burley Middle,Mathematics,"Black, not of Hispanic origin",8,SOL,Geometry,<,>50
2018-2019,2,Albemarle County ,69,Jackson P. Burley Middle,Mathematics,"Black, not of Hispanic origin",8,SOL,Mathematics,              34,    64.71
2018-2019,2,Albemarle County ,69,Jackson P. Burley Middle,Mathematics,Hispanic,8,SOL,Algebra I,<,>50
2018-2019,2,Albemarle County ,69,Jackson P. Burley Middle,Mathematics,Hispanic,8,SOL,Mathematics,              29,    68.97
2018-2019,2,Albemarle County ,69,Jackson P. Burley Middle,Mathematics,"Non-Hispanic, two or more races",8,SOL,Algebra I,<,>50
2018-2019,2,Albemarle County ,69,Jackson P. Burley Middle,Mathematics,"Non-Hispanic, two or more races",8,SOL,Geometry,<,>50
2018-2019,2,Albemarle County ,69,Jackson P. Burley Middle,Mathematics,"Non-Hispanic, two or more races",8,SOL,Mathematics,<,>50
2018-2019,2,Albemarle County ,69,Jackson P. Burley Middle,Mathematics,"White, not of Hispanic origin",8,SOL,Algebra I,              45,    93.33
2018-2019,2,Albemarle County ,69,Jackson P. Burley Middle,Mathematics,"White, not of Hispanic origin",8,SOL,Geometry,              31,100.00
2018-2019,2,Albemarle County ,69,Jackson P. Burley Middle,Mathematics,"White, not of Hispanic origin",8,SOL,Mathematics,              26,    88.46
2018-2019,2,Albemarle County ,942,Joseph T. Henley Middle,Mathematics,Asian,8,SOL,Algebra I,<,>50
2018-2019,2,Albemarle County ,942,Joseph T. Henley Middle,Mathematics,Asian,8,SOL,Geometry,<,>50
2018-2019,2,Albemarle County ,942,Joseph T. Henley Middle,Mathematics,Asian,8,SOL,Mathematics,<,>50
2018-2019,2,Albemarle County ,942,Joseph T. Henley Middle,Mathematics,"Black, not of Hispanic origin",8,SOL,Algebra I,<,>50
2018-2019,2,Albemarle County ,942,Joseph T. Henley Middle,Mathematics,"Black, not of Hispanic origin",8,SOL,Mathematics,<,>50
2018-2019,2,Albemarle County ,942,Joseph T. Henley Middle,Mathematics,Hispanic,8,SOL,Algebra I,              10,100.00
2018-2019,2,Albemarle County ,942,Joseph T. Henley Middle,Mathematics,Hispanic,8,SOL,Geometry,<,>50
2018-2019,2,Albemarle County ,942,Joseph T. Henley Middle,Mathematics,Hispanic,8,SOL,Mathematics,<,>50
2018-2019,2,Albemarle County ,942,Joseph T. Henley Middle,Mathematics,"Non-Hispanic, two or more races",8,SOL,Algebra I,<,>50
2018-2019,2,Albemarle County ,942,Joseph T. Henley Middle,Mathematics,"Non-Hispanic, two or more races",8,SOL,Geometry,<,>50
2018-2019,2,Albemarle County ,942,Joseph T. Henley Middle,Mathematics,"Non-Hispanic, two or more races",8,SOL,Mathematics,<,<50
2018-2019,2,Albemarle County ,942,Joseph T. Henley Middle,Mathematics,"White, not of Hispanic origin",8,SOL,Algebra I,             132,    98.48
2018-2019,2,Albemarle County ,942,Joseph T. Henley Middle,Mathematics,"White, not of Hispanic origin",8,SOL,Geometry,              74,100.00
2018-2019,2,Albemarle County ,942,Joseph T. Henley Middle,Mathematics,"White, not of Hispanic origin",8,SOL,Mathematics,              49,    75.51
2018-2019,2,Albemarle County ,20,Leslie H. Walton Middle,Mathematics,Asian,8,SOL,Algebra I,<,>50
2018-2019,2,Albemarle County ,20,Leslie H. Walton Middle,Mathematics,Asian,8,SOL,Geometry,<,>50
2018-2019,2,Albemarle County ,20,Leslie H. Walton Middle,Mathematics,Asian,8,SOL,Mathematics,<,>50
2018-2019,2,Albemarle County ,20,Leslie H. Walton Middle,Mathematics,"Black, not of Hispanic origin",8,SOL,Algebra I,<,>50
2018-2019,2,Albemarle County ,20,Leslie H. Walton Middle,Mathematics,"Black, not of Hispanic origin",8,SOL,Geometry,<,>50
2018-2019,2,Albemarle County ,20,Leslie H. Walton Middle,Mathematics,"Black, not of Hispanic origin",8,SOL,Mathematics,<,>50
2018-2019,2,Albemarle County ,20,Leslie H. Walton Middle,Mathematics,Hispanic,8,SOL,Algebra I,<,>50
2018-2019,2,Albemarle County ,20,Leslie H. Walton Middle,Mathematics,Hispanic,8,SOL,Geometry,<,>50
2018-2019,2,Albemarle County ,20,Leslie H. Walton Middle,Mathematics,Hispanic,8,SOL,Mathematics,<,>50
2018-2019,2,Albemarle County ,20,Leslie H. Walton Middle,Mathematics,"Non-Hispanic, two or more races",8,SOL,Algebra I,<,>50
2018-2019,2,Albemarle County ,20,Leslie H. Walton Middle,Mathematics,"Non-Hispanic, two or more races",8,SOL,Geometry,<,>50
2018-2019,2,Albemarle County ,20,Leslie H. Walton Middle,Mathematics,"Non-Hispanic, two or more races",8,SOL,Mathematics,<,>50
2018-2019,2,Albemarle County ,20,Leslie H. Walton Middle,Mathematics,"White, not of Hispanic origin",8,SOL,Algebra I,              34,    97.06
2018-2019,2,Albemarle County ,20,Leslie H. Walton Middle,Mathematics,"White, not of Hispanic origin",8,SOL,Geometry,              25,100.00
2018-2019,2,Albemarle County ,20,Leslie H. Walton Middle,Mathematics,"White, not of Hispanic origin",8,SOL,Mathematics,              41,    68.29
2018-2019,2,Albemarle County ,1051,Mortimer Y. Sutherland Middle,Mathematics,Asian,8,SOL,Algebra I,<,>50
2018-2019,2,Albemarle County ,1051,Mortimer Y. Sutherland Middle,Mathematics,Asian,8,SOL,Geometry,              13,100.00
2018-2019,2,Albemarle County ,1051,Mortimer Y. Sutherland Middle,Mathematics,Asian,8,SOL,Mathematics,<,<50
2018-2019,2,Albemarle County ,1051,Mortimer Y. Sutherland Middle,Mathematics,"Black, not of Hispanic origin",8,SOL,Algebra I,<,>50
2018-2019,2,Albemarle County ,1051,Mortimer Y. Sutherland Middle,Mathematics,"Black, not of Hispanic origin",8,SOL,Geometry,<,>50
2018-2019,2,Albemarle County ,1051,Mortimer Y. Sutherland Middle,Mathematics,"Black, not of Hispanic origin",8,SOL,Mathematics,<,>50
2018-2019,2,Albemarle County ,1051,Mortimer Y. Sutherland Middle,Mathematics,Hispanic,8,SOL,Algebra I,<,>50
2018-2019,2,Albemarle County ,1051,Mortimer Y. Sutherland Middle,Mathematics,Hispanic,8,SOL,Mathematics,<,<50
2018-2019,2,Albemarle County ,1051,Mortimer Y. Sutherland Middle,Mathematics,"Non-Hispanic, two or more races",8,SOL,Algebra I,<,>50
2018-2019,2,Albemarle County ,1051,Mortimer Y. Sutherland Middle,Mathematics,"Non-Hispanic, two or more races",8,SOL,Geometry,<,>50
2018-2019,2,Albemarle County ,1051,Mortimer Y. Sutherland Middle,Mathematics,"Non-Hispanic, two or more races",8,SOL,Mathematics,<,>50
2018-2019,2,Albemarle County ,1051,Mortimer Y. Sutherland Middle,Mathematics,"White, not of Hispanic origin",8,SOL,Algebra I,              51,    98.04
2018-2019,2,Albemarle County ,1051,Mortimer Y. Sutherland Middle,Mathematics,"White, not of Hispanic origin",8,SOL,Geometry,              44,100.00
2018-2019,2,Albemarle County ,1051,Mortimer Y. Sutherland Middle,Mathematics,"White, not of Hispanic origin",8,SOL,Mathematics,              21,    52.38
2020-2021,2,Albemarle County ,950,Jack Jouett Middle,Mathematics,Asian,8,SOL,Algebra I,<,>50
2020-2021,2,Albemarle County ,950,Jack Jouett Middle,Mathematics,Asian,8,SOL,Geometry,<,>50
2020-2021,2,Albemarle County ,950,Jack Jouett Middle,Mathematics,Asian,8,SOL,Mathematics,<,<50
2020-2021,2,Albemarle County ,950,Jack Jouett Middle,Mathematics,"Black, not of Hispanic origin",8,SOL,Algebra I,<,>50
2020-2021,2,Albemarle County ,950,Jack Jouett Middle,Mathematics,"Black, not of Hispanic origin",8,SOL,Geometry,<,>50
2020-2021,2,Albemarle County ,950,Jack Jouett Middle,Mathematics,"Black, not of Hispanic origin",8,SOL,Mathematics,<,<50
2020-2021,2,Albemarle County ,950,Jack Jouett Middle,Mathematics,Hispanic,8,SOL,Algebra I,              12,100.00
2020-2021,2,Albemarle County ,950,Jack Jouett Middle,Mathematics,Hispanic,8,SOL,Mathematics,<,<50
2020-2021,2,Albemarle County ,950,Jack Jouett Middle,Mathematics,"Non-Hispanic, two or more races",8,SOL,Algebra I,<,>50
2020-2021,2,Albemarle County ,950,Jack Jouett Middle,Mathematics,"Non-Hispanic, two or more races",8,SOL,Geometry,<,>50
2020-2021,2,Albemarle County ,950,Jack Jouett Middle,Mathematics,"Non-Hispanic, two or more races",8,SOL,Mathematics,<,<50
2020-2021,2,Albemarle County ,950,Jack Jouett Middle,Mathematics,"White, not of Hispanic origin",8,SOL,Algebra I,              28,    96.43
2020-2021,2,Albemarle County ,950,Jack Jouett Middle,Mathematics,"White, not of Hispanic origin",8,SOL,Geometry,<,>50
2020-2021,2,Albemarle County ,950,Jack Jouett Middle,Mathematics,"White, not of Hispanic origin",8,SOL,Mathematics,<,<50
2020-2021,2,Albemarle County ,69,Jackson P. Burley Middle,Mathematics,Asian,8,SOL,Algebra I,<,>50
2020-2021,2,Albemarle County ,69,Jackson P. Burley Middle,Mathematics,Asian,8,SOL,Geometry,<,>50
2020-2021,2,Albemarle County ,69,Jackson P. Burley Middle,Mathematics,Asian,8,SOL,Mathematics,<,<50
2020-2021,2,Albemarle County ,69,Jackson P. Burley Middle,Mathematics,"Black, not of Hispanic origin",8,SOL,Algebra I,<,>50
2020-2021,2,Albemarle County ,69,Jackson P. Burley Middle,Mathematics,"Black, not of Hispanic origin",8,SOL,Geometry,<,>50
2020-2021,2,Albemarle County ,69,Jackson P. Burley Middle,Mathematics,"Black, not of Hispanic origin",8,SOL,Mathematics,<,>50
2020-2021,2,Albemarle County ,69,Jackson P. Burley Middle,Mathematics,Hispanic,8,SOL,Algebra I,<,>50
2020-2021,2,Albemarle County ,69,Jackson P. Burley Middle,Mathematics,Hispanic,8,SOL,Mathematics,<,<50
2020-2021,2,Albemarle County ,69,Jackson P. Burley Middle,Mathematics,"Non-Hispanic, two or more races",8,SOL,Algebra I,<,>50
2020-2021,2,Albemarle County ,69,Jackson P. Burley Middle,Mathematics,"White, not of Hispanic origin",8,SOL,Algebra I,              16,    68.75
2020-2021,2,Albemarle County ,69,Jackson P. Burley Middle,Mathematics,"White, not of Hispanic origin",8,SOL,Geometry,              13,100.00
2020-2021,2,Albemarle County ,69,Jackson P. Burley Middle,Mathematics,"White, not of Hispanic origin",8,SOL,Mathematics,<,>50
2020-2021,2,Albemarle County ,942,Joseph T. Henley Middle,Mathematics,Asian,8,SOL,Algebra I,<,<50
2020-2021,2,Albemarle County ,942,Joseph T. Henley Middle,Mathematics,Asian,8,SOL,Geometry,<,>50
2020-2021,2,Albemarle County ,942,Joseph T. Henley Middle,Mathematics,Hispanic,8,SOL,Algebra I,<,<50
2020-2021,2,Albemarle County ,942,Joseph T. Henley Middle,Mathematics,Hispanic,8,SOL,Geometry,<,>50
2020-2021,2,Albemarle County ,942,Joseph T. Henley Middle,Mathematics,Hispanic,8,SOL,Mathematics,<,<50
2020-2021,2,Albemarle County ,942,Joseph T. Henley Middle,Mathematics,"Non-Hispanic, two or more races",8,SOL,Algebra I,<,<50
2020-2021,2,Albemarle County ,942,Joseph T. Henley Middle,Mathematics,"Non-Hispanic, two or more races",8,SOL,Mathematics,<,>50
2020-2021,2,Albemarle County ,942,Joseph T. Henley Middle,Mathematics,"White, not of Hispanic origin",8,SOL,Algebra I,              41,    65.85
2020-2021,2,Albemarle County ,942,Joseph T. Henley Middle,Mathematics,"White, not of Hispanic origin",8,SOL,Geometry,              29,100.00
2020-2021,2,Albemarle County ,942,Joseph T. Henley Middle,Mathematics,"White, not of Hispanic origin",8,SOL,Mathematics,<,>50
2020-2021,2,Albemarle County ,20,Leslie H. Walton Middle,Mathematics,Asian,8,SOL,Algebra I,<,>50
2020-2021,2,Albemarle County ,20,Leslie H. Walton Middle,Mathematics,"Black, not of Hispanic origin",8,SOL,Algebra I,<,<50
2020-2021,2,Albemarle County ,20,Leslie H. Walton Middle,Mathematics,"Black, not of Hispanic origin",8,SOL,Mathematics,<,<50
2020-2021,2,Albemarle County ,20,Leslie H. Walton Middle,Mathematics,Hispanic,8,SOL,Algebra I,<,<50
2020-2021,2,Albemarle County ,20,Leslie H. Walton Middle,Mathematics,"Non-Hispanic, two or more races",8,SOL,Algebra I,<,<50
2020-2021,2,Albemarle County ,20,Leslie H. Walton Middle,Mathematics,"White, not of Hispanic origin",8,SOL,Algebra I,              18,    77.78
2020-2021,2,Albemarle County ,20,Leslie H. Walton Middle,Mathematics,"White, not of Hispanic origin",8,SOL,Geometry,<,>50
2020-2021,2,Albemarle County ,1051,Mortimer Y. Sutherland Middle,Mathematics,Asian,8,SOL,Algebra I,<,>50
2020-2021,2,Albemarle County ,1051,Mortimer Y. Sutherland Middle,Mathematics,Asian,8,SOL,Geometry,              13,100.00
2020-2021,2,Albemarle County ,1051,Mortimer Y. Sutherland Middle,Mathematics,"Black, not of Hispanic origin",8,SOL,Algebra I,<,<50
2020-2021,2,Albemarle County ,1051,Mortimer Y. Sutherland Middle,Mathematics,"Black, not of Hispanic origin",8,SOL,Geometry,<,>50
2020-2021,2,Albemarle County ,1051,Mortimer Y. Sutherland Middle,Mathematics,"Black, not of Hispanic origin",8,SOL,Mathematics,<,<50
2020-2021,2,Albemarle County ,1051,Mortimer Y. Sutherland Middle,Mathematics,Hispanic,8,SOL,Algebra I,<,>50
2020-2021,2,Albemarle County ,1051,Mortimer Y. Sutherland Middle,Mathematics,Hispanic,8,SOL,Geometry,<,>50
2020-2021,2,Albemarle County ,1051,Mortimer Y. Sutherland Middle,Mathematics,Hispanic,8,SOL,Mathematics,<,<50
2020-2021,2,Albemarle County ,1051,Mortimer Y. Sutherland Middle,Mathematics,"Non-Hispanic, two or more races",8,SOL,Algebra I,<,>50
2020-2021,2,Albemarle County ,1051,Mortimer Y. Sutherland Middle,Mathematics,"Non-Hispanic, two or more races",8,SOL,Geometry,<,>50
2020-2021,2,Albemarle County ,1051,Mortimer Y. Sutherland Middle,Mathematics,"Non-Hispanic, two or more races",8,SOL,Mathematics,<,<50
2020-2021,2,Albemarle County ,1051,Mortimer Y. Sutherland Middle,Mathematics,"White, not of Hispanic origin",8,SOL,Algebra I,              40,    65.00
2020-2021,2,Albemarle County ,1051,Mortimer Y. Sutherland Middle,Mathematics,"White, not of Hispanic origin",8,SOL,Geometry,              46,    89.13
2020-2021,2,Albemarle County ,1051,Mortimer Y. Sutherland Middle,Mathematics,"White, not of Hispanic origin",8,SOL,Mathematics,<,>50
2020-2021,2,Albemarle County ,890,Murray School,Mathematics,Hispanic,8,SOL,Algebra I,<,<50
2020-2021,2,Albemarle County ,890,Murray School,Mathematics,Hispanic,8,SOL,Mathematics,<,<50
2020-2021,2,Albemarle County ,890,Murray School,Mathematics,"Non-Hispanic, two or more races",8,SOL,Algebra I,<,<50
2020-2021,2,Albemarle County ,890,Murray School,Mathematics,"Non-Hispanic, two or more races",8,SOL,Geometry,<,>50
2020-2021,2,Albemarle County ,890,Murray School,Mathematics,"White, not of Hispanic origin",8,SOL,Algebra I,<,>50
2020-2021,2,Albemarle County ,890,Murray School,Mathematics,"White, not of Hispanic origin",8,SOL,Geometry,<,>50
2020-2021,2,Albemarle County ,890,Murray School,Mathematics,"White, not of Hispanic origin",8,SOL,Mathematics,<,<50
2021-2022,2,Albemarle County ,890,Community Lab School,Mathematics,"Black, not of Hispanic origin",8,SOL,Mathematics,<,>50
2021-2022,2,Albemarle County ,890,Community Lab School,Mathematics,Hispanic,8,SOL,Algebra I,<,>50
2021-2022,2,Albemarle County ,890,Community Lab School,Mathematics,Hispanic,8,SOL,Mathematics,<,>50
2021-2022,2,Albemarle County ,890,Community Lab School,Mathematics,"Non-Hispanic, two or more races",8,SOL,Mathematics,<,>50
2021-2022,2,Albemarle County ,890,Community Lab School,Mathematics,"White, not of Hispanic origin",8,SOL,Algebra I,<,>50
2021-2022,2,Albemarle County ,890,Community Lab School,Mathematics,"White, not of Hispanic origin",8,SOL,Geometry,<,>50
2021-2022,2,Albemarle County ,890,Community Lab School,Mathematics,"White, not of Hispanic origin",8,SOL,Mathematics,<,>50
2021-2022,2,Albemarle County ,950,Jack Jouett Middle,Mathematics,American Indian or Alaska Native,8,SOL,Algebra I,<,>50
2021-2022,2,Albemarle County ,950,Jack Jouett Middle,Mathematics,Asian,8,SOL,Algebra I,<,>50
2021-2022,2,Albemarle County ,950,Jack Jouett Middle,Mathematics,Asian,8,SOL,Geometry,<,>50
2021-2022,2,Albemarle County ,950,Jack Jouett Middle,Mathematics,Asian,8,SOL,Mathematics,<,<50
2021-2022,2,Albemarle County ,950,Jack Jouett Middle,Mathematics,"Black, not of Hispanic origin",8,SOL,Algebra I,              10,    80.00
2021-2022,2,Albemarle County ,950,Jack Jouett Middle,Mathematics,"Black, not of Hispanic origin",8,SOL,Geometry,<,>50
2021-2022,2,Albemarle County ,950,Jack Jouett Middle,Mathematics,"Black, not of Hispanic origin",8,SOL,Mathematics,              30,    13.33
2021-2022,2,Albemarle County ,950,Jack Jouett Middle,Mathematics,Hispanic,8,SOL,Algebra I,              19,    84.21
2021-2022,2,Albemarle County ,950,Jack Jouett Middle,Mathematics,Hispanic,8,SOL,Mathematics,              44,     9.09
2021-2022,2,Albemarle County ,950,Jack Jouett Middle,Mathematics,"Non-Hispanic, two or more races",8,SOL,Algebra I,<,>50
2021-2022,2,Albemarle County ,950,Jack Jouett Middle,Mathematics,"Non-Hispanic, two or more races",8,SOL,Geometry,<,>50
2021-2022,2,Albemarle County ,950,Jack Jouett Middle,Mathematics,"Non-Hispanic, two or more races",8,SOL,Mathematics,              13,<50
2021-2022,2,Albemarle County ,950,Jack Jouett Middle,Mathematics,"White, not of Hispanic origin",8,SOL,Algebra I,              43,    95.35
2021-2022,2,Albemarle County ,950,Jack Jouett Middle,Mathematics,"White, not of Hispanic origin",8,SOL,Geometry,              28,    96.43
2021-2022,2,Albemarle County ,950,Jack Jouett Middle,Mathematics,"White, not of Hispanic origin",8,SOL,Mathematics,              26,    46.15
2021-2022,2,Albemarle County ,69,Jackson P. Burley Middle,Mathematics,Asian,8,SOL,Algebra I,<,>50
2021-2022,2,Albemarle County ,69,Jackson P. Burley Middle,Mathematics,Asian,8,SOL,Geometry,<,>50
2021-2022,2,Albemarle County ,69,Jackson P. Burley Middle,Mathematics,Asian,8,SOL,Mathematics,<,<50
2021-2022,2,Albemarle County ,69,Jackson P. Burley Middle,Mathematics,"Black, not of Hispanic origin",8,SOL,Algebra I,              13,    76.92
2021-2022,2,Albemarle County ,69,Jackson P. Burley Middle,Mathematics,"Black, not of Hispanic origin",8,SOL,Geometry,<,>50
2021-2022,2,Albemarle County ,69,Jackson P. Burley Middle,Mathematics,"Black, not of Hispanic origin",8,SOL,Mathematics,              28,     3.57
2021-2022,2,Albemarle County ,69,Jackson P. Burley Middle,Mathematics,Hispanic,8,SOL,Algebra I,              16,    93.75
2021-2022,2,Albemarle County ,69,Jackson P. Burley Middle,Mathematics,Hispanic,8,SOL,Geometry,<,>50
2021-2022,2,Albemarle County ,69,Jackson P. Burley Middle,Mathematics,Hispanic,8,SOL,Mathematics,              26,    19.23
2021-2022,2,Albemarle County ,69,Jackson P. Burley Middle,Mathematics,"Non-Hispanic, two or more races",8,SOL,Algebra I,<,>50
2021-2022,2,Albemarle County ,69,Jackson P. Burley Middle,Mathematics,"Non-Hispanic, two or more races",8,SOL,Geometry,<,>50
2021-2022,2,Albemarle County ,69,Jackson P. Burley Middle,Mathematics,"Non-Hispanic, two or more races",8,SOL,Mathematics,<,<50
2021-2022,2,Albemarle County ,69,Jackson P. Burley Middle,Mathematics,"White, not of Hispanic origin",8,SOL,Algebra I,              35,    85.71
2021-2022,2,Albemarle County ,69,Jackson P. Burley Middle,Mathematics,"White, not of Hispanic origin",8,SOL,Geometry,              33,100.00
2021-2022,2,Albemarle County ,69,Jackson P. Burley Middle,Mathematics,"White, not of Hispanic origin",8,SOL,Mathematics,              23,    17.39
2021-2022,2,Albemarle County ,942,Joseph T. Henley Middle,Mathematics,American Indian or Alaska Native,8,SOL,Mathematics,<,<50
2021-2022,2,Albemarle County ,942,Joseph T. Henley Middle,Mathematics,Asian,8,SOL,Algebra I,<,>50
2021-2022,2,Albemarle County ,942,Joseph T. Henley Middle,Mathematics,Asian,8,SOL,Geometry,<,>50
2021-2022,2,Albemarle County ,942,Joseph T. Henley Middle,Mathematics,"Black, not of Hispanic origin",8,SOL,Algebra I,<,>50
2021-2022,2,Albemarle County ,942,Joseph T. Henley Middle,Mathematics,"Black, not of Hispanic origin",8,SOL,Geometry,<,>50
2021-2022,2,Albemarle County ,942,Joseph T. Henley Middle,Mathematics,"Black, not of Hispanic origin",8,SOL,Mathematics,<,<50
2021-2022,2,Albemarle County ,942,Joseph T. Henley Middle,Mathematics,Hispanic,8,SOL,Algebra I,<,>50
2021-2022,2,Albemarle County ,942,Joseph T. Henley Middle,Mathematics,Hispanic,8,SOL,Geometry,<,>50
2021-2022,2,Albemarle County ,942,Joseph T. Henley Middle,Mathematics,Hispanic,8,SOL,Mathematics,              11,<50
2021-2022,2,Albemarle County ,942,Joseph T. Henley Middle,Mathematics,Native Hawaiian  or Pacific Islander,8,SOL,Geometry,<,>50
2021-2022,2,Albemarle County ,942,Joseph T. Henley Middle,Mathematics,"Non-Hispanic, two or more races",8,SOL,Algebra I,<,>50
2021-2022,2,Albemarle County ,942,Joseph T. Henley Middle,Mathematics,"Non-Hispanic, two or more races",8,SOL,Geometry,<,>50
2021-2022,2,Albemarle County ,942,Joseph T. Henley Middle,Mathematics,"Non-Hispanic, two or more races",8,SOL,Mathematics,<,<50
2021-2022,2,Albemarle County ,942,Joseph T. Henley Middle,Mathematics,"White, not of Hispanic origin",8,SOL,Algebra I,              65,    80.00
2021-2022,2,Albemarle County ,942,Joseph T. Henley Middle,Mathematics,"White, not of Hispanic origin",8,SOL,Geometry,             103,    99.03
2021-2022,2,Albemarle County ,942,Joseph T. Henley Middle,Mathematics,"White, not of Hispanic origin",8,SOL,Mathematics,              66,    31.82
2021-2022,2,Albemarle County ,1051,Lakeside Middle,Mathematics,American Indian or Alaska Native,8,SOL,Geometry,<,>50
2021-2022,2,Albemarle County ,1051,Lakeside Middle,Mathematics,Asian,8,SOL,Algebra I,<,>50
2021-2022,2,Albemarle County ,1051,Lakeside Middle,Mathematics,Asian,8,SOL,Geometry,              10,100.00
2021-2022,2,Albemarle County ,1051,Lakeside Middle,Mathematics,Asian,8,SOL,Mathematics,<,<50
2021-2022,2,Albemarle County ,1051,Lakeside Middle,Mathematics,"Black, not of Hispanic origin",8,SOL,Algebra I,<,>50
2021-2022,2,Albemarle County ,1051,Lakeside Middle,Mathematics,"Black, not of Hispanic origin",8,SOL,Geometry,<,>50
2021-2022,2,Albemarle County ,1051,Lakeside Middle,Mathematics,"Black, not of Hispanic origin",8,SOL,Mathematics,<,>50
2021-2022,2,Albemarle County ,1051,Lakeside Middle,Mathematics,Hispanic,8,SOL,Algebra I,              11,    81.82
2021-2022,2,Albemarle County ,1051,Lakeside Middle,Mathematics,Hispanic,8,SOL,Geometry,<,>50
2021-2022,2,Albemarle County ,1051,Lakeside Middle,Mathematics,Hispanic,8,SOL,Mathematics,<,>50
2021-2022,2,Albemarle County ,1051,Lakeside Middle,Mathematics,"Non-Hispanic, two or more races",8,SOL,Algebra I,<,>50
2021-2022,2,Albemarle County ,1051,Lakeside Middle,Mathematics,"Non-Hispanic, two or more races",8,SOL,Geometry,<,>50
2021-2022,2,Albemarle County ,1051,Lakeside Middle,Mathematics,"Non-Hispanic, two or more races",8,SOL,Mathematics,<,<50
2021-2022,2,Albemarle County ,1051,Lakeside Middle,Mathematics,"White, not of Hispanic origin",8,SOL,Algebra I,              39,    89.74
2021-2022,2,Albemarle County ,1051,Lakeside Middle,Mathematics,"White, not of Hispanic origin",8,SOL,Geometry,              47,    97.87
2021-2022,2,Albemarle County ,1051,Lakeside Middle,Mathematics,"White, not of Hispanic origin",8,SOL,Mathematics,              27,    51.85
2021-2022,2,Albemarle County ,20,Leslie H. Walton Middle,Mathematics,Asian,8,SOL,Geometry,<,>50
2021-2022,2,Albemarle County ,20,Leslie H. Walton Middle,Mathematics,Asian,8,SOL,Mathematics,<,<50
2021-2022,2,Albemarle County ,20,Leslie H. Walton Middle,Mathematics,"Black, not of Hispanic origin",8,SOL,Algebra I,<,>50
2021-2022,2,Albemarle County ,20,Leslie H. Walton Middle,Mathematics,"Black, not of Hispanic origin",8,SOL,Mathematics,<,>50
2021-2022,2,Albemarle County ,20,Leslie H. Walton Middle,Mathematics,Hispanic,8,SOL,Algebra I,<,>50
2021-2022,2,Albemarle County ,20,Leslie H. Walton Middle,Mathematics,Hispanic,8,SOL,Mathematics,<,>50
2021-2022,2,Albemarle County ,20,Leslie H. Walton Middle,Mathematics,"Non-Hispanic, two or more races",8,SOL,Algebra I,<,>50
2021-2022,2,Albemarle County ,20,Leslie H. Walton Middle,Mathematics,"Non-Hispanic, two or more races",8,SOL,Geometry,<,>50
2021-2022,2,Albemarle County ,20,Leslie H. Walton Middle,Mathematics,"Non-Hispanic, two or more races",8,SOL,Mathematics,<,>50
2021-2022,2,Albemarle County ,20,Leslie H. Walton Middle,Mathematics,"White, not of Hispanic origin",8,SOL,Algebra I,              25,    84.00
2021-2022,2,Albemarle County ,20,Leslie H. Walton Middle,Mathematics,"White, not of Hispanic origin",8,SOL,Geometry,              22,    95.45
2021-2022,2,Albemarle County ,20,Leslie H. Walton Middle,Mathematics,"White, not of Hispanic origin",8,SOL,Mathematics,              26,    46.15
2022-2023,2,Albemarle County ,890,Community Lab School,Mathematics,Asian,8,SOL,Geometry,<,>50
2022-2023,2,Albemarle County ,890,Community Lab School,Mathematics,"Black, not of Hispanic origin",8,SOL,Mathematics,<,>50
2022-2023,2,Albemarle County ,890,Community Lab School,Mathematics,Hispanic,8,SOL,Algebra I,<,>50
2022-2023,2,Albemarle County ,890,Community Lab School,Mathematics,Hispanic,8,SOL,Geometry,<,>50
2022-2023,2,Albemarle County ,890,Community Lab School,Mathematics,Hispanic,8,SOL,Mathematics,<,>50
2022-2023,2,Albemarle County ,890,Community Lab School,Mathematics,"Non-Hispanic, two or more races",8,SOL,Algebra I,<,>50
2022-2023,2,Albemarle County ,890,Community Lab School,Mathematics,"Non-Hispanic, two or more races",8,SOL,Mathematics,<,>50
2022-2023,2,Albemarle County ,890,Community Lab School,Mathematics,"White, not of Hispanic origin",8,SOL,Algebra I,<,>50
2022-2023,2,Albemarle County ,890,Community Lab School,Mathematics,"White, not of Hispanic origin",8,SOL,Geometry,              13,100.00
2022-2023,2,Albemarle County ,890,Community Lab School,Mathematics,"White, not of Hispanic origin",8,SOL,Mathematics,<,>50
2022-2023,2,Albemarle County ,69,Jackson P. Burley Middle,Mathematics,Asian,8,SOL,Algebra I,<,>50
2022-2023,2,Albemarle County ,69,Jackson P. Burley Middle,Mathematics,Asian,8,SOL,Geometry,<,>50
2022-2023,2,Albemarle County ,69,Jackson P. Burley Middle,Mathematics,Asian,8,SOL,Mathematics,<,<50
2022-2023,2,Albemarle County ,69,Jackson P. Burley Middle,Mathematics,"Black, not of Hispanic origin",8,SOL,Algebra I,<,>50
2022-2023,2,Albemarle County ,69,Jackson P. Burley Middle,Mathematics,"Black, not of Hispanic origin",8,SOL,Geometry,<,>50
2022-2023,2,Albemarle County ,69,Jackson P. Burley Middle,Mathematics,"Black, not of Hispanic origin",8,SOL,Mathematics,              23,    26.09
2022-2023,2,Albemarle County ,69,Jackson P. Burley Middle,Mathematics,Hispanic,8,SOL,Algebra I,<,>50
2022-2023,2,Albemarle County ,69,Jackson P. Burley Middle,Mathematics,Hispanic,8,SOL,Geometry,<,>50
2022-2023,2,Albemarle County ,69,Jackson P. Burley Middle,Mathematics,Hispanic,8,SOL,Mathematics,              46,    23.91
2022-2023,2,Albemarle County ,69,Jackson P. Burley Middle,Mathematics,Native Hawaiian  or Pacific Islander,8,SOL,Algebra I,<,>50
2022-2023,2,Albemarle County ,69,Jackson P. Burley Middle,Mathematics,"Non-Hispanic, two or more races",8,SOL,Algebra I,<,>50
2022-2023,2,Albemarle County ,69,Jackson P. Burley Middle,Mathematics,"Non-Hispanic, two or more races",8,SOL,Geometry,<,>50
2022-2023,2,Albemarle County ,69,Jackson P. Burley Middle,Mathematics,"Non-Hispanic, two or more races",8,SOL,Mathematics,              10,<50
2022-2023,2,Albemarle County ,69,Jackson P. Burley Middle,Mathematics,"White, not of Hispanic origin",8,SOL,Algebra I,              23,100.00
2022-2023,2,Albemarle County ,69,Jackson P. Burley Middle,Mathematics,"White, not of Hispanic origin",8,SOL,Geometry,              43,100.00
2022-2023,2,Albemarle County ,69,Jackson P. Burley Middle,Mathematics,"White, not of Hispanic origin",8,SOL,Mathematics,              24,    54.17
2022-2023,2,Albemarle County ,942,Joseph T. Henley Middle,Mathematics,Asian,8,SOL,Algebra I,<,>50
2022-2023,2,Albemarle County ,942,Joseph T. Henley Middle,Mathematics,Asian,8,SOL,Geometry,<,>50
2022-2023,2,Albemarle County ,942,Joseph T. Henley Middle,Mathematics,Asian,8,SOL,Mathematics,<,>50
2022-2023,2,Albemarle County ,942,Joseph T. Henley Middle,Mathematics,"Black, not of Hispanic origin",8,SOL,Algebra I,<,>50
2022-2023,2,Albemarle County ,942,Joseph T. Henley Middle,Mathematics,"Black, not of Hispanic origin",8,SOL,Mathematics,<,<50
2022-2023,2,Albemarle County ,942,Joseph T. Henley Middle,Mathematics,Hispanic,8,SOL,Algebra I,<,>50
2022-2023,2,Albemarle County ,942,Joseph T. Henley Middle,Mathematics,Hispanic,8,SOL,Geometry,<,>50
2022-2023,2,Albemarle County ,942,Joseph T. Henley Middle,Mathematics,Hispanic,8,SOL,Mathematics,              10,<50
2022-2023,2,Albemarle County ,942,Joseph T. Henley Middle,Mathematics,"Non-Hispanic, two or more races",8,SOL,Algebra I,<,>50
2022-2023,2,Albemarle County ,942,Joseph T. Henley Middle,Mathematics,"Non-Hispanic, two or more races",8,SOL,Geometry,<,>50
2022-2023,2,Albemarle County ,942,Joseph T. Henley Middle,Mathematics,"Non-Hispanic, two or more races",8,SOL,Mathematics,<,>50
2022-2023,2,Albemarle County ,942,Joseph T. Henley Middle,Mathematics,"White, not of Hispanic origin",8,SOL,Algebra I,              91,    95.60
2022-2023,2,Albemarle County ,942,Joseph T. Henley Middle,Mathematics,"White, not of Hispanic origin",8,SOL,Geometry,              59,    98.31
2022-2023,2,Albemarle County ,942,Joseph T. Henley Middle,Mathematics,"White, not of Hispanic origin",8,SOL,Mathematics,              74,    47.30
2022-2023,2,Albemarle County ,950,Journey Middle,Mathematics,American Indian or Alaska Native,8,SOL,Algebra I,<,>50
2022-2023,2,Albemarle County ,950,Journey Middle,Mathematics,Asian,8,SOL,Algebra I,<,>50
2022-2023,2,Albemarle County ,950,Journey Middle,Mathematics,Asian,8,SOL,Geometry,<,>50
2022-2023,2,Albemarle County ,950,Journey Middle,Mathematics,Asian,8,SOL,Mathematics,<,<50
2022-2023,2,Albemarle County ,950,Journey Middle,Mathematics,"Black, not of Hispanic origin",8,SOL,Algebra I,              13,    61.54
2022-2023,2,Albemarle County ,950,Journey Middle,Mathematics,"Black, not of Hispanic origin",8,SOL,Geometry,<,<50
2022-2023,2,Albemarle County ,950,Journey Middle,Mathematics,"Black, not of Hispanic origin",8,SOL,Mathematics,              40,    17.50
2022-2023,2,Albemarle County ,950,Journey Middle,Mathematics,Hispanic,8,SOL,Algebra I,              17,    88.24
2022-2023,2,Albemarle County ,950,Journey Middle,Mathematics,Hispanic,8,SOL,Geometry,<,>50
2022-2023,2,Albemarle County ,950,Journey Middle,Mathematics,Hispanic,8,SOL,Mathematics,              38,    28.95
2022-2023,2,Albemarle County ,950,Journey Middle,Mathematics,"Non-Hispanic, two or more races",8,SOL,Algebra I,<,>50
2022-2023,2,Albemarle County ,950,Journey Middle,Mathematics,"Non-Hispanic, two or more races",8,SOL,Geometry,<,>50
2022-2023,2,Albemarle County ,950,Journey Middle,Mathematics,"Non-Hispanic, two or more races",8,SOL,Mathematics,              17,<50
2022-2023,2,Albemarle County ,950,Journey Middle,Mathematics,"White, not of Hispanic origin",8,SOL,Algebra I,              29,    82.76
2022-2023,2,Albemarle County ,950,Journey Middle,Mathematics,"White, not of Hispanic origin",8,SOL,Geometry,              31,100.00
2022-2023,2,Albemarle County ,950,Journey Middle,Mathematics,"White, not of Hispanic origin",8,SOL,Mathematics,              17,<50
2022-2023,2,Albemarle County ,1051,Lakeside Middle,Mathematics,Asian,8,SOL,Algebra I,<,>50
2022-2023,2,Albemarle County ,1051,Lakeside Middle,Mathematics,Asian,8,SOL,Geometry,              10,100.00
2022-2023,2,Albemarle County ,1051,Lakeside Middle,Mathematics,Asian,8,SOL,Mathematics,<,>50
2022-2023,2,Albemarle County ,1051,Lakeside Middle,Mathematics,"Black, not of Hispanic origin",8,SOL,Algebra I,<,>50
2022-2023,2,Albemarle County ,1051,Lakeside Middle,Mathematics,"Black, not of Hispanic origin",8,SOL,Geometry,<,>50
2022-2023,2,Albemarle County ,1051,Lakeside Middle,Mathematics,"Black, not of Hispanic origin",8,SOL,Mathematics,              13,<50
2022-2023,2,Albemarle County ,1051,Lakeside Middle,Mathematics,Hispanic,8,SOL,Algebra I,<,>50
2022-2023,2,Albemarle County ,1051,Lakeside Middle,Mathematics,Hispanic,8,SOL,Geometry,<,>50
2022-2023,2,Albemarle County ,1051,Lakeside Middle,Mathematics,Hispanic,8,SOL,Mathematics,              12,<50
2022-2023,2,Albemarle County ,1051,Lakeside Middle,Mathematics,"Non-Hispanic, two or more races",8,SOL,Algebra I,<,>50
2022-2023,2,Albemarle County ,1051,Lakeside Middle,Mathematics,"Non-Hispanic, two or more races",8,SOL,Geometry,<,>50
2022-2023,2,Albemarle County ,1051,Lakeside Middle,Mathematics,"White, not of Hispanic origin",8,SOL,Algebra I,              43,    97.67
2022-2023,2,Albemarle County ,1051,Lakeside Middle,Mathematics,"White, not of Hispanic origin",8,SOL,Geometry,              38,100.00
2022-2023,2,Albemarle County ,1051,Lakeside Middle,Mathematics,"White, not of Hispanic origin",8,SOL,Mathematics,              29,    58.62
2022-2023,2,Albemarle County ,20,Leslie H. Walton Middle,Mathematics,"Black, not of Hispanic origin",8,SOL,Algebra I,<,>50
2022-2023,2,Albemarle County ,20,Leslie H. Walton Middle,Mathematics,"Black, not of Hispanic origin",8,SOL,Geometry,<,>50
2022-2023,2,Albemarle County ,20,Leslie H. Walton Middle,Mathematics,"Black, not of Hispanic origin",8,SOL,Mathematics,<,>50
2022-2023,2,Albemarle County ,20,Leslie H. Walton Middle,Mathematics,Hispanic,8,SOL,Algebra I,<,<50
2022-2023,2,Albemarle County ,20,Leslie H. Walton Middle,Mathematics,Hispanic,8,SOL,Geometry,<,>50
2022-2023,2,Albemarle County ,20,Leslie H. Walton Middle,Mathematics,Hispanic,8,SOL,Mathematics,<,>50
2022-2023,2,Albemarle County ,20,Leslie H. Walton Middle,Mathematics,Native Hawaiian  or Pacific Islander,8,SOL,Algebra I,<,<50
2022-2023,2,Albemarle County ,20,Leslie H. Walton Middle,Mathematics,"Non-Hispanic, two or more races",8,SOL,Algebra I,<,>50
2022-2023,2,Albemarle County ,20,Leslie H. Walton Middle,Mathematics,"Non-Hispanic, two or more races",8,SOL,Geometry,<,>50
2022-2023,2,Albemarle County ,20,Leslie H. Walton Middle,Mathematics,"Non-Hispanic, two or more races",8,SOL,Mathematics,<,>50
2022-2023,2,Albemarle County ,20,Leslie H. Walton Middle,Mathematics,"White, not of Hispanic origin",8,SOL,Algebra I,              26,    76.92
2022-2023,2,Albemarle County ,20,Leslie H. Walton Middle,Mathematics,"White, not of Hispanic origin",8,SOL,Geometry,              33,    96.97
2022-2023,2,Albemarle County ,20,Leslie H. Walton Middle,Mathematics,"White, not of Hispanic origin",8,SOL,Mathematics,              30,    56.67
2023-2024,2,Albemarle County ,890,Community Lab School,Mathematics,Asian,8,SOL,Mathematics,<,>50
2023-2024,2,Albemarle County ,890,Community Lab School,Mathematics,"Black, not of Hispanic origin",8,SOL,Mathematics,<,>50
2023-2024,2,Albemarle County ,890,Community Lab School,Mathematics,Hispanic,8,SOL,Geometry,<,>50
2023-2024,2,Albemarle County ,890,Community Lab School,Mathematics,Hispanic,8,SOL,Mathematics,<,<50
2023-2024,2,Albemarle County ,890,Community Lab School,Mathematics,"Non-Hispanic, two or more races",8,SOL,Geometry,<,>50
2023-2024,2,Albemarle County ,890,Community Lab School,Mathematics,"Non-Hispanic, two or more races",8,SOL,Mathematics,<,<50
2023-2024,2,Albemarle County ,890,Community Lab School,Mathematics,"White, not of Hispanic origin",8,SOL,Algebra I,<,>50
2023-2024,2,Albemarle County ,890,Community Lab School,Mathematics,"White, not of Hispanic origin",8,SOL,Geometry,              14,100.00
2023-2024,2,Albemarle County ,890,Community Lab School,Mathematics,"White, not of Hispanic origin",8,SOL,Mathematics,<,>50
2023-2024,2,Albemarle County ,69,Jackson P. Burley Middle,Mathematics,Asian,8,SOL,Algebra I,<,>50
2023-2024,2,Albemarle County ,69,Jackson P. Burley Middle,Mathematics,Asian,8,SOL,Geometry,<,>50
2023-2024,2,Albemarle County ,69,Jackson P. Burley Middle,Mathematics,Asian,8,SOL,Mathematics,<,<50
2023-2024,2,Albemarle County ,69,Jackson P. Burley Middle,Mathematics,"Black, not of Hispanic origin",8,SOL,Algebra I,<,>50
2023-2024,2,Albemarle County ,69,Jackson P. Burley Middle,Mathematics,"Black, not of Hispanic origin",8,SOL,Geometry,<,>50
2023-2024,2,Albemarle County ,69,Jackson P. Burley Middle,Mathematics,"Black, not of Hispanic origin",8,SOL,Mathematics,              25,    36.00
2023-2024,2,Albemarle County ,69,Jackson P. Burley Middle,Mathematics,Hispanic,8,SOL,Algebra I,<,>50
2023-2024,2,Albemarle County ,69,Jackson P. Burley Middle,Mathematics,Hispanic,8,SOL,Geometry,              11,100.00
2023-2024,2,Albemarle County ,69,Jackson P. Burley Middle,Mathematics,Hispanic,8,SOL,Mathematics,              40,    42.50
2023-2024,2,Albemarle County ,69,Jackson P. Burley Middle,Mathematics,"Non-Hispanic, two or more races",8,SOL,Algebra I,<,>50
2023-2024,2,Albemarle County ,69,Jackson P. Burley Middle,Mathematics,"Non-Hispanic, two or more races",8,SOL,Geometry,<,>50
2023-2024,2,Albemarle County ,69,Jackson P. Burley Middle,Mathematics,"Non-Hispanic, two or more races",8,SOL,Mathematics,<,<50
2023-2024,2,Albemarle County ,69,Jackson P. Burley Middle,Mathematics,"White, not of Hispanic origin",8,SOL,Algebra I,              16,100.00
2023-2024,2,Albemarle County ,69,Jackson P. Burley Middle,Mathematics,"White, not of Hispanic origin",8,SOL,Geometry,              30,100.00
2023-2024,2,Albemarle County ,69,Jackson P. Burley Middle,Mathematics,"White, not of Hispanic origin",8,SOL,Mathematics,              29,    41.38
2023-2024,2,Albemarle County ,942,Joseph T. Henley Middle,Mathematics,Asian,8,SOL,Algebra I,<,>50
2023-2024,2,Albemarle County ,942,Joseph T. Henley Middle,Mathematics,Asian,8,SOL,Geometry,<,>50
2023-2024,2,Albemarle County ,942,Joseph T. Henley Middle,Mathematics,"Black, not of Hispanic origin",8,SOL,Algebra I,<,>50
2023-2024,2,Albemarle County ,942,Joseph T. Henley Middle,Mathematics,"Black, not of Hispanic origin",8,SOL,Mathematics,<,<50
2023-2024,2,Albemarle County ,942,Joseph T. Henley Middle,Mathematics,Hispanic,8,SOL,Algebra I,<,>50
2023-2024,2,Albemarle County ,942,Joseph T. Henley Middle,Mathematics,Hispanic,8,SOL,Geometry,<,>50
2023-2024,2,Albemarle County ,942,Joseph T. Henley Middle,Mathematics,Hispanic,8,SOL,Mathematics,              13,<50
2023-2024,2,Albemarle County ,942,Joseph T. Henley Middle,Mathematics,"Non-Hispanic, two or more races",8,SOL,Algebra I,<,>50
2023-2024,2,Albemarle County ,942,Joseph T. Henley Middle,Mathematics,"Non-Hispanic, two or more races",8,SOL,Geometry,<,>50
2023-2024,2,Albemarle County ,942,Joseph T. Henley Middle,Mathematics,"Non-Hispanic, two or more races",8,SOL,Mathematics,<,<50
2023-2024,2,Albemarle County ,942,Joseph T. Henley Middle,Mathematics,"White, not of Hispanic origin",8,SOL,Algebra I,              87,    93.10
2023-2024,2,Albemarle County ,942,Joseph T. Henley Middle,Mathematics,"White, not of Hispanic origin",8,SOL,Geometry,              74,100.00
2023-2024,2,Albemarle County ,942,Joseph T. Henley Middle,Mathematics,"White, not of Hispanic origin",8,SOL,Mathematics,              61,    59.02
2023-2024,2,Albemarle County ,950,Journey Middle,Mathematics,Asian,8,SOL,Algebra I,<,>50
2023-2024,2,Albemarle County ,950,Journey Middle,Mathematics,Asian,8,SOL,Geometry,<,>50
2023-2024,2,Albemarle County ,950,Journey Middle,Mathematics,Asian,8,SOL,Mathematics,<,>50
2023-2024,2,Albemarle County ,950,Journey Middle,Mathematics,"Black, not of Hispanic origin",8,SOL,Algebra I,<,>50
2023-2024,2,Albemarle County ,950,Journey Middle,Mathematics,"Black, not of Hispanic origin",8,SOL,Geometry,<,>50
2023-2024,2,Albemarle County ,950,Journey Middle,Mathematics,"Black, not of Hispanic origin",8,SOL,Mathematics,              29,    20.69
2023-2024,2,Albemarle County ,950,Journey Middle,Mathematics,Hispanic,8,SOL,Algebra I,              11,    72.73
2023-2024,2,Albemarle County ,950,Journey Middle,Mathematics,Hispanic,8,SOL,Geometry,<,<50
2023-2024,2,Albemarle County ,950,Journey Middle,Mathematics,Hispanic,8,SOL,Mathematics,              39,    12.82
2023-2024,2,Albemarle County ,950,Journey Middle,Mathematics,"Non-Hispanic, two or more races",8,SOL,Algebra I,<,<50
2023-2024,2,Albemarle County ,950,Journey Middle,Mathematics,"Non-Hispanic, two or more races",8,SOL,Geometry,<,>50
2023-2024,2,Albemarle County ,950,Journey Middle,Mathematics,"Non-Hispanic, two or more races",8,SOL,Mathematics,<,<50
2023-2024,2,Albemarle County ,950,Journey Middle,Mathematics,"White, not of Hispanic origin",8,SOL,Algebra I,              17,    82.35
2023-2024,2,Albemarle County ,950,Journey Middle,Mathematics,"White, not of Hispanic origin",8,SOL,Geometry,              37,    91.89
2023-2024,2,Albemarle County ,950,Journey Middle,Mathematics,"White, not of Hispanic origin",8,SOL,Mathematics,              18,<50
2023-2024,2,Albemarle County ,1051,Lakeside Middle,Mathematics,Asian,8,SOL,Algebra I,<,>50
2023-2024,2,Albemarle County ,1051,Lakeside Middle,Mathematics,Asian,8,SOL,Geometry,              10,100.00
2023-2024,2,Albemarle County ,1051,Lakeside Middle,Mathematics,Asian,8,SOL,Mathematics,<,>50
2023-2024,2,Albemarle County ,1051,Lakeside Middle,Mathematics,"Black, not of Hispanic origin",8,SOL,Algebra I,<,>50
2023-2024,2,Albemarle County ,1051,Lakeside Middle,Mathematics,"Black, not of Hispanic origin",8,SOL,Geometry,<,>50
2023-2024,2,Albemarle County ,1051,Lakeside Middle,Mathematics,"Black, not of Hispanic origin",8,SOL,Mathematics,<,<50
2023-2024,2,Albemarle County ,1051,Lakeside Middle,Mathematics,Hispanic,8,SOL,Algebra I,<,>50
2023-2024,2,Albemarle County ,1051,Lakeside Middle,Mathematics,Hispanic,8,SOL,Geometry,<,>50
2023-2024,2,Albemarle County ,1051,Lakeside Middle,Mathematics,Hispanic,8,SOL,Mathematics,              13,<50
2023-2024,2,Albemarle County ,1051,Lakeside Middle,Mathematics,"Non-Hispanic, two or more races",8,SOL,Algebra I,<,>50
2023-2024,2,Albemarle County ,1051,Lakeside Middle,Mathematics,"Non-Hispanic, two or more races",8,SOL,Geometry,<,>50
2023-2024,2,Albemarle County ,1051,Lakeside Middle,Mathematics,"Non-Hispanic, two or more races",8,SOL,Mathematics,<,<50
2023-2024,2,Albemarle County ,1051,Lakeside Middle,Mathematics,"White, not of Hispanic origin",8,SOL,Algebra I,              27,    96.30
2023-2024,2,Albemarle County ,1051,Lakeside Middle,Mathematics,"White, not of Hispanic origin",8,SOL,Geometry,              54,    98.15
2023-2024,2,Albemarle County ,1051,Lakeside Middle,Mathematics,"White, not of Hispanic origin",8,SOL,Mathematics,              16,    62.50
2023-2024,2,Albemarle County ,20,Leslie H. Walton Middle,Mathematics,Asian,8,SOL,Geometry,<,>50
2023-2024,2,Albemarle County ,20,Leslie H. Walton Middle,Mathematics,Asian,8,SOL,Mathematics,<,<50
2023-2024,2,Albemarle County ,20,Leslie H. Walton Middle,Mathematics,"Black, not of Hispanic origin",8,SOL,Algebra I,<,>50
2023-2024,2,Albemarle County ,20,Leslie H. Walton Middle,Mathematics,"Black, not of Hispanic origin",8,SOL,Geometry,<,>50
2023-2024,2,Albemarle County ,20,Leslie H. Walton Middle,Mathematics,"Black, not of Hispanic origin",8,SOL,Mathematics,<,<50
2023-2024,2,Albemarle County ,20,Leslie H. Walton Middle,Mathematics,Hispanic,8,SOL,Algebra I,<,>50
2023-2024,2,Albemarle County ,20,Leslie H. Walton Middle,Mathematics,Hispanic,8,SOL,Geometry,<,<50
2023-2024,2,Albemarle County ,20,Leslie H. Walton Middle,Mathematics,Hispanic,8,SOL,Mathematics,<,>50
2023-2024,2,Albemarle County ,20,Leslie H. Walton Middle,Mathematics,"Non-Hispanic, two or more races",8,SOL,Algebra I,<,>50
2023-2024,2,Albemarle County ,20,Leslie H. Walton Middle,Mathematics,"Non-Hispanic, two or more races",8,SOL,Geometry,<,>50
2023-2024,2,Albemarle County ,20,Leslie H. Walton Middle,Mathematics,"Non-Hispanic, two or more races",8,SOL,Mathematics,<,<50
2023-2024,2,Albemarle County ,20,Leslie H. Walton Middle,Mathematics,"White, not of Hispanic origin",8,SOL,Algebra I,              16,    93.75
2023-2024,2,Albemarle County ,20,Leslie H. Walton Middle,Mathematics,"White, not of Hispanic origin",8,SOL,Geometry,              15,100.00
2023-2024,2,Albemarle County ,20,Leslie H. Walton Middle,Mathematics,"White, not of Hispanic origin",8,SOL,Mathematics,              46,    58.70
2024-2025,2,Albemarle County ,890,Community Lab School,Mathematics,"Black, not of Hispanic origin",8,SOL,Algebra I,<,>50
2024-2025,2,Albemarle County ,890,Community Lab School,Mathematics,Hispanic,8,SOL,Algebra I,<,>50
2024-2025,2,Albemarle County ,890,Community Lab School,Mathematics,"Non-Hispanic, two or more races",8,SOL,Algebra I,<,>50
2024-2025,2,Albemarle County ,890,Community Lab School,Mathematics,"White, not of Hispanic origin",8,SOL,Algebra I,              10,    90.00
2024-2025,2,Albemarle County ,890,Community Lab School,Mathematics,"White, not of Hispanic origin",8,SOL,Geometry,              11,100.00
2024-2025,2,Albemarle County ,69,Jackson P. Burley Middle,Mathematics,Asian,8,SOL,Algebra I,<,>50
2024-2025,2,Albemarle County ,69,Jackson P. Burley Middle,Mathematics,Asian,8,SOL,Geometry,<,>50
2024-2025,2,Albemarle County ,69,Jackson P. Burley Middle,Mathematics,Asian,8,SOL,Mathematics,<,>50
2024-2025,2,Albemarle County ,69,Jackson P. Burley Middle,Mathematics,"Black, not of Hispanic origin",8,SOL,Algebra I,<,>50
2024-2025,2,Albemarle County ,69,Jackson P. Burley Middle,Mathematics,"Black, not of Hispanic origin",8,SOL,Geometry,<,>50
2024-2025,2,Albemarle County ,69,Jackson P. Burley Middle,Mathematics,"Black, not of Hispanic origin",8,SOL,Mathematics,              27,    29.63
2024-2025,2,Albemarle County ,69,Jackson P. Burley Middle,Mathematics,Hispanic,8,SOL,Algebra I,<,>50
2024-2025,2,Albemarle County ,69,Jackson P. Burley Middle,Mathematics,Hispanic,8,SOL,Geometry,<,>50
2024-2025,2,Albemarle County ,69,Jackson P. Burley Middle,Mathematics,Hispanic,8,SOL,Mathematics,              35,    37.14
2024-2025,2,Albemarle County ,69,Jackson P. Burley Middle,Mathematics,"Non-Hispanic, two or more races",8,SOL,Algebra I,<,>50
2024-2025,2,Albemarle County ,69,Jackson P. Burley Middle,Mathematics,"Non-Hispanic, two or more races",8,SOL,Geometry,<,>50
2024-2025,2,Albemarle County ,69,Jackson P. Burley Middle,Mathematics,"Non-Hispanic, two or more races",8,SOL,Mathematics,              10,    50.00
2024-2025,2,Albemarle County ,69,Jackson P. Burley Middle,Mathematics,"White, not of Hispanic origin",8,SOL,Algebra I,              19,    78.95
2024-2025,2,Albemarle County ,69,Jackson P. Burley Middle,Mathematics,"White, not of Hispanic origin",8,SOL,Geometry,              33,    93.94
2024-2025,2,Albemarle County ,69,Jackson P. Burley Middle,Mathematics,"White, not of Hispanic origin",8,SOL,Mathematics,              22,    63.64
2024-2025,2,Albemarle County ,942,Joseph T. Henley Middle,Mathematics,Asian,8,SOL,Algebra I,<,>50
2024-2025,2,Albemarle County ,942,Joseph T. Henley Middle,Mathematics,Asian,8,SOL,Geometry,<,>50
2024-2025,2,Albemarle County ,942,Joseph T. Henley Middle,Mathematics,"Black, not of Hispanic origin",8,SOL,Algebra I,<,>50
2024-2025,2,Albemarle County ,942,Joseph T. Henley Middle,Mathematics,"Black, not of Hispanic origin",8,SOL,Geometry,<,>50
2024-2025,2,Albemarle County ,942,Joseph T. Henley Middle,Mathematics,"Black, not of Hispanic origin",8,SOL,Mathematics,<,>50
2024-2025,2,Albemarle County ,942,Joseph T. Henley Middle,Mathematics,Hispanic,8,SOL,Algebra I,<,>50
2024-2025,2,Albemarle County ,942,Joseph T. Henley Middle,Mathematics,Hispanic,8,SOL,Geometry,<,>50
2024-2025,2,Albemarle County ,942,Joseph T. Henley Middle,Mathematics,Hispanic,8,SOL,Mathematics,              15,<50
2024-2025,2,Albemarle County ,942,Joseph T. Henley Middle,Mathematics,"Non-Hispanic, two or more races",8,SOL,Algebra I,<,>50
2024-2025,2,Albemarle County ,942,Joseph T. Henley Middle,Mathematics,"Non-Hispanic, two or more races",8,SOL,Geometry,              13,100.00
2024-2025,2,Albemarle County ,942,Joseph T. Henley Middle,Mathematics,"Non-Hispanic, two or more races",8,SOL,Mathematics,<,<50
2024-2025,2,Albemarle County ,942,Joseph T. Henley Middle,Mathematics,"White, not of Hispanic origin",8,SOL,Algebra I,             103,    95.15
2024-2025,2,Albemarle County ,942,Joseph T. Henley Middle,Mathematics,"White, not of Hispanic origin",8,SOL,Geometry,              45,100.00
2024-2025,2,Albemarle County ,942,Joseph T. Henley Middle,Mathematics,"White, not of Hispanic origin",8,SOL,Mathematics,              64,    57.81
2024-2025,2,Albemarle County ,950,Journey Middle,Mathematics,Asian,8,SOL,Algebra I,<,>50
2024-2025,2,Albemarle County ,950,Journey Middle,Mathematics,Asian,8,SOL,Geometry,<,>50
2024-2025,2,Albemarle County ,950,Journey Middle,Mathematics,Asian,8,SOL,Mathematics,<,<50
2024-2025,2,Albemarle County ,950,Journey Middle,Mathematics,"Black, not of Hispanic origin",8,SOL,Algebra I,<,>50
2024-2025,2,Albemarle County ,950,Journey Middle,Mathematics,"Black, not of Hispanic origin",8,SOL,Geometry,<,>50
2024-2025,2,Albemarle County ,950,Journey Middle,Mathematics,"Black, not of Hispanic origin",8,SOL,Mathematics,              34,    35.29
2024-2025,2,Albemarle County ,950,Journey Middle,Mathematics,Hispanic,8,SOL,Algebra I,              13,    69.23
2024-2025,2,Albemarle County ,950,Journey Middle,Mathematics,Hispanic,8,SOL,Geometry,<,>50
2024-2025,2,Albemarle County ,950,Journey Middle,Mathematics,Hispanic,8,SOL,Mathematics,              61,    26.23
2024-2025,2,Albemarle County ,950,Journey Middle,Mathematics,"Non-Hispanic, two or more races",8,SOL,Algebra I,<,>50
2024-2025,2,Albemarle County ,950,Journey Middle,Mathematics,"Non-Hispanic, two or more races",8,SOL,Geometry,<,>50
2024-2025,2,Albemarle County ,950,Journey Middle,Mathematics,"Non-Hispanic, two or more races",8,SOL,Mathematics,<,<50
2024-2025,2,Albemarle County ,950,Journey Middle,Mathematics,"White, not of Hispanic origin",8,SOL,Algebra I,              18,100.00
2024-2025,2,Albemarle County ,950,Journey Middle,Mathematics,"White, not of Hispanic origin",8,SOL,Geometry,              26,100.00
2024-2025,2,Albemarle County ,950,Journey Middle,Mathematics,"White, not of Hispanic origin",8,SOL,Mathematics,              17,<50
2024-2025,2,Albemarle County ,1051,Lakeside Middle,Mathematics,American Indian or Alaska Native,8,SOL,Algebra I,<,>50
2024-2025,2,Albemarle County ,1051,Lakeside Middle,Mathematics,Asian,8,SOL,Algebra I,<,>50
2024-2025,2,Albemarle County ,1051,Lakeside Middle,Mathematics,Asian,8,SOL,Geometry,              13,100.00
2024-2025,2,Albemarle County ,1051,Lakeside Middle,Mathematics,Asian,8,SOL,Mathematics,<,>50
2024-2025,2,Albemarle County ,1051,Lakeside Middle,Mathematics,"Black, not of Hispanic origin",8,SOL,Algebra I,<,>50
2024-2025,2,Albemarle County ,1051,Lakeside Middle,Mathematics,"Black, not of Hispanic origin",8,SOL,Geometry,<,>50
2024-2025,2,Albemarle County ,1051,Lakeside Middle,Mathematics,"Black, not of Hispanic origin",8,SOL,Mathematics,              13,    61.54
2024-2025,2,Albemarle County ,1051,Lakeside Middle,Mathematics,Hispanic,8,SOL,Algebra I,<,>50
2024-2025,2,Albemarle County ,1051,Lakeside Middle,Mathematics,Hispanic,8,SOL,Geometry,<,>50
2024-2025,2,Albemarle County ,1051,Lakeside Middle,Mathematics,Hispanic,8,SOL,Mathematics,              17,    52.94
2024-2025,2,Albemarle County ,1051,Lakeside Middle,Mathematics,"Non-Hispanic, two or more races",8,SOL,Algebra I,<,>50
2024-2025,2,Albemarle County ,1051,Lakeside Middle,Mathematics,"Non-Hispanic, two or more races",8,SOL,Geometry,<,>50
2024-2025,2,Albemarle County ,1051,Lakeside Middle,Mathematics,"Non-Hispanic, two or more races",8,SOL,Mathematics,<,>50
2024-2025,2,Albemarle County ,1051,Lakeside Middle,Mathematics,"White, not of Hispanic origin",8,SOL,Algebra I,              33,    90.91
2024-2025,2,Albemarle County ,1051,Lakeside Middle,Mathematics,"White, not of Hispanic origin",8,SOL,Geometry,              43,    93.02
2024-2025,2,Albemarle County ,1051,Lakeside Middle,Mathematics,"White, not of Hispanic origin",8,SOL,Mathematics,              14,    71.43
2024-2025,2,Albemarle County ,20,Leslie H. Walton Middle,Mathematics,Asian,8,SOL,Algebra I,<,>50
2024-2025,2,Albemarle County ,20,Leslie H. Walton Middle,Mathematics,Asian,8,SOL,Geometry,<,>50
2024-2025,2,Albemarle County ,20,Leslie H. Walton Middle,Mathematics,Asian,8,SOL,Mathematics,<,>50
2024-2025,2,Albemarle County ,20,Leslie H. Walton Middle,Mathematics,"Black, not of Hispanic origin",8,SOL,Algebra I,<,<50
2024-2025,2,Albemarle County ,20,Leslie H. Walton Middle,Mathematics,"Black, not of Hispanic origin",8,SOL,Mathematics,<,>50
2024-2025,2,Albemarle County ,20,Leslie H. Walton Middle,Mathematics,Hispanic,8,SOL,Algebra I,<,>50
2024-2025,2,Albemarle County ,20,Leslie H. Walton Middle,Mathematics,Hispanic,8,SOL,Geometry,<,>50
2024-2025,2,Albemarle County ,20,Leslie H. Walton Middle,Mathematics,Hispanic,8,SOL,Mathematics,              14,    64.29
2024-2025,2,Albemarle County ,20,Leslie H. Walton Middle,Mathematics,"Non-Hispanic, two or more races",8,SOL,Geometry,<,>50
2024-2025,2,Albemarle County ,20,Leslie H. Walton Middle,Mathematics,"Non-Hispanic, two or more races",8,SOL,Mathematics,<,>50
2024-2025,2,Albemarle County ,20,Leslie H. Walton Middle,Mathematics,"White, not of Hispanic origin",8,SOL,Algebra I,              16,    81.25
2024-2025,2,Albemarle County ,20,Leslie H. Walton Middle,Mathematics,"White, not of Hispanic origin",8,SOL,Geometry,              21,100.00
2024-2025,2,Albemarle County ,20,Leslie H. Walton Middle,Mathematics,"White, not of Hispanic origin",8,SOL,Mathematics,              40,    57.50
