"Year","School_ID","Entity","Group","Test","Pass Rate","Total Count"
"2005-2006",NA,"Albemarle County","All Students","Algebra I",98.91,274
"2005-2006",NA,"Albemarle County","All Students","Geometry",100,132
"2005-2006",NA,"Albemarle County","All Students","Mathematics",85.22,893
"2005-2006",NA,"Albemarle County","Economically Advantaged","Algebra I",99.23,260
"2005-2006",NA,"Albemarle County","Economically Advantaged","Geometry",100,129
"2005-2006",NA,"Albemarle County","Economically Advantaged","Mathematics",89.48,770
"2005-2006",NA,"Albemarle County","Economically Disadvantaged","Algebra I",92.86,14
"2005-2006",NA,"Albemarle County","Economically Disadvantaged","Geometry",NA,NA
"2005-2006",NA,"Albemarle County","Economically Disadvantaged","Mathematics",58.54,123
"2005-2006",NA,"Albemarle County","Non-English Learners","Algebra I",98.87,266
"2005-2006",NA,"Albemarle County","Non-English Learners","Geometry",100,128
"2005-2006",NA,"Albemarle County","Non-English Learners","Mathematics",85.48,854
"2005-2006",NA,"Albemarle County","English Learners","Algebra I",NA,NA
"2005-2006",NA,"Albemarle County","English Learners","Geometry",NA,NA
"2005-2006",NA,"Albemarle County","English Learners","Mathematics",77.14,35
"2005-2006",NA,"Albemarle County","Unknown Race","Algebra I",NA,NA
"2005-2006",NA,"Albemarle County","Unknown Race","Mathematics",NA,NA
"2005-2006",NA,"Albemarle County","American Indian","Geometry",NA,NA
"2005-2006",NA,"Albemarle County","American Indian","Mathematics",NA,NA
"2005-2006",NA,"Albemarle County","Asian","Algebra I",100,16
"2005-2006",NA,"Albemarle County","Asian","Geometry",100,11
"2005-2006",NA,"Albemarle County","Asian","Mathematics",97.56,41
"2005-2006",NA,"Albemarle County","Black","Algebra I",92.86,14
"2005-2006",NA,"Albemarle County","Black","Geometry",NA,NA
"2005-2006",NA,"Albemarle County","Black","Mathematics",60.87,115
"2005-2006",NA,"Albemarle County","Hispanic","Algebra I",NA,NA
"2005-2006",NA,"Albemarle County","Hispanic","Geometry",NA,NA
"2005-2006",NA,"Albemarle County","Hispanic","Mathematics",78.57,28
"2005-2006",NA,"Albemarle County","White","Algebra I",99.17,240
"2005-2006",NA,"Albemarle County","White","Geometry",100,115
"2005-2006",NA,"Albemarle County","White","Mathematics",88.81,706
"2005-2006",950,"Journey Middle (Formerly: Jack Jouett Middle)","All Students","Algebra I",95,60
"2005-2006",950,"Journey Middle (Formerly: Jack Jouett Middle)","All Students","Geometry",100,15
"2005-2006",950,"Journey Middle (Formerly: Jack Jouett Middle)","All Students","Mathematics",80.12,171
"2005-2006",950,"Journey Middle (Formerly: Jack Jouett Middle)","Economically Advantaged","Algebra I",96.61,59
"2005-2006",950,"Journey Middle (Formerly: Jack Jouett Middle)","Economically Disadvantaged","Algebra I",NA,NA
"2005-2006",950,"Journey Middle (Formerly: Jack Jouett Middle)","Economically Advantaged","Geometry",100,15
"2005-2006",950,"Journey Middle (Formerly: Jack Jouett Middle)","Economically Advantaged","Mathematics",84.25,146
"2005-2006",950,"Journey Middle (Formerly: Jack Jouett Middle)","Economically Disadvantaged","Mathematics",56,25
"2005-2006",950,"Journey Middle (Formerly: Jack Jouett Middle)","Non-English Learners","Algebra I",94.74,57
"2005-2006",950,"Journey Middle (Formerly: Jack Jouett Middle)","English Learners","Algebra I",NA,NA
"2005-2006",950,"Journey Middle (Formerly: Jack Jouett Middle)","Non-English Learners","Geometry",100,14
"2005-2006",950,"Journey Middle (Formerly: Jack Jouett Middle)","Non-English Learners","Mathematics",80.25,157
"2005-2006",950,"Journey Middle (Formerly: Jack Jouett Middle)","English Learners","Mathematics",76.92,13
"2005-2006",950,"Journey Middle (Formerly: Jack Jouett Middle)","Asian","Algebra I",NA,NA
"2005-2006",950,"Journey Middle (Formerly: Jack Jouett Middle)","Asian","Geometry",NA,NA
"2005-2006",950,"Journey Middle (Formerly: Jack Jouett Middle)","Asian","Mathematics",93.75,16
"2005-2006",950,"Journey Middle (Formerly: Jack Jouett Middle)","Black","Algebra I",NA,NA
"2005-2006",950,"Journey Middle (Formerly: Jack Jouett Middle)","Black","Mathematics",51.52,33
"2005-2006",950,"Journey Middle (Formerly: Jack Jouett Middle)","Hispanic","Geometry",NA,NA
"2005-2006",950,"Journey Middle (Formerly: Jack Jouett Middle)","Hispanic","Mathematics",90,10
"2005-2006",950,"Journey Middle (Formerly: Jack Jouett Middle)","White","Algebra I",95.92,49
"2005-2006",950,"Journey Middle (Formerly: Jack Jouett Middle)","White","Geometry",100,13
"2005-2006",950,"Journey Middle (Formerly: Jack Jouett Middle)","White","Mathematics",85.71,112
"2005-2006",69,"Jackson P. Burley Middle","All Students","Algebra I",100,15
"2005-2006",69,"Jackson P. Burley Middle","All Students","Geometry",100,23
"2005-2006",69,"Jackson P. Burley Middle","All Students","Mathematics",84.47,103
"2005-2006",69,"Jackson P. Burley Middle","Economically Advantaged","Algebra I",100,14
"2005-2006",69,"Jackson P. Burley Middle","Economically Disadvantaged","Algebra I",NA,NA
"2005-2006",69,"Jackson P. Burley Middle","Economically Advantaged","Geometry",100,23
"2005-2006",69,"Jackson P. Burley Middle","Economically Advantaged","Mathematics",90.91,88
"2005-2006",69,"Jackson P. Burley Middle","Economically Disadvantaged","Mathematics",NA,15
"2005-2006",69,"Jackson P. Burley Middle","Non-English Learners","Algebra I",100,15
"2005-2006",69,"Jackson P. Burley Middle","Non-English Learners","Geometry",100,23
"2005-2006",69,"Jackson P. Burley Middle","Non-English Learners","Mathematics",83.84,99
"2005-2006",69,"Jackson P. Burley Middle","English Learners","Mathematics",NA,NA
"2005-2006",69,"Jackson P. Burley Middle","Asian","Mathematics",NA,NA
"2005-2006",69,"Jackson P. Burley Middle","Black","Algebra I",NA,NA
"2005-2006",69,"Jackson P. Burley Middle","Black","Mathematics",62.5,24
"2005-2006",69,"Jackson P. Burley Middle","Hispanic","Mathematics",NA,NA
"2005-2006",69,"Jackson P. Burley Middle","Unknown Race","Mathematics",NA,NA
"2005-2006",69,"Jackson P. Burley Middle","White","Algebra I",100,13
"2005-2006",69,"Jackson P. Burley Middle","White","Geometry",100,23
"2005-2006",69,"Jackson P. Burley Middle","White","Mathematics",91.78,73
"2005-2006",942,"Joseph T. Henley Middle","All Students","Algebra I",100,87
"2005-2006",942,"Joseph T. Henley Middle","All Students","Geometry",100,29
"2005-2006",942,"Joseph T. Henley Middle","All Students","Mathematics",87.61,234
"2005-2006",942,"Joseph T. Henley Middle","Economically Advantaged","Algebra I",100,86
"2005-2006",942,"Joseph T. Henley Middle","Economically Disadvantaged","Algebra I",NA,NA
"2005-2006",942,"Joseph T. Henley Middle","Economically Advantaged","Geometry",100,28
"2005-2006",942,"Joseph T. Henley Middle","Economically Disadvantaged","Geometry",NA,NA
"2005-2006",942,"Joseph T. Henley Middle","Economically Advantaged","Mathematics",91.55,213
"2005-2006",942,"Joseph T. Henley Middle","Economically Disadvantaged","Mathematics",47.62,21
"2005-2006",942,"Joseph T. Henley Middle","Non-English Learners","Algebra I",100,87
"2005-2006",942,"Joseph T. Henley Middle","Non-English Learners","Geometry",100,28
"2005-2006",942,"Joseph T. Henley Middle","English Learners","Geometry",NA,NA
"2005-2006",942,"Joseph T. Henley Middle","Non-English Learners","Mathematics",87.72,228
"2005-2006",942,"Joseph T. Henley Middle","English Learners","Mathematics",NA,NA
"2005-2006",942,"Joseph T. Henley Middle","Asian","Algebra I",NA,NA
"2005-2006",942,"Joseph T. Henley Middle","Asian","Geometry",NA,NA
"2005-2006",942,"Joseph T. Henley Middle","Asian","Mathematics",NA,NA
"2005-2006",942,"Joseph T. Henley Middle","Black","Mathematics",NA,NA
"2005-2006",942,"Joseph T. Henley Middle","Hispanic","Mathematics",NA,NA
"2005-2006",942,"Joseph T. Henley Middle","White","Algebra I",100,83
"2005-2006",942,"Joseph T. Henley Middle","White","Geometry",100,24
"2005-2006",942,"Joseph T. Henley Middle","White","Mathematics",88.53,218
"2005-2006",20,"Leslie H. Walton Middle","All Students","Algebra I",100,51
"2005-2006",20,"Leslie H. Walton Middle","All Students","Geometry",100,27
"2005-2006",20,"Leslie H. Walton Middle","All Students","Mathematics",79.88,164
"2005-2006",20,"Leslie H. Walton Middle","Economically Advantaged","Algebra I",100,42
"2005-2006",20,"Leslie H. Walton Middle","Economically Disadvantaged","Algebra I",NA,NA
"2005-2006",20,"Leslie H. Walton Middle","Economically Advantaged","Geometry",100,25
"2005-2006",20,"Leslie H. Walton Middle","Economically Disadvantaged","Geometry",NA,NA
"2005-2006",20,"Leslie H. Walton Middle","Economically Advantaged","Mathematics",84.92,126
"2005-2006",20,"Leslie H. Walton Middle","Economically Disadvantaged","Mathematics",63.16,38
"2005-2006",20,"Leslie H. Walton Middle","Non-English Learners","Algebra I",100,48
"2005-2006",20,"Leslie H. Walton Middle","English Learners","Algebra I",NA,NA
"2005-2006",20,"Leslie H. Walton Middle","Non-English Learners","Geometry",100,26
"2005-2006",20,"Leslie H. Walton Middle","English Learners","Geometry",NA,NA
"2005-2006",20,"Leslie H. Walton Middle","Non-English Learners","Mathematics",81.17,154
"2005-2006",20,"Leslie H. Walton Middle","English Learners","Mathematics",60,10
"2005-2006",20,"Leslie H. Walton Middle","American Indian","Geometry",NA,NA
"2005-2006",20,"Leslie H. Walton Middle","American Indian","Mathematics",NA,NA
"2005-2006",20,"Leslie H. Walton Middle","Asian","Algebra I",NA,NA
"2005-2006",20,"Leslie H. Walton Middle","Asian","Mathematics",NA,NA
"2005-2006",20,"Leslie H. Walton Middle","Black","Algebra I",NA,NA
"2005-2006",20,"Leslie H. Walton Middle","Black","Geometry",NA,NA
"2005-2006",20,"Leslie H. Walton Middle","Black","Mathematics",73.68,19
"2005-2006",20,"Leslie H. Walton Middle","Hispanic","Algebra I",NA,NA
"2005-2006",20,"Leslie H. Walton Middle","Hispanic","Geometry",NA,NA
"2005-2006",20,"Leslie H. Walton Middle","Hispanic","Mathematics",63.64,11
"2005-2006",20,"Leslie H. Walton Middle","White","Algebra I",100,45
"2005-2006",20,"Leslie H. Walton Middle","White","Geometry",100,23
"2005-2006",20,"Leslie H. Walton Middle","White","Mathematics",81.82,132
"2005-2006",1051,"Lakeside Middle (Formerly: Mortimer Y. Sutherland Middle)","All Students","Algebra I",100,59
"2005-2006",1051,"Lakeside Middle (Formerly: Mortimer Y. Sutherland Middle)","All Students","Geometry",100,38
"2005-2006",1051,"Lakeside Middle (Formerly: Mortimer Y. Sutherland Middle)","All Students","Mathematics",92.63,217
"2005-2006",1051,"Lakeside Middle (Formerly: Mortimer Y. Sutherland Middle)","Economically Advantaged","Algebra I",100,57
"2005-2006",1051,"Lakeside Middle (Formerly: Mortimer Y. Sutherland Middle)","Economically Disadvantaged","Algebra I",NA,NA
"2005-2006",1051,"Lakeside Middle (Formerly: Mortimer Y. Sutherland Middle)","Economically Advantaged","Geometry",100,38
"2005-2006",1051,"Lakeside Middle (Formerly: Mortimer Y. Sutherland Middle)","Economically Advantaged","Mathematics",94.85,194
"2005-2006",1051,"Lakeside Middle (Formerly: Mortimer Y. Sutherland Middle)","Economically Disadvantaged","Mathematics",73.91,23
"2005-2006",1051,"Lakeside Middle (Formerly: Mortimer Y. Sutherland Middle)","Non-English Learners","Algebra I",100,57
"2005-2006",1051,"Lakeside Middle (Formerly: Mortimer Y. Sutherland Middle)","English Learners","Algebra I",NA,NA
"2005-2006",1051,"Lakeside Middle (Formerly: Mortimer Y. Sutherland Middle)","Non-English Learners","Geometry",100,37
"2005-2006",1051,"Lakeside Middle (Formerly: Mortimer Y. Sutherland Middle)","Non-English Learners","Mathematics",92.45,212
"2005-2006",1051,"Lakeside Middle (Formerly: Mortimer Y. Sutherland Middle)","English Learners","Mathematics",NA,NA
"2005-2006",1051,"Lakeside Middle (Formerly: Mortimer Y. Sutherland Middle)","American Indian","Mathematics",NA,NA
"2005-2006",1051,"Lakeside Middle (Formerly: Mortimer Y. Sutherland Middle)","Asian","Algebra I",NA,NA
"2005-2006",1051,"Lakeside Middle (Formerly: Mortimer Y. Sutherland Middle)","Asian","Geometry",NA,NA
"2005-2006",1051,"Lakeside Middle (Formerly: Mortimer Y. Sutherland Middle)","Asian","Mathematics",100,13
"2005-2006",1051,"Lakeside Middle (Formerly: Mortimer Y. Sutherland Middle)","Black","Algebra I",NA,NA
"2005-2006",1051,"Lakeside Middle (Formerly: Mortimer Y. Sutherland Middle)","Black","Mathematics",69.7,33
"2005-2006",1051,"Lakeside Middle (Formerly: Mortimer Y. Sutherland Middle)","Hispanic","Algebra I",NA,NA
"2005-2006",1051,"Lakeside Middle (Formerly: Mortimer Y. Sutherland Middle)","Hispanic","Geometry",NA,NA
"2005-2006",1051,"Lakeside Middle (Formerly: Mortimer Y. Sutherland Middle)","Hispanic","Mathematics",NA,NA
"2005-2006",1051,"Lakeside Middle (Formerly: Mortimer Y. Sutherland Middle)","White","Algebra I",100,49
"2005-2006",1051,"Lakeside Middle (Formerly: Mortimer Y. Sutherland Middle)","White","Geometry",100,32
"2005-2006",1051,"Lakeside Middle (Formerly: Mortimer Y. Sutherland Middle)","White","Mathematics",96.45,169
"2005-2006",NA,"Virginia","All Students","Algebra I",98.46,23959
"2005-2006",NA,"Virginia","All Students","Geometry",98.86,4818
"2005-2006",NA,"Virginia","All Students","Mathematics",71.13,65261
"2005-2006",NA,"Virginia","Economically Advantaged","Algebra I",98.91,20712
"2005-2006",NA,"Virginia","Economically Advantaged","Geometry",99.47,4374
"2005-2006",NA,"Virginia","Economically Advantaged","Mathematics",77.14,41797
"2005-2006",NA,"Virginia","Economically Disadvantaged","Algebra I",95.63,3247
"2005-2006",NA,"Virginia","Economically Disadvantaged","Geometry",92.79,444
"2005-2006",NA,"Virginia","Economically Disadvantaged","Mathematics",60.42,23464
"2005-2006",NA,"Virginia","Non-English Learners","Algebra I",98.48,23227
"2005-2006",NA,"Virginia","Non-English Learners","Geometry",98.84,4749
"2005-2006",NA,"Virginia","Non-English Learners","Mathematics",72.13,61153
"2005-2006",NA,"Virginia","English Learners","Algebra I",97.17,530
"2005-2006",NA,"Virginia","English Learners","Geometry",100,48
"2005-2006",NA,"Virginia","English Learners","Mathematics",53.21,3477
"2005-2006",NA,"Virginia","Unknown Race","Algebra I",99.49,389
"2005-2006",NA,"Virginia","Unknown Race","Geometry",100,61
"2005-2006",NA,"Virginia","Unknown Race","Mathematics",73.87,976
"2005-2006",NA,"Virginia","American Indian","Algebra I",97.1,69
"2005-2006",NA,"Virginia","American Indian","Geometry",100,12
"2005-2006",NA,"Virginia","American Indian","Mathematics",72.19,187
"2005-2006",NA,"Virginia","Asian","Algebra I",99.36,2018
"2005-2006",NA,"Virginia","Asian","Geometry",100,523
"2005-2006",NA,"Virginia","Asian","Mathematics",81.81,2232
"2005-2006",NA,"Virginia","Black","Algebra I",95.7,3464
"2005-2006",NA,"Virginia","Black","Geometry",93.99,632
"2005-2006",NA,"Virginia","Black","Mathematics",60.52,20598
"2005-2006",NA,"Virginia","Hispanic","Algebra I",97.6,875
"2005-2006",NA,"Virginia","Hispanic","Geometry",99.05,105
"2005-2006",NA,"Virginia","Hispanic","Mathematics",60.12,5050
"2005-2006",NA,"Virginia","White","Algebra I",98.94,17123
"2005-2006",NA,"Virginia","White","Geometry",100,3476
"2005-2006",NA,"Virginia","White","Mathematics",77.95,36170
"2005-2006",NA,"Virginia","Native Hawaiian  or Pacific Islander","Algebra I",100,21
"2005-2006",NA,"Virginia","Native Hawaiian  or Pacific Islander","Geometry",NA,NA
"2005-2006",NA,"Virginia","Native Hawaiian  or Pacific Islander","Mathematics",77.08,48
"2006-2007",NA,"Albemarle County","All Students","Algebra I",99.28,279
"2006-2007",NA,"Albemarle County","All Students","Geometry",100,138
"2006-2007",NA,"Albemarle County","All Students","Mathematics",67.83,457
"2006-2007",NA,"Albemarle County","Economically Advantaged","Algebra I",99.25,266
"2006-2007",NA,"Albemarle County","Economically Advantaged","Geometry",100,132
"2006-2007",NA,"Albemarle County","Economically Advantaged","Mathematics",75.24,319
"2006-2007",NA,"Albemarle County","Economically Disadvantaged","Algebra I",100,13
"2006-2007",NA,"Albemarle County","Economically Disadvantaged","Geometry",NA,NA
"2006-2007",NA,"Albemarle County","Economically Disadvantaged","Mathematics",50.72,138
"2006-2007",NA,"Albemarle County","Non-English Learners","Algebra I",99.26,270
"2006-2007",NA,"Albemarle County","Non-English Learners","Geometry",100,131
"2006-2007",NA,"Albemarle County","Non-English Learners","Mathematics",68.22,428
"2006-2007",NA,"Albemarle County","English Learners","Algebra I",NA,NA
"2006-2007",NA,"Albemarle County","English Learners","Geometry",NA,NA
"2006-2007",NA,"Albemarle County","English Learners","Mathematics",63.64,22
"2006-2007",NA,"Albemarle County","Unknown Race","Algebra I",NA,NA
"2006-2007",NA,"Albemarle County","Unknown Race","Geometry",NA,NA
"2006-2007",NA,"Albemarle County","Unknown Race","Mathematics",NA,NA
"2006-2007",NA,"Albemarle County","American Indian","Mathematics",NA,NA
"2006-2007",NA,"Albemarle County","Asian","Algebra I",NA,NA
"2006-2007",NA,"Albemarle County","Asian","Geometry",100,22
"2006-2007",NA,"Albemarle County","Asian","Mathematics",86.67,15
"2006-2007",NA,"Albemarle County","Black","Algebra I",94.12,17
"2006-2007",NA,"Albemarle County","Black","Geometry",NA,NA
"2006-2007",NA,"Albemarle County","Black","Mathematics",51.96,102
"2006-2007",NA,"Albemarle County","Hispanic","Algebra I",NA,NA
"2006-2007",NA,"Albemarle County","Hispanic","Geometry",NA,NA
"2006-2007",NA,"Albemarle County","Hispanic","Mathematics",63.16,19
"2006-2007",NA,"Albemarle County","White","Algebra I",100,246
"2006-2007",NA,"Albemarle County","White","Geometry",100,112
"2006-2007",NA,"Albemarle County","White","Mathematics",72.06,315
"2006-2007",950,"Journey Middle (Formerly: Jack Jouett Middle)","All Students","Algebra I",96.43,56
"2006-2007",950,"Journey Middle (Formerly: Jack Jouett Middle)","All Students","Geometry",100,26
"2006-2007",950,"Journey Middle (Formerly: Jack Jouett Middle)","All Students","Mathematics",80.46,87
"2006-2007",950,"Journey Middle (Formerly: Jack Jouett Middle)","Economically Advantaged","Algebra I",96.23,53
"2006-2007",950,"Journey Middle (Formerly: Jack Jouett Middle)","Economically Disadvantaged","Algebra I",NA,NA
"2006-2007",950,"Journey Middle (Formerly: Jack Jouett Middle)","Economically Advantaged","Geometry",100,26
"2006-2007",950,"Journey Middle (Formerly: Jack Jouett Middle)","Economically Advantaged","Mathematics",85.48,62
"2006-2007",950,"Journey Middle (Formerly: Jack Jouett Middle)","Economically Disadvantaged","Mathematics",68,25
"2006-2007",950,"Journey Middle (Formerly: Jack Jouett Middle)","Non-English Learners","Algebra I",96.3,54
"2006-2007",950,"Journey Middle (Formerly: Jack Jouett Middle)","Non-English Learners","Geometry",100,25
"2006-2007",950,"Journey Middle (Formerly: Jack Jouett Middle)","English Learners","Geometry",NA,NA
"2006-2007",950,"Journey Middle (Formerly: Jack Jouett Middle)","Non-English Learners","Mathematics",81.25,80
"2006-2007",950,"Journey Middle (Formerly: Jack Jouett Middle)","English Learners","Mathematics",NA,NA
"2006-2007",950,"Journey Middle (Formerly: Jack Jouett Middle)","American Indian","Mathematics",NA,NA
"2006-2007",950,"Journey Middle (Formerly: Jack Jouett Middle)","Asian","Algebra I",NA,NA
"2006-2007",950,"Journey Middle (Formerly: Jack Jouett Middle)","Asian","Geometry",NA,NA
"2006-2007",950,"Journey Middle (Formerly: Jack Jouett Middle)","Asian","Mathematics",NA,NA
"2006-2007",950,"Journey Middle (Formerly: Jack Jouett Middle)","Black","Algebra I",NA,NA
"2006-2007",950,"Journey Middle (Formerly: Jack Jouett Middle)","Black","Mathematics",68.75,32
"2006-2007",950,"Journey Middle (Formerly: Jack Jouett Middle)","Hispanic","Geometry",NA,NA
"2006-2007",950,"Journey Middle (Formerly: Jack Jouett Middle)","Hispanic","Mathematics",NA,NA
"2006-2007",950,"Journey Middle (Formerly: Jack Jouett Middle)","Unknown Race","Geometry",NA,NA
"2006-2007",950,"Journey Middle (Formerly: Jack Jouett Middle)","Unknown Race","Mathematics",NA,NA
"2006-2007",950,"Journey Middle (Formerly: Jack Jouett Middle)","White","Algebra I",98.04,51
"2006-2007",950,"Journey Middle (Formerly: Jack Jouett Middle)","White","Geometry",100,17
"2006-2007",950,"Journey Middle (Formerly: Jack Jouett Middle)","White","Mathematics",89.58,48
"2006-2007",69,"Jackson P. Burley Middle","All Students","Algebra I",100,33
"2006-2007",69,"Jackson P. Burley Middle","All Students","Geometry",100,21
"2006-2007",69,"Jackson P. Burley Middle","All Students","Mathematics",56.12,98
"2006-2007",69,"Jackson P. Burley Middle","Economically Advantaged","Algebra I",100,29
"2006-2007",69,"Jackson P. Burley Middle","Economically Disadvantaged","Algebra I",NA,NA
"2006-2007",69,"Jackson P. Burley Middle","Economically Advantaged","Geometry",100,21
"2006-2007",69,"Jackson P. Burley Middle","Economically Advantaged","Mathematics",66.07,56
"2006-2007",69,"Jackson P. Burley Middle","Economically Disadvantaged","Mathematics",42.86,42
"2006-2007",69,"Jackson P. Burley Middle","Non-English Learners","Algebra I",100,31
"2006-2007",69,"Jackson P. Burley Middle","English Learners","Algebra I",NA,NA
"2006-2007",69,"Jackson P. Burley Middle","Non-English Learners","Geometry",100,21
"2006-2007",69,"Jackson P. Burley Middle","Non-English Learners","Mathematics",54.95,91
"2006-2007",69,"Jackson P. Burley Middle","English Learners","Mathematics",NA,NA
"2006-2007",69,"Jackson P. Burley Middle","Asian","Algebra I",NA,NA
"2006-2007",69,"Jackson P. Burley Middle","Asian","Mathematics",NA,NA
"2006-2007",69,"Jackson P. Burley Middle","Black","Algebra I",NA,NA
"2006-2007",69,"Jackson P. Burley Middle","Black","Geometry",NA,NA
"2006-2007",69,"Jackson P. Burley Middle","Black","Mathematics",46.88,32
"2006-2007",69,"Jackson P. Burley Middle","Hispanic","Algebra I",NA,NA
"2006-2007",69,"Jackson P. Burley Middle","Hispanic","Mathematics",NA,NA
"2006-2007",69,"Jackson P. Burley Middle","Unknown Race","Mathematics",NA,NA
"2006-2007",69,"Jackson P. Burley Middle","White","Algebra I",100,26
"2006-2007",69,"Jackson P. Burley Middle","White","Geometry",100,20
"2006-2007",69,"Jackson P. Burley Middle","White","Mathematics",56.6,53
"2006-2007",942,"Joseph T. Henley Middle","All Students","Algebra I",100,88
"2006-2007",942,"Joseph T. Henley Middle","All Students","Geometry",100,27
"2006-2007",942,"Joseph T. Henley Middle","All Students","Mathematics",84.88,86
"2006-2007",942,"Joseph T. Henley Middle","Economically Advantaged","Algebra I",100,87
"2006-2007",942,"Joseph T. Henley Middle","Economically Disadvantaged","Algebra I",NA,NA
"2006-2007",942,"Joseph T. Henley Middle","Economically Advantaged","Geometry",100,27
"2006-2007",942,"Joseph T. Henley Middle","Economically Advantaged","Mathematics",88.41,69
"2006-2007",942,"Joseph T. Henley Middle","Economically Disadvantaged","Mathematics",70.59,17
"2006-2007",942,"Joseph T. Henley Middle","Non-English Learners","Algebra I",100,84
"2006-2007",942,"Joseph T. Henley Middle","English Learners","Algebra I",NA,NA
"2006-2007",942,"Joseph T. Henley Middle","Non-English Learners","Geometry",100,25
"2006-2007",942,"Joseph T. Henley Middle","English Learners","Geometry",NA,NA
"2006-2007",942,"Joseph T. Henley Middle","Non-English Learners","Mathematics",85.71,84
"2006-2007",942,"Joseph T. Henley Middle","English Learners","Mathematics",NA,NA
"2006-2007",942,"Joseph T. Henley Middle","Asian","Algebra I",NA,NA
"2006-2007",942,"Joseph T. Henley Middle","Asian","Geometry",NA,NA
"2006-2007",942,"Joseph T. Henley Middle","Asian","Mathematics",NA,NA
"2006-2007",942,"Joseph T. Henley Middle","Black","Algebra I",NA,NA
"2006-2007",942,"Joseph T. Henley Middle","Black","Mathematics",NA,NA
"2006-2007",942,"Joseph T. Henley Middle","Hispanic","Algebra I",NA,NA
"2006-2007",942,"Joseph T. Henley Middle","Unknown Race","Algebra I",NA,NA
"2006-2007",942,"Joseph T. Henley Middle","Unknown Race","Mathematics",NA,NA
"2006-2007",942,"Joseph T. Henley Middle","White","Algebra I",100,80
"2006-2007",942,"Joseph T. Henley Middle","White","Geometry",100,21
"2006-2007",942,"Joseph T. Henley Middle","White","Mathematics",85.71,77
"2006-2007",20,"Leslie H. Walton Middle","All Students","Algebra I",100,43
"2006-2007",20,"Leslie H. Walton Middle","All Students","Geometry",100,19
"2006-2007",20,"Leslie H. Walton Middle","All Students","Mathematics",39.74,78
"2006-2007",20,"Leslie H. Walton Middle","Economically Advantaged","Algebra I",100,39
"2006-2007",20,"Leslie H. Walton Middle","Economically Disadvantaged","Algebra I",NA,NA
"2006-2007",20,"Leslie H. Walton Middle","Economically Advantaged","Geometry",100,16
"2006-2007",20,"Leslie H. Walton Middle","Economically Disadvantaged","Geometry",NA,NA
"2006-2007",20,"Leslie H. Walton Middle","Economically Advantaged","Mathematics",42.55,47
"2006-2007",20,"Leslie H. Walton Middle","Economically Disadvantaged","Mathematics",35.48,31
"2006-2007",20,"Leslie H. Walton Middle","Non-English Learners","Algebra I",100,42
"2006-2007",20,"Leslie H. Walton Middle","Non-English Learners","Geometry",100,16
"2006-2007",20,"Leslie H. Walton Middle","English Learners","Geometry",NA,NA
"2006-2007",20,"Leslie H. Walton Middle","Non-English Learners","Mathematics",38.57,70
"2006-2007",20,"Leslie H. Walton Middle","English Learners","Mathematics",NA,NA
"2006-2007",20,"Leslie H. Walton Middle","Asian","Geometry",NA,NA
"2006-2007",20,"Leslie H. Walton Middle","Asian","Mathematics",NA,NA
"2006-2007",20,"Leslie H. Walton Middle","Black","Algebra I",NA,NA
"2006-2007",20,"Leslie H. Walton Middle","Black","Mathematics",NA,19
"2006-2007",20,"Leslie H. Walton Middle","Hispanic","Algebra I",NA,NA
"2006-2007",20,"Leslie H. Walton Middle","Hispanic","Geometry",NA,NA
"2006-2007",20,"Leslie H. Walton Middle","Hispanic","Mathematics",NA,NA
"2006-2007",20,"Leslie H. Walton Middle","Unknown Race","Mathematics",NA,NA
"2006-2007",20,"Leslie H. Walton Middle","White","Algebra I",100,35
"2006-2007",20,"Leslie H. Walton Middle","White","Geometry",100,16
"2006-2007",20,"Leslie H. Walton Middle","White","Mathematics",41.18,51
"2006-2007",1051,"Lakeside Middle (Formerly: Mortimer Y. Sutherland Middle)","All Students","Algebra I",100,58
"2006-2007",1051,"Lakeside Middle (Formerly: Mortimer Y. Sutherland Middle)","All Students","Geometry",100,45
"2006-2007",1051,"Lakeside Middle (Formerly: Mortimer Y. Sutherland Middle)","All Students","Mathematics",80.81,99
"2006-2007",1051,"Lakeside Middle (Formerly: Mortimer Y. Sutherland Middle)","Economically Advantaged","Algebra I",100,57
"2006-2007",1051,"Lakeside Middle (Formerly: Mortimer Y. Sutherland Middle)","Economically Disadvantaged","Algebra I",NA,NA
"2006-2007",1051,"Lakeside Middle (Formerly: Mortimer Y. Sutherland Middle)","Economically Advantaged","Geometry",100,42
"2006-2007",1051,"Lakeside Middle (Formerly: Mortimer Y. Sutherland Middle)","Economically Disadvantaged","Geometry",NA,NA
"2006-2007",1051,"Lakeside Middle (Formerly: Mortimer Y. Sutherland Middle)","Economically Advantaged","Mathematics",82.93,82
"2006-2007",1051,"Lakeside Middle (Formerly: Mortimer Y. Sutherland Middle)","Economically Disadvantaged","Mathematics",70.59,17
"2006-2007",1051,"Lakeside Middle (Formerly: Mortimer Y. Sutherland Middle)","Non-English Learners","Algebra I",100,58
"2006-2007",1051,"Lakeside Middle (Formerly: Mortimer Y. Sutherland Middle)","Non-English Learners","Geometry",100,44
"2006-2007",1051,"Lakeside Middle (Formerly: Mortimer Y. Sutherland Middle)","Non-English Learners","Mathematics",81.05,95
"2006-2007",1051,"Lakeside Middle (Formerly: Mortimer Y. Sutherland Middle)","English Learners","Mathematics",NA,NA
"2006-2007",1051,"Lakeside Middle (Formerly: Mortimer Y. Sutherland Middle)","Asian","Algebra I",NA,NA
"2006-2007",1051,"Lakeside Middle (Formerly: Mortimer Y. Sutherland Middle)","Asian","Geometry",NA,NA
"2006-2007",1051,"Lakeside Middle (Formerly: Mortimer Y. Sutherland Middle)","Asian","Mathematics",NA,NA
"2006-2007",1051,"Lakeside Middle (Formerly: Mortimer Y. Sutherland Middle)","Black","Algebra I",NA,NA
"2006-2007",1051,"Lakeside Middle (Formerly: Mortimer Y. Sutherland Middle)","Black","Mathematics",60,10
"2006-2007",1051,"Lakeside Middle (Formerly: Mortimer Y. Sutherland Middle)","Hispanic","Mathematics",NA,NA
"2006-2007",1051,"Lakeside Middle (Formerly: Mortimer Y. Sutherland Middle)","White","Algebra I",100,54
"2006-2007",1051,"Lakeside Middle (Formerly: Mortimer Y. Sutherland Middle)","White","Geometry",100,38
"2006-2007",1051,"Lakeside Middle (Formerly: Mortimer Y. Sutherland Middle)","White","Mathematics",82.5,80
"2006-2007",NA,"Virginia","All Students","Algebra I",98.8,24403
"2006-2007",NA,"Virginia","All Students","Geometry",98.79,5516
"2006-2007",NA,"Virginia","All Students","Mathematics",71.85,63813
"2006-2007",NA,"Virginia","Economically Advantaged","Algebra I",99.26,20765
"2006-2007",NA,"Virginia","Economically Advantaged","Geometry",99.31,4938
"2006-2007",NA,"Virginia","Economically Advantaged","Mathematics",78.54,39664
"2006-2007",NA,"Virginia","Economically Disadvantaged","Algebra I",96.18,3638
"2006-2007",NA,"Virginia","Economically Disadvantaged","Geometry",94.29,578
"2006-2007",NA,"Virginia","Economically Disadvantaged","Mathematics",60.88,24149
"2006-2007",NA,"Virginia","Non-English Learners","Algebra I",98.84,23564
"2006-2007",NA,"Virginia","Non-English Learners","Geometry",98.76,5393
"2006-2007",NA,"Virginia","Non-English Learners","Mathematics",72.96,59512
"2006-2007",NA,"Virginia","English Learners","Algebra I",97.32,596
"2006-2007",NA,"Virginia","English Learners","Geometry",100,87
"2006-2007",NA,"Virginia","English Learners","Mathematics",53.45,3639
"2006-2007",NA,"Virginia","Unknown Race","Algebra I",98.57,491
"2006-2007",NA,"Virginia","Unknown Race","Geometry",95.65,92
"2006-2007",NA,"Virginia","Unknown Race","Mathematics",66.45,1222
"2006-2007",NA,"Virginia","American Indian","Algebra I",97.62,84
"2006-2007",NA,"Virginia","American Indian","Geometry",100,11
"2006-2007",NA,"Virginia","American Indian","Mathematics",76.04,217
"2006-2007",NA,"Virginia","Asian","Algebra I",100,2109
"2006-2007",NA,"Virginia","Asian","Geometry",100,696
"2006-2007",NA,"Virginia","Asian","Mathematics",82.81,2211
"2006-2007",NA,"Virginia","Black","Algebra I",97.08,3769
"2006-2007",NA,"Virginia","Black","Geometry",94.27,733
"2006-2007",NA,"Virginia","Black","Mathematics",61.54,20125
"2006-2007",NA,"Virginia","Hispanic","Algebra I",97.16,987
"2006-2007",NA,"Virginia","Hispanic","Geometry",100,141
"2006-2007",NA,"Virginia","Hispanic","Mathematics",60.59,5278
"2006-2007",NA,"Virginia","White","Algebra I",99.17,16948
"2006-2007",NA,"Virginia","White","Geometry",99.45,3839
"2006-2007",NA,"Virginia","White","Mathematics",79,34725
"2006-2007",NA,"Virginia","Native Hawaiian  or Pacific Islander","Algebra I",100,15
"2006-2007",NA,"Virginia","Native Hawaiian  or Pacific Islander","Geometry",NA,NA
"2006-2007",NA,"Virginia","Native Hawaiian  or Pacific Islander","Mathematics",82.86,35
"2007-2008",NA,"Albemarle County","All Students","Algebra I",100,282
"2007-2008",NA,"Albemarle County","All Students","Geometry",100,167
"2007-2008",NA,"Albemarle County","All Students","Mathematics",83.41,410
"2007-2008",NA,"Albemarle County","Economically Advantaged","Algebra I",100,266
"2007-2008",NA,"Albemarle County","Economically Advantaged","Geometry",100,159
"2007-2008",NA,"Albemarle County","Economically Advantaged","Mathematics",86.76,287
"2007-2008",NA,"Albemarle County","Economically Disadvantaged","Algebra I",100,16
"2007-2008",NA,"Albemarle County","Economically Disadvantaged","Geometry",NA,NA
"2007-2008",NA,"Albemarle County","Economically Disadvantaged","Mathematics",75.61,123
"2007-2008",NA,"Albemarle County","Non-English Learners","Algebra I",100,268
"2007-2008",NA,"Albemarle County","Non-English Learners","Geometry",100,161
"2007-2008",NA,"Albemarle County","Non-English Learners","Mathematics",83.11,379
"2007-2008",NA,"Albemarle County","English Learners","Algebra I",NA,NA
"2007-2008",NA,"Albemarle County","English Learners","Geometry",NA,NA
"2007-2008",NA,"Albemarle County","English Learners","Mathematics",86.21,29
"2007-2008",NA,"Albemarle County","Unknown Race","Mathematics",NA,NA
"2007-2008",NA,"Albemarle County","American Indian","Geometry",NA,NA
"2007-2008",NA,"Albemarle County","American Indian","Mathematics",NA,NA
"2007-2008",NA,"Albemarle County","Asian","Algebra I",NA,NA
"2007-2008",NA,"Albemarle County","Asian","Geometry",100,16
"2007-2008",NA,"Albemarle County","Asian","Mathematics",NA,NA
"2007-2008",NA,"Albemarle County","Black","Algebra I",100,13
"2007-2008",NA,"Albemarle County","Black","Geometry",NA,NA
"2007-2008",NA,"Albemarle County","Black","Mathematics",78.72,94
"2007-2008",NA,"Albemarle County","Hispanic","Algebra I",NA,NA
"2007-2008",NA,"Albemarle County","Hispanic","Geometry",NA,NA
"2007-2008",NA,"Albemarle County","Hispanic","Mathematics",86.67,30
"2007-2008",NA,"Albemarle County","White","Algebra I",100,251
"2007-2008",NA,"Albemarle County","White","Geometry",100,142
"2007-2008",NA,"Albemarle County","White","Mathematics",84.64,280
"2007-2008",950,"Journey Middle (Formerly: Jack Jouett Middle)","All Students","Algebra I",98.48,66
"2007-2008",950,"Journey Middle (Formerly: Jack Jouett Middle)","All Students","Geometry",100,29
"2007-2008",950,"Journey Middle (Formerly: Jack Jouett Middle)","All Students","Mathematics",90.41,73
"2007-2008",950,"Journey Middle (Formerly: Jack Jouett Middle)","Economically Advantaged","Algebra I",98.31,59
"2007-2008",950,"Journey Middle (Formerly: Jack Jouett Middle)","Economically Disadvantaged","Algebra I",NA,NA
"2007-2008",950,"Journey Middle (Formerly: Jack Jouett Middle)","Economically Advantaged","Geometry",100,26
"2007-2008",950,"Journey Middle (Formerly: Jack Jouett Middle)","Economically Disadvantaged","Geometry",NA,NA
"2007-2008",950,"Journey Middle (Formerly: Jack Jouett Middle)","Economically Advantaged","Mathematics",97.22,36
"2007-2008",950,"Journey Middle (Formerly: Jack Jouett Middle)","Economically Disadvantaged","Mathematics",83.78,37
"2007-2008",950,"Journey Middle (Formerly: Jack Jouett Middle)","Non-English Learners","Algebra I",98.39,62
"2007-2008",950,"Journey Middle (Formerly: Jack Jouett Middle)","English Learners","Algebra I",NA,NA
"2007-2008",950,"Journey Middle (Formerly: Jack Jouett Middle)","Non-English Learners","Geometry",100,28
"2007-2008",950,"Journey Middle (Formerly: Jack Jouett Middle)","English Learners","Geometry",NA,NA
"2007-2008",950,"Journey Middle (Formerly: Jack Jouett Middle)","Non-English Learners","Mathematics",91.67,60
"2007-2008",950,"Journey Middle (Formerly: Jack Jouett Middle)","English Learners","Mathematics",83.33,12
"2007-2008",950,"Journey Middle (Formerly: Jack Jouett Middle)","Asian","Algebra I",NA,NA
"2007-2008",950,"Journey Middle (Formerly: Jack Jouett Middle)","Asian","Geometry",NA,NA
"2007-2008",950,"Journey Middle (Formerly: Jack Jouett Middle)","Black","Algebra I",NA,NA
"2007-2008",950,"Journey Middle (Formerly: Jack Jouett Middle)","Black","Geometry",NA,NA
"2007-2008",950,"Journey Middle (Formerly: Jack Jouett Middle)","Black","Mathematics",85.71,28
"2007-2008",950,"Journey Middle (Formerly: Jack Jouett Middle)","Hispanic","Algebra I",NA,NA
"2007-2008",950,"Journey Middle (Formerly: Jack Jouett Middle)","Hispanic","Mathematics",80,10
"2007-2008",950,"Journey Middle (Formerly: Jack Jouett Middle)","White","Algebra I",98.18,55
"2007-2008",950,"Journey Middle (Formerly: Jack Jouett Middle)","White","Geometry",100,24
"2007-2008",950,"Journey Middle (Formerly: Jack Jouett Middle)","White","Mathematics",97.14,35
"2007-2008",69,"Jackson P. Burley Middle","All Students","Algebra I",100,47
"2007-2008",69,"Jackson P. Burley Middle","All Students","Geometry",100,21
"2007-2008",69,"Jackson P. Burley Middle","All Students","Mathematics",90.54,74
"2007-2008",69,"Jackson P. Burley Middle","Economically Advantaged","Algebra I",100,46
"2007-2008",69,"Jackson P. Burley Middle","Economically Disadvantaged","Algebra I",NA,NA
"2007-2008",69,"Jackson P. Burley Middle","Economically Advantaged","Geometry",100,21
"2007-2008",69,"Jackson P. Burley Middle","Economically Advantaged","Mathematics",93.88,49
"2007-2008",69,"Jackson P. Burley Middle","Economically Disadvantaged","Mathematics",84,25
"2007-2008",69,"Jackson P. Burley Middle","Non-English Learners","Algebra I",100,45
"2007-2008",69,"Jackson P. Burley Middle","English Learners","Algebra I",NA,NA
"2007-2008",69,"Jackson P. Burley Middle","Non-English Learners","Geometry",100,21
"2007-2008",69,"Jackson P. Burley Middle","Non-English Learners","Mathematics",91.94,62
"2007-2008",69,"Jackson P. Burley Middle","English Learners","Mathematics",83.33,12
"2007-2008",69,"Jackson P. Burley Middle","Asian","Algebra I",NA,NA
"2007-2008",69,"Jackson P. Burley Middle","Asian","Mathematics",NA,NA
"2007-2008",69,"Jackson P. Burley Middle","Black","Algebra I",NA,NA
"2007-2008",69,"Jackson P. Burley Middle","Black","Geometry",NA,NA
"2007-2008",69,"Jackson P. Burley Middle","Black","Mathematics",84,25
"2007-2008",69,"Jackson P. Burley Middle","Hispanic","Algebra I",NA,NA
"2007-2008",69,"Jackson P. Burley Middle","Hispanic","Mathematics",80,10
"2007-2008",69,"Jackson P. Burley Middle","White","Algebra I",100,41
"2007-2008",69,"Jackson P. Burley Middle","White","Geometry",100,19
"2007-2008",69,"Jackson P. Burley Middle","White","Mathematics",97.3,37
"2007-2008",942,"Joseph T. Henley Middle","All Students","Algebra I",100,81
"2007-2008",942,"Joseph T. Henley Middle","All Students","Geometry",100,37
"2007-2008",942,"Joseph T. Henley Middle","All Students","Mathematics",85.96,114
"2007-2008",942,"Joseph T. Henley Middle","Economically Advantaged","Algebra I",100,81
"2007-2008",942,"Joseph T. Henley Middle","Economically Advantaged","Geometry",100,36
"2007-2008",942,"Joseph T. Henley Middle","Economically Disadvantaged","Geometry",NA,NA
"2007-2008",942,"Joseph T. Henley Middle","Economically Advantaged","Mathematics",88.3,94
"2007-2008",942,"Joseph T. Henley Middle","Economically Disadvantaged","Mathematics",75,20
"2007-2008",942,"Joseph T. Henley Middle","Non-English Learners","Algebra I",100,78
"2007-2008",942,"Joseph T. Henley Middle","English Learners","Algebra I",NA,NA
"2007-2008",942,"Joseph T. Henley Middle","Non-English Learners","Geometry",100,34
"2007-2008",942,"Joseph T. Henley Middle","English Learners","Geometry",NA,NA
"2007-2008",942,"Joseph T. Henley Middle","Non-English Learners","Mathematics",85.59,111
"2007-2008",942,"Joseph T. Henley Middle","English Learners","Mathematics",NA,NA
"2007-2008",942,"Joseph T. Henley Middle","American Indian","Mathematics",NA,NA
"2007-2008",942,"Joseph T. Henley Middle","Asian","Algebra I",NA,NA
"2007-2008",942,"Joseph T. Henley Middle","Asian","Geometry",NA,NA
"2007-2008",942,"Joseph T. Henley Middle","Asian","Mathematics",NA,NA
"2007-2008",942,"Joseph T. Henley Middle","Black","Mathematics",NA,NA
"2007-2008",942,"Joseph T. Henley Middle","Hispanic","Algebra I",NA,NA
"2007-2008",942,"Joseph T. Henley Middle","Hispanic","Mathematics",NA,NA
"2007-2008",942,"Joseph T. Henley Middle","Unknown Race","Mathematics",NA,NA
"2007-2008",942,"Joseph T. Henley Middle","White","Algebra I",100,77
"2007-2008",942,"Joseph T. Henley Middle","White","Geometry",100,32
"2007-2008",942,"Joseph T. Henley Middle","White","Mathematics",85,100
"2007-2008",20,"Leslie H. Walton Middle","All Students","Algebra I",100,37
"2007-2008",20,"Leslie H. Walton Middle","All Students","Geometry",100,27
"2007-2008",20,"Leslie H. Walton Middle","All Students","Mathematics",72.29,83
"2007-2008",20,"Leslie H. Walton Middle","Economically Advantaged","Algebra I",100,32
"2007-2008",20,"Leslie H. Walton Middle","Economically Disadvantaged","Algebra I",NA,NA
"2007-2008",20,"Leslie H. Walton Middle","Economically Advantaged","Geometry",100,26
"2007-2008",20,"Leslie H. Walton Middle","Economically Disadvantaged","Geometry",NA,NA
"2007-2008",20,"Leslie H. Walton Middle","Economically Advantaged","Mathematics",75.47,53
"2007-2008",20,"Leslie H. Walton Middle","Economically Disadvantaged","Mathematics",66.67,30
"2007-2008",20,"Leslie H. Walton Middle","Non-English Learners","Algebra I",100,35
"2007-2008",20,"Leslie H. Walton Middle","Non-English Learners","Geometry",100,27
"2007-2008",20,"Leslie H. Walton Middle","Non-English Learners","Mathematics",71.25,80
"2007-2008",20,"Leslie H. Walton Middle","English Learners","Mathematics",NA,NA
"2007-2008",20,"Leslie H. Walton Middle","American Indian","Geometry",NA,NA
"2007-2008",20,"Leslie H. Walton Middle","Asian","Geometry",NA,NA
"2007-2008",20,"Leslie H. Walton Middle","Black","Algebra I",NA,NA
"2007-2008",20,"Leslie H. Walton Middle","Black","Mathematics",66.67,18
"2007-2008",20,"Leslie H. Walton Middle","Hispanic","Algebra I",NA,NA
"2007-2008",20,"Leslie H. Walton Middle","Hispanic","Geometry",NA,NA
"2007-2008",20,"Leslie H. Walton Middle","Hispanic","Mathematics",NA,NA
"2007-2008",20,"Leslie H. Walton Middle","White","Algebra I",100,32
"2007-2008",20,"Leslie H. Walton Middle","White","Geometry",100,24
"2007-2008",20,"Leslie H. Walton Middle","White","Mathematics",72.13,61
"2007-2008",1051,"Lakeside Middle (Formerly: Mortimer Y. Sutherland Middle)","All Students","Algebra I",100,51
"2007-2008",1051,"Lakeside Middle (Formerly: Mortimer Y. Sutherland Middle)","All Students","Geometry",100,53
"2007-2008",1051,"Lakeside Middle (Formerly: Mortimer Y. Sutherland Middle)","All Students","Mathematics",82.26,62
"2007-2008",1051,"Lakeside Middle (Formerly: Mortimer Y. Sutherland Middle)","Economically Advantaged","Algebra I",100,48
"2007-2008",1051,"Lakeside Middle (Formerly: Mortimer Y. Sutherland Middle)","Economically Disadvantaged","Algebra I",NA,NA
"2007-2008",1051,"Lakeside Middle (Formerly: Mortimer Y. Sutherland Middle)","Economically Advantaged","Geometry",100,50
"2007-2008",1051,"Lakeside Middle (Formerly: Mortimer Y. Sutherland Middle)","Economically Disadvantaged","Geometry",NA,NA
"2007-2008",1051,"Lakeside Middle (Formerly: Mortimer Y. Sutherland Middle)","Economically Advantaged","Mathematics",83.33,54
"2007-2008",1051,"Lakeside Middle (Formerly: Mortimer Y. Sutherland Middle)","Economically Disadvantaged","Mathematics",NA,NA
"2007-2008",1051,"Lakeside Middle (Formerly: Mortimer Y. Sutherland Middle)","Non-English Learners","Algebra I",100,48
"2007-2008",1051,"Lakeside Middle (Formerly: Mortimer Y. Sutherland Middle)","English Learners","Algebra I",NA,NA
"2007-2008",1051,"Lakeside Middle (Formerly: Mortimer Y. Sutherland Middle)","Non-English Learners","Geometry",100,51
"2007-2008",1051,"Lakeside Middle (Formerly: Mortimer Y. Sutherland Middle)","English Learners","Geometry",NA,NA
"2007-2008",1051,"Lakeside Middle (Formerly: Mortimer Y. Sutherland Middle)","Non-English Learners","Mathematics",82.26,62
"2007-2008",1051,"Lakeside Middle (Formerly: Mortimer Y. Sutherland Middle)","Asian","Algebra I",NA,NA
"2007-2008",1051,"Lakeside Middle (Formerly: Mortimer Y. Sutherland Middle)","Asian","Geometry",NA,NA
"2007-2008",1051,"Lakeside Middle (Formerly: Mortimer Y. Sutherland Middle)","Black","Algebra I",NA,NA
"2007-2008",1051,"Lakeside Middle (Formerly: Mortimer Y. Sutherland Middle)","Black","Geometry",NA,NA
"2007-2008",1051,"Lakeside Middle (Formerly: Mortimer Y. Sutherland Middle)","Black","Mathematics",78.57,14
"2007-2008",1051,"Lakeside Middle (Formerly: Mortimer Y. Sutherland Middle)","Hispanic","Algebra I",NA,NA
"2007-2008",1051,"Lakeside Middle (Formerly: Mortimer Y. Sutherland Middle)","Hispanic","Mathematics",NA,NA
"2007-2008",1051,"Lakeside Middle (Formerly: Mortimer Y. Sutherland Middle)","White","Algebra I",100,46
"2007-2008",1051,"Lakeside Middle (Formerly: Mortimer Y. Sutherland Middle)","White","Geometry",100,43
"2007-2008",1051,"Lakeside Middle (Formerly: Mortimer Y. Sutherland Middle)","White","Mathematics",82.61,46
"2007-2008",NA,"Virginia","All Students","Algebra I",99.15,26262
"2007-2008",NA,"Virginia","All Students","Geometry",99.42,5993
"2007-2008",NA,"Virginia","All Students","Mathematics",78.82,58796
"2007-2008",NA,"Virginia","Economically Advantaged","Algebra I",99.4,22023
"2007-2008",NA,"Virginia","Economically Advantaged","Geometry",100,5397
"2007-2008",NA,"Virginia","Economically Advantaged","Mathematics",84.36,36741
"2007-2008",NA,"Virginia","Economically Disadvantaged","Algebra I",97.9,4239
"2007-2008",NA,"Virginia","Economically Disadvantaged","Geometry",96.98,596
"2007-2008",NA,"Virginia","Economically Disadvantaged","Mathematics",69.58,22055
"2007-2008",NA,"Virginia","Non-English Learners","Algebra I",99.16,25230
"2007-2008",NA,"Virginia","Non-English Learners","Geometry",99.42,5888
"2007-2008",NA,"Virginia","Non-English Learners","Mathematics",79.76,54366
"2007-2008",NA,"Virginia","English Learners","Algebra I",98.59,710
"2007-2008",NA,"Virginia","English Learners","Geometry",98.25,57
"2007-2008",NA,"Virginia","English Learners","Mathematics",64.66,3758
"2007-2008",NA,"Virginia","Unknown Race","Algebra I",98.87,533
"2007-2008",NA,"Virginia","Unknown Race","Geometry",99.04,104
"2007-2008",NA,"Virginia","Unknown Race","Mathematics",74.81,1064
"2007-2008",NA,"Virginia","American Indian","Algebra I",100,70
"2007-2008",NA,"Virginia","American Indian","Geometry",100,18
"2007-2008",NA,"Virginia","American Indian","Mathematics",86.7,188
"2007-2008",NA,"Virginia","Asian","Algebra I",100,2102
"2007-2008",NA,"Virginia","Asian","Geometry",100,768
"2007-2008",NA,"Virginia","Asian","Mathematics",87.58,2069
"2007-2008",NA,"Virginia","Black","Algebra I",98,4258
"2007-2008",NA,"Virginia","Black","Geometry",97.26,804
"2007-2008",NA,"Virginia","Black","Mathematics",69.64,18389
"2007-2008",NA,"Virginia","Hispanic","Algebra I",98.76,1292
"2007-2008",NA,"Virginia","Hispanic","Geometry",99.42,172
"2007-2008",NA,"Virginia","Hispanic","Mathematics",70.71,5422
"2007-2008",NA,"Virginia","White","Algebra I",99.38,17984
"2007-2008",NA,"Virginia","White","Geometry",100,4119
"2007-2008",NA,"Virginia","White","Mathematics",85.05,31628
"2007-2008",NA,"Virginia","Native Hawaiian  or Pacific Islander","Algebra I",100,23
"2007-2008",NA,"Virginia","Native Hawaiian  or Pacific Islander","Geometry",NA,NA
"2007-2008",NA,"Virginia","Native Hawaiian  or Pacific Islander","Mathematics",80.56,36
"2008-2009",NA,"Albemarle County","All Students","Algebra I",100,289
"2008-2009",NA,"Albemarle County","All Students","Geometry",100,177
"2008-2009",NA,"Albemarle County","All Students","Mathematics",92.23,399
"2008-2009",NA,"Albemarle County","Economically Advantaged","Algebra I",100,267
"2008-2009",NA,"Albemarle County","Economically Advantaged","Geometry",100,173
"2008-2009",NA,"Albemarle County","Economically Advantaged","Mathematics",94.3,263
"2008-2009",NA,"Albemarle County","Economically Disadvantaged","Algebra I",100,22
"2008-2009",NA,"Albemarle County","Economically Disadvantaged","Geometry",NA,NA
"2008-2009",NA,"Albemarle County","Economically Disadvantaged","Mathematics",88.24,136
"2008-2009",NA,"Albemarle County","Non-English Learners","Algebra I",100,281
"2008-2009",NA,"Albemarle County","Non-English Learners","Geometry",100,171
"2008-2009",NA,"Albemarle County","Non-English Learners","Mathematics",91.76,364
"2008-2009",NA,"Albemarle County","English Learners","Algebra I",NA,NA
"2008-2009",NA,"Albemarle County","English Learners","Geometry",NA,NA
"2008-2009",NA,"Albemarle County","English Learners","Mathematics",96.15,26
"2008-2009",NA,"Albemarle County","Unknown Race","Algebra I",NA,NA
"2008-2009",NA,"Albemarle County","Unknown Race","Geometry",NA,NA
"2008-2009",NA,"Albemarle County","Unknown Race","Mathematics",NA,NA
"2008-2009",NA,"Albemarle County","Asian","Algebra I",100,11
"2008-2009",NA,"Albemarle County","Asian","Geometry",100,21
"2008-2009",NA,"Albemarle County","Asian","Mathematics",92.86,14
"2008-2009",NA,"Albemarle County","Black","Algebra I",100,22
"2008-2009",NA,"Albemarle County","Black","Geometry",NA,NA
"2008-2009",NA,"Albemarle County","Black","Mathematics",85,80
"2008-2009",NA,"Albemarle County","Hispanic","Algebra I",NA,NA
"2008-2009",NA,"Albemarle County","Hispanic","Geometry",NA,NA
"2008-2009",NA,"Albemarle County","Hispanic","Mathematics",100,40
"2008-2009",NA,"Albemarle County","White","Algebra I",100,247
"2008-2009",NA,"Albemarle County","White","Geometry",100,145
"2008-2009",NA,"Albemarle County","White","Mathematics",93.16,263
"2008-2009",950,"Journey Middle (Formerly: Jack Jouett Middle)","All Students","Algebra I",100,79
"2008-2009",950,"Journey Middle (Formerly: Jack Jouett Middle)","All Students","Geometry",100,32
"2008-2009",950,"Journey Middle (Formerly: Jack Jouett Middle)","All Students","Mathematics",87.5,64
"2008-2009",950,"Journey Middle (Formerly: Jack Jouett Middle)","Economically Advantaged","Algebra I",100,69
"2008-2009",950,"Journey Middle (Formerly: Jack Jouett Middle)","Economically Disadvantaged","Algebra I",100,10
"2008-2009",950,"Journey Middle (Formerly: Jack Jouett Middle)","Economically Advantaged","Geometry",100,31
"2008-2009",950,"Journey Middle (Formerly: Jack Jouett Middle)","Economically Disadvantaged","Geometry",NA,NA
"2008-2009",950,"Journey Middle (Formerly: Jack Jouett Middle)","Economically Advantaged","Mathematics",83.33,24
"2008-2009",950,"Journey Middle (Formerly: Jack Jouett Middle)","Economically Disadvantaged","Mathematics",90,40
"2008-2009",950,"Journey Middle (Formerly: Jack Jouett Middle)","Non-English Learners","Algebra I",100,76
"2008-2009",950,"Journey Middle (Formerly: Jack Jouett Middle)","English Learners","Algebra I",NA,NA
"2008-2009",950,"Journey Middle (Formerly: Jack Jouett Middle)","Non-English Learners","Geometry",100,31
"2008-2009",950,"Journey Middle (Formerly: Jack Jouett Middle)","Non-English Learners","Mathematics",86.54,52
"2008-2009",950,"Journey Middle (Formerly: Jack Jouett Middle)","English Learners","Mathematics",NA,NA
"2008-2009",950,"Journey Middle (Formerly: Jack Jouett Middle)","Asian","Algebra I",NA,NA
"2008-2009",950,"Journey Middle (Formerly: Jack Jouett Middle)","Asian","Geometry",NA,NA
"2008-2009",950,"Journey Middle (Formerly: Jack Jouett Middle)","Asian","Mathematics",NA,NA
"2008-2009",950,"Journey Middle (Formerly: Jack Jouett Middle)","Black","Algebra I",100,11
"2008-2009",950,"Journey Middle (Formerly: Jack Jouett Middle)","Black","Geometry",NA,NA
"2008-2009",950,"Journey Middle (Formerly: Jack Jouett Middle)","Black","Mathematics",80,25
"2008-2009",950,"Journey Middle (Formerly: Jack Jouett Middle)","Hispanic","Algebra I",NA,NA
"2008-2009",950,"Journey Middle (Formerly: Jack Jouett Middle)","Hispanic","Mathematics",100,13
"2008-2009",950,"Journey Middle (Formerly: Jack Jouett Middle)","Unknown Race","Algebra I",NA,NA
"2008-2009",950,"Journey Middle (Formerly: Jack Jouett Middle)","Unknown Race","Mathematics",NA,NA
"2008-2009",950,"Journey Middle (Formerly: Jack Jouett Middle)","White","Algebra I",100,58
"2008-2009",950,"Journey Middle (Formerly: Jack Jouett Middle)","White","Geometry",100,26
"2008-2009",950,"Journey Middle (Formerly: Jack Jouett Middle)","White","Mathematics",90.91,22
"2008-2009",69,"Jackson P. Burley Middle","All Students","Algebra I",100,36
"2008-2009",69,"Jackson P. Burley Middle","All Students","Geometry",100,11
"2008-2009",69,"Jackson P. Burley Middle","All Students","Mathematics",97.98,99
"2008-2009",69,"Jackson P. Burley Middle","Economically Advantaged","Algebra I",100,34
"2008-2009",69,"Jackson P. Burley Middle","Economically Disadvantaged","Algebra I",NA,NA
"2008-2009",69,"Jackson P. Burley Middle","Economically Advantaged","Geometry",100,10
"2008-2009",69,"Jackson P. Burley Middle","Economically Disadvantaged","Geometry",NA,NA
"2008-2009",69,"Jackson P. Burley Middle","Economically Advantaged","Mathematics",98.57,70
"2008-2009",69,"Jackson P. Burley Middle","Economically Disadvantaged","Mathematics",96.55,29
"2008-2009",69,"Jackson P. Burley Middle","Non-English Learners","Algebra I",100,35
"2008-2009",69,"Jackson P. Burley Middle","English Learners","Algebra I",NA,NA
"2008-2009",69,"Jackson P. Burley Middle","Non-English Learners","Geometry",100,10
"2008-2009",69,"Jackson P. Burley Middle","English Learners","Geometry",NA,NA
"2008-2009",69,"Jackson P. Burley Middle","Non-English Learners","Mathematics",97.59,83
"2008-2009",69,"Jackson P. Burley Middle","English Learners","Mathematics",100,13
"2008-2009",69,"Jackson P. Burley Middle","Asian","Algebra I",NA,NA
"2008-2009",69,"Jackson P. Burley Middle","Asian","Geometry",NA,NA
"2008-2009",69,"Jackson P. Burley Middle","Asian","Mathematics",NA,NA
"2008-2009",69,"Jackson P. Burley Middle","Black","Algebra I",NA,NA
"2008-2009",69,"Jackson P. Burley Middle","Black","Geometry",NA,NA
"2008-2009",69,"Jackson P. Burley Middle","Black","Mathematics",92.59,27
"2008-2009",69,"Jackson P. Burley Middle","Hispanic","Geometry",NA,NA
"2008-2009",69,"Jackson P. Burley Middle","Hispanic","Mathematics",100,12
"2008-2009",69,"Jackson P. Burley Middle","White","Algebra I",100,34
"2008-2009",69,"Jackson P. Burley Middle","White","Geometry",NA,NA
"2008-2009",69,"Jackson P. Burley Middle","White","Mathematics",100,53
"2008-2009",942,"Joseph T. Henley Middle","All Students","Algebra I",100,79
"2008-2009",942,"Joseph T. Henley Middle","All Students","Geometry",100,60
"2008-2009",942,"Joseph T. Henley Middle","All Students","Mathematics",94.39,107
"2008-2009",942,"Joseph T. Henley Middle","Economically Advantaged","Algebra I",100,76
"2008-2009",942,"Joseph T. Henley Middle","Economically Disadvantaged","Algebra I",NA,NA
"2008-2009",942,"Joseph T. Henley Middle","Economically Advantaged","Geometry",100,60
"2008-2009",942,"Joseph T. Henley Middle","Economically Advantaged","Mathematics",96.39,83
"2008-2009",942,"Joseph T. Henley Middle","Economically Disadvantaged","Mathematics",87.5,24
"2008-2009",942,"Joseph T. Henley Middle","Non-English Learners","Algebra I",100,79
"2008-2009",942,"Joseph T. Henley Middle","Non-English Learners","Geometry",100,59
"2008-2009",942,"Joseph T. Henley Middle","Non-English Learners","Mathematics",94.23,104
"2008-2009",942,"Joseph T. Henley Middle","English Learners","Mathematics",NA,NA
"2008-2009",942,"Joseph T. Henley Middle","Asian","Algebra I",NA,NA
"2008-2009",942,"Joseph T. Henley Middle","Asian","Geometry",NA,NA
"2008-2009",942,"Joseph T. Henley Middle","Asian","Mathematics",NA,NA
"2008-2009",942,"Joseph T. Henley Middle","Black","Algebra I",NA,NA
"2008-2009",942,"Joseph T. Henley Middle","Black","Mathematics",NA,NA
"2008-2009",942,"Joseph T. Henley Middle","Hispanic","Algebra I",NA,NA
"2008-2009",942,"Joseph T. Henley Middle","Hispanic","Mathematics",NA,NA
"2008-2009",942,"Joseph T. Henley Middle","Unknown Race","Geometry",NA,NA
"2008-2009",942,"Joseph T. Henley Middle","White","Algebra I",100,71
"2008-2009",942,"Joseph T. Henley Middle","White","Geometry",100,52
"2008-2009",942,"Joseph T. Henley Middle","White","Mathematics",93.48,92
"2008-2009",20,"Leslie H. Walton Middle","All Students","Algebra I",100,24
"2008-2009",20,"Leslie H. Walton Middle","All Students","Geometry",100,22
"2008-2009",20,"Leslie H. Walton Middle","All Students","Mathematics",83.33,54
"2008-2009",20,"Leslie H. Walton Middle","Economically Advantaged","Algebra I",100,20
"2008-2009",20,"Leslie H. Walton Middle","Economically Disadvantaged","Algebra I",NA,NA
"2008-2009",20,"Leslie H. Walton Middle","Economically Advantaged","Geometry",100,21
"2008-2009",20,"Leslie H. Walton Middle","Economically Disadvantaged","Geometry",NA,NA
"2008-2009",20,"Leslie H. Walton Middle","Economically Advantaged","Mathematics",85.19,27
"2008-2009",20,"Leslie H. Walton Middle","Economically Disadvantaged","Mathematics",81.48,27
"2008-2009",20,"Leslie H. Walton Middle","Non-English Learners","Algebra I",100,23
"2008-2009",20,"Leslie H. Walton Middle","Non-English Learners","Geometry",100,22
"2008-2009",20,"Leslie H. Walton Middle","Non-English Learners","Mathematics",83.02,53
"2008-2009",20,"Leslie H. Walton Middle","English Learners","Mathematics",NA,NA
"2008-2009",20,"Leslie H. Walton Middle","Asian","Algebra I",NA,NA
"2008-2009",20,"Leslie H. Walton Middle","Asian","Geometry",NA,NA
"2008-2009",20,"Leslie H. Walton Middle","Asian","Mathematics",NA,NA
"2008-2009",20,"Leslie H. Walton Middle","Black","Algebra I",NA,NA
"2008-2009",20,"Leslie H. Walton Middle","Black","Geometry",NA,NA
"2008-2009",20,"Leslie H. Walton Middle","Black","Mathematics",NA,NA
"2008-2009",20,"Leslie H. Walton Middle","Hispanic","Geometry",NA,NA
"2008-2009",20,"Leslie H. Walton Middle","Hispanic","Mathematics",NA,NA
"2008-2009",20,"Leslie H. Walton Middle","White","Algebra I",100,21
"2008-2009",20,"Leslie H. Walton Middle","White","Geometry",100,17
"2008-2009",20,"Leslie H. Walton Middle","White","Mathematics",81.82,44
"2008-2009",1051,"Lakeside Middle (Formerly: Mortimer Y. Sutherland Middle)","All Students","Algebra I",100,67
"2008-2009",1051,"Lakeside Middle (Formerly: Mortimer Y. Sutherland Middle)","All Students","Geometry",100,50
"2008-2009",1051,"Lakeside Middle (Formerly: Mortimer Y. Sutherland Middle)","All Students","Mathematics",98.55,69
"2008-2009",1051,"Lakeside Middle (Formerly: Mortimer Y. Sutherland Middle)","Economically Advantaged","Algebra I",100,64
"2008-2009",1051,"Lakeside Middle (Formerly: Mortimer Y. Sutherland Middle)","Economically Disadvantaged","Algebra I",NA,NA
"2008-2009",1051,"Lakeside Middle (Formerly: Mortimer Y. Sutherland Middle)","Economically Advantaged","Geometry",100,49
"2008-2009",1051,"Lakeside Middle (Formerly: Mortimer Y. Sutherland Middle)","Economically Disadvantaged","Geometry",NA,NA
"2008-2009",1051,"Lakeside Middle (Formerly: Mortimer Y. Sutherland Middle)","Economically Advantaged","Mathematics",98.25,57
"2008-2009",1051,"Lakeside Middle (Formerly: Mortimer Y. Sutherland Middle)","Economically Disadvantaged","Mathematics",100,12
"2008-2009",1051,"Lakeside Middle (Formerly: Mortimer Y. Sutherland Middle)","Non-English Learners","Algebra I",100,64
"2008-2009",1051,"Lakeside Middle (Formerly: Mortimer Y. Sutherland Middle)","English Learners","Algebra I",NA,NA
"2008-2009",1051,"Lakeside Middle (Formerly: Mortimer Y. Sutherland Middle)","Non-English Learners","Geometry",100,47
"2008-2009",1051,"Lakeside Middle (Formerly: Mortimer Y. Sutherland Middle)","Non-English Learners","Mathematics",98.48,66
"2008-2009",1051,"Lakeside Middle (Formerly: Mortimer Y. Sutherland Middle)","English Learners","Mathematics",NA,NA
"2008-2009",1051,"Lakeside Middle (Formerly: Mortimer Y. Sutherland Middle)","Asian","Algebra I",NA,NA
"2008-2009",1051,"Lakeside Middle (Formerly: Mortimer Y. Sutherland Middle)","Asian","Geometry",NA,NA
"2008-2009",1051,"Lakeside Middle (Formerly: Mortimer Y. Sutherland Middle)","Asian","Mathematics",NA,NA
"2008-2009",1051,"Lakeside Middle (Formerly: Mortimer Y. Sutherland Middle)","Black","Algebra I",NA,NA
"2008-2009",1051,"Lakeside Middle (Formerly: Mortimer Y. Sutherland Middle)","Black","Geometry",NA,NA
"2008-2009",1051,"Lakeside Middle (Formerly: Mortimer Y. Sutherland Middle)","Black","Mathematics",NA,NA
"2008-2009",1051,"Lakeside Middle (Formerly: Mortimer Y. Sutherland Middle)","Hispanic","Algebra I",NA,NA
"2008-2009",1051,"Lakeside Middle (Formerly: Mortimer Y. Sutherland Middle)","Hispanic","Geometry",NA,NA
"2008-2009",1051,"Lakeside Middle (Formerly: Mortimer Y. Sutherland Middle)","Hispanic","Mathematics",NA,NA
"2008-2009",1051,"Lakeside Middle (Formerly: Mortimer Y. Sutherland Middle)","Unknown Race","Algebra I",NA,NA
"2008-2009",1051,"Lakeside Middle (Formerly: Mortimer Y. Sutherland Middle)","White","Algebra I",100,60
"2008-2009",1051,"Lakeside Middle (Formerly: Mortimer Y. Sutherland Middle)","White","Geometry",100,41
"2008-2009",1051,"Lakeside Middle (Formerly: Mortimer Y. Sutherland Middle)","White","Mathematics",98,50
"2008-2009",NA,"Virginia","All Students","Algebra I",98.9,30024
"2008-2009",NA,"Virginia","All Students","Geometry",99.38,6461
"2008-2009",NA,"Virginia","All Students","Mathematics",80.41,48872
"2008-2009",NA,"Virginia","Economically Advantaged","Algebra I",99.44,24176
"2008-2009",NA,"Virginia","Economically Advantaged","Geometry",100,5693
"2008-2009",NA,"Virginia","Economically Advantaged","Mathematics",85.02,29309
"2008-2009",NA,"Virginia","Economically Disadvantaged","Algebra I",96.65,5848
"2008-2009",NA,"Virginia","Economically Disadvantaged","Geometry",96.88,768
"2008-2009",NA,"Virginia","Economically Disadvantaged","Mathematics",73.5,19563
"2008-2009",NA,"Virginia","Non-English Learners","Algebra I",98.93,28698
"2008-2009",NA,"Virginia","Non-English Learners","Geometry",99.38,6323
"2008-2009",NA,"Virginia","Non-English Learners","Mathematics",81.3,44636
"2008-2009",NA,"Virginia","English Learners","Algebra I",97.46,904
"2008-2009",NA,"Virginia","English Learners","Geometry",98.57,70
"2008-2009",NA,"Virginia","English Learners","Mathematics",68.65,3582
"2008-2009",NA,"Virginia","Unknown Race","Algebra I",99.15,706
"2008-2009",NA,"Virginia","Unknown Race","Geometry",100,139
"2008-2009",NA,"Virginia","Unknown Race","Mathematics",84.25,997
"2008-2009",NA,"Virginia","American Indian","Algebra I",99.06,106
"2008-2009",NA,"Virginia","American Indian","Geometry",100,19
"2008-2009",NA,"Virginia","American Indian","Mathematics",83.54,164
"2008-2009",NA,"Virginia","Asian","Algebra I",100,2281
"2008-2009",NA,"Virginia","Asian","Geometry",100,853
"2008-2009",NA,"Virginia","Asian","Mathematics",89.93,1669
"2008-2009",NA,"Virginia","Black","Algebra I",97.4,5571
"2008-2009",NA,"Virginia","Black","Geometry",96.76,865
"2008-2009",NA,"Virginia","Black","Mathematics",73.04,14814
"2008-2009",NA,"Virginia","Hispanic","Algebra I",98.49,1661
"2008-2009",NA,"Virginia","Hispanic","Geometry",99.05,211
"2008-2009",NA,"Virginia","Hispanic","Mathematics",73.98,4992
"2008-2009",NA,"Virginia","White","Algebra I",99.24,19662
"2008-2009",NA,"Virginia","White","Geometry",100,4358
"2008-2009",NA,"Virginia","White","Mathematics",85.03,26191
"2008-2009",NA,"Virginia","Native Hawaiian  or Pacific Islander","Algebra I",100,37
"2008-2009",NA,"Virginia","Native Hawaiian  or Pacific Islander","Geometry",100,16
"2008-2009",NA,"Virginia","Native Hawaiian  or Pacific Islander","Mathematics",80,45
"2009-2010",NA,"Albemarle County","All Students","Algebra I",100,328
"2009-2010",NA,"Albemarle County","All Students","Geometry",100,188
"2009-2010",NA,"Albemarle County","All Students","Mathematics",90.15,335
"2009-2010",NA,"Albemarle County","Economically Advantaged","Algebra I",100,291
"2009-2010",NA,"Albemarle County","Economically Advantaged","Geometry",100,179
"2009-2010",NA,"Albemarle County","Economically Advantaged","Mathematics",92.42,198
"2009-2010",NA,"Albemarle County","Economically Disadvantaged","Algebra I",100,37
"2009-2010",NA,"Albemarle County","Economically Disadvantaged","Geometry",NA,NA
"2009-2010",NA,"Albemarle County","Economically Disadvantaged","Mathematics",86.86,137
"2009-2010",NA,"Albemarle County","Non-English Learners","Algebra I",100,310
"2009-2010",NA,"Albemarle County","Non-English Learners","Geometry",100,181
"2009-2010",NA,"Albemarle County","Non-English Learners","Mathematics",90.49,305
"2009-2010",NA,"Albemarle County","English Learners","Algebra I",NA,NA
"2009-2010",NA,"Albemarle County","English Learners","Geometry",NA,NA
"2009-2010",NA,"Albemarle County","English Learners","Mathematics",83.33,18
"2009-2010",NA,"Albemarle County","Unknown Race","Algebra I",NA,NA
"2009-2010",NA,"Albemarle County","Unknown Race","Geometry",NA,NA
"2009-2010",NA,"Albemarle County","Unknown Race","Mathematics",NA,NA
"2009-2010",NA,"Albemarle County","American Indian","Geometry",NA,NA
"2009-2010",NA,"Albemarle County","Asian","Algebra I",100,15
"2009-2010",NA,"Albemarle County","Asian","Geometry",100,21
"2009-2010",NA,"Albemarle County","Asian","Mathematics",NA,NA
"2009-2010",NA,"Albemarle County","Black","Algebra I",100,28
"2009-2010",NA,"Albemarle County","Black","Geometry",NA,NA
"2009-2010",NA,"Albemarle County","Black","Mathematics",88.06,67
"2009-2010",NA,"Albemarle County","Hispanic","Algebra I",100,16
"2009-2010",NA,"Albemarle County","Hispanic","Geometry",NA,NA
"2009-2010",NA,"Albemarle County","Hispanic","Mathematics",87.5,32
"2009-2010",NA,"Albemarle County","White","Algebra I",100,268
"2009-2010",NA,"Albemarle County","White","Geometry",100,159
"2009-2010",NA,"Albemarle County","White","Mathematics",90.75,227
"2009-2010",950,"Journey Middle (Formerly: Jack Jouett Middle)","All Students","Algebra I",100,70
"2009-2010",950,"Journey Middle (Formerly: Jack Jouett Middle)","All Students","Geometry",100,37
"2009-2010",950,"Journey Middle (Formerly: Jack Jouett Middle)","All Students","Mathematics",90.91,55
"2009-2010",950,"Journey Middle (Formerly: Jack Jouett Middle)","Economically Advantaged","Algebra I",100,54
"2009-2010",950,"Journey Middle (Formerly: Jack Jouett Middle)","Economically Disadvantaged","Algebra I",100,16
"2009-2010",950,"Journey Middle (Formerly: Jack Jouett Middle)","Economically Advantaged","Geometry",100,35
"2009-2010",950,"Journey Middle (Formerly: Jack Jouett Middle)","Economically Disadvantaged","Geometry",NA,NA
"2009-2010",950,"Journey Middle (Formerly: Jack Jouett Middle)","Economically Advantaged","Mathematics",100,22
"2009-2010",950,"Journey Middle (Formerly: Jack Jouett Middle)","Economically Disadvantaged","Mathematics",84.85,33
"2009-2010",950,"Journey Middle (Formerly: Jack Jouett Middle)","Non-English Learners","Algebra I",100,60
"2009-2010",950,"Journey Middle (Formerly: Jack Jouett Middle)","English Learners","Algebra I",NA,NA
"2009-2010",950,"Journey Middle (Formerly: Jack Jouett Middle)","Non-English Learners","Geometry",100,33
"2009-2010",950,"Journey Middle (Formerly: Jack Jouett Middle)","English Learners","Geometry",NA,NA
"2009-2010",950,"Journey Middle (Formerly: Jack Jouett Middle)","Non-English Learners","Mathematics",93.33,45
"2009-2010",950,"Journey Middle (Formerly: Jack Jouett Middle)","English Learners","Mathematics",NA,NA
"2009-2010",950,"Journey Middle (Formerly: Jack Jouett Middle)","Asian","Algebra I",NA,NA
"2009-2010",950,"Journey Middle (Formerly: Jack Jouett Middle)","Asian","Geometry",NA,NA
"2009-2010",950,"Journey Middle (Formerly: Jack Jouett Middle)","Asian","Mathematics",NA,NA
"2009-2010",950,"Journey Middle (Formerly: Jack Jouett Middle)","Black","Algebra I",100,14
"2009-2010",950,"Journey Middle (Formerly: Jack Jouett Middle)","Black","Geometry",NA,NA
"2009-2010",950,"Journey Middle (Formerly: Jack Jouett Middle)","Black","Mathematics",91.67,24
"2009-2010",950,"Journey Middle (Formerly: Jack Jouett Middle)","Hispanic","Algebra I",NA,NA
"2009-2010",950,"Journey Middle (Formerly: Jack Jouett Middle)","Hispanic","Mathematics",NA,NA
"2009-2010",950,"Journey Middle (Formerly: Jack Jouett Middle)","Unknown Race","Algebra I",NA,NA
"2009-2010",950,"Journey Middle (Formerly: Jack Jouett Middle)","Unknown Race","Mathematics",NA,NA
"2009-2010",950,"Journey Middle (Formerly: Jack Jouett Middle)","White","Algebra I",100,42
"2009-2010",950,"Journey Middle (Formerly: Jack Jouett Middle)","White","Geometry",100,26
"2009-2010",950,"Journey Middle (Formerly: Jack Jouett Middle)","White","Mathematics",90.91,22
"2009-2010",69,"Jackson P. Burley Middle","All Students","Algebra I",100,59
"2009-2010",69,"Jackson P. Burley Middle","All Students","Geometry",100,21
"2009-2010",69,"Jackson P. Burley Middle","All Students","Mathematics",94.29,70
"2009-2010",69,"Jackson P. Burley Middle","Economically Advantaged","Algebra I",100,49
"2009-2010",69,"Jackson P. Burley Middle","Economically Disadvantaged","Algebra I",100,10
"2009-2010",69,"Jackson P. Burley Middle","Economically Advantaged","Geometry",100,19
"2009-2010",69,"Jackson P. Burley Middle","Economically Disadvantaged","Geometry",NA,NA
"2009-2010",69,"Jackson P. Burley Middle","Economically Advantaged","Mathematics",93.75,32
"2009-2010",69,"Jackson P. Burley Middle","Economically Disadvantaged","Mathematics",94.74,38
"2009-2010",69,"Jackson P. Burley Middle","Non-English Learners","Algebra I",100,57
"2009-2010",69,"Jackson P. Burley Middle","Non-English Learners","Geometry",100,20
"2009-2010",69,"Jackson P. Burley Middle","Non-English Learners","Mathematics",94.83,58
"2009-2010",69,"Jackson P. Burley Middle","English Learners","Mathematics",NA,NA
"2009-2010",69,"Jackson P. Burley Middle","American Indian","Geometry",NA,NA
"2009-2010",69,"Jackson P. Burley Middle","Asian","Algebra I",NA,NA
"2009-2010",69,"Jackson P. Burley Middle","Asian","Geometry",NA,NA
"2009-2010",69,"Jackson P. Burley Middle","Asian","Mathematics",NA,NA
"2009-2010",69,"Jackson P. Burley Middle","Black","Algebra I",NA,NA
"2009-2010",69,"Jackson P. Burley Middle","Black","Mathematics",100,16
"2009-2010",69,"Jackson P. Burley Middle","Hispanic","Algebra I",NA,NA
"2009-2010",69,"Jackson P. Burley Middle","Hispanic","Geometry",NA,NA
"2009-2010",69,"Jackson P. Burley Middle","Hispanic","Mathematics",94.44,18
"2009-2010",69,"Jackson P. Burley Middle","White","Algebra I",100,50
"2009-2010",69,"Jackson P. Burley Middle","White","Geometry",100,15
"2009-2010",69,"Jackson P. Burley Middle","White","Mathematics",91.18,34
"2009-2010",942,"Joseph T. Henley Middle","All Students","Algebra I",100,90
"2009-2010",942,"Joseph T. Henley Middle","All Students","Geometry",100,55
"2009-2010",942,"Joseph T. Henley Middle","All Students","Mathematics",90.8,87
"2009-2010",942,"Joseph T. Henley Middle","Economically Advantaged","Algebra I",100,88
"2009-2010",942,"Joseph T. Henley Middle","Economically Disadvantaged","Algebra I",NA,NA
"2009-2010",942,"Joseph T. Henley Middle","Economically Advantaged","Geometry",100,54
"2009-2010",942,"Joseph T. Henley Middle","Economically Disadvantaged","Geometry",NA,NA
"2009-2010",942,"Joseph T. Henley Middle","Economically Advantaged","Mathematics",92.75,69
"2009-2010",942,"Joseph T. Henley Middle","Economically Disadvantaged","Mathematics",83.33,18
"2009-2010",942,"Joseph T. Henley Middle","Non-English Learners","Algebra I",100,88
"2009-2010",942,"Joseph T. Henley Middle","English Learners","Algebra I",NA,NA
"2009-2010",942,"Joseph T. Henley Middle","Non-English Learners","Geometry",100,54
"2009-2010",942,"Joseph T. Henley Middle","Non-English Learners","Mathematics",91.67,84
"2009-2010",942,"Joseph T. Henley Middle","Asian","Algebra I",NA,NA
"2009-2010",942,"Joseph T. Henley Middle","Asian","Geometry",NA,NA
"2009-2010",942,"Joseph T. Henley Middle","Black","Algebra I",NA,NA
"2009-2010",942,"Joseph T. Henley Middle","Black","Mathematics",NA,NA
"2009-2010",942,"Joseph T. Henley Middle","Hispanic","Algebra I",NA,NA
"2009-2010",942,"Joseph T. Henley Middle","Hispanic","Mathematics",NA,NA
"2009-2010",942,"Joseph T. Henley Middle","Unknown Race","Geometry",NA,NA
"2009-2010",942,"Joseph T. Henley Middle","Unknown Race","Mathematics",NA,NA
"2009-2010",942,"Joseph T. Henley Middle","White","Algebra I",100,82
"2009-2010",942,"Joseph T. Henley Middle","White","Geometry",100,48
"2009-2010",942,"Joseph T. Henley Middle","White","Mathematics",92.11,76
"2009-2010",20,"Leslie H. Walton Middle","All Students","Algebra I",100,41
"2009-2010",20,"Leslie H. Walton Middle","All Students","Geometry",100,24
"2009-2010",20,"Leslie H. Walton Middle","All Students","Mathematics",82.69,52
"2009-2010",20,"Leslie H. Walton Middle","Economically Advantaged","Algebra I",100,34
"2009-2010",20,"Leslie H. Walton Middle","Economically Disadvantaged","Algebra I",NA,NA
"2009-2010",20,"Leslie H. Walton Middle","Economically Advantaged","Geometry",100,23
"2009-2010",20,"Leslie H. Walton Middle","Economically Disadvantaged","Geometry",NA,NA
"2009-2010",20,"Leslie H. Walton Middle","Economically Advantaged","Mathematics",90.91,22
"2009-2010",20,"Leslie H. Walton Middle","Economically Disadvantaged","Mathematics",76.67,30
"2009-2010",20,"Leslie H. Walton Middle","Non-English Learners","Algebra I",100,41
"2009-2010",20,"Leslie H. Walton Middle","Non-English Learners","Geometry",100,24
"2009-2010",20,"Leslie H. Walton Middle","Non-English Learners","Mathematics",82.35,51
"2009-2010",20,"Leslie H. Walton Middle","English Learners","Mathematics",NA,NA
"2009-2010",20,"Leslie H. Walton Middle","Asian","Geometry",NA,NA
"2009-2010",20,"Leslie H. Walton Middle","Black","Algebra I",NA,NA
"2009-2010",20,"Leslie H. Walton Middle","Black","Mathematics",70,10
"2009-2010",20,"Leslie H. Walton Middle","Hispanic","Algebra I",NA,NA
"2009-2010",20,"Leslie H. Walton Middle","Hispanic","Mathematics",NA,NA
"2009-2010",20,"Leslie H. Walton Middle","White","Algebra I",100,35
"2009-2010",20,"Leslie H. Walton Middle","White","Geometry",100,23
"2009-2010",20,"Leslie H. Walton Middle","White","Mathematics",87.5,40
"2009-2010",1051,"Lakeside Middle (Formerly: Mortimer Y. Sutherland Middle)","All Students","Algebra I",100,68
"2009-2010",1051,"Lakeside Middle (Formerly: Mortimer Y. Sutherland Middle)","All Students","Geometry",100,51
"2009-2010",1051,"Lakeside Middle (Formerly: Mortimer Y. Sutherland Middle)","All Students","Mathematics",95.38,65
"2009-2010",1051,"Lakeside Middle (Formerly: Mortimer Y. Sutherland Middle)","Economically Advantaged","Algebra I",100,66
"2009-2010",1051,"Lakeside Middle (Formerly: Mortimer Y. Sutherland Middle)","Economically Disadvantaged","Algebra I",NA,NA
"2009-2010",1051,"Lakeside Middle (Formerly: Mortimer Y. Sutherland Middle)","Economically Advantaged","Geometry",100,48
"2009-2010",1051,"Lakeside Middle (Formerly: Mortimer Y. Sutherland Middle)","Economically Disadvantaged","Geometry",NA,NA
"2009-2010",1051,"Lakeside Middle (Formerly: Mortimer Y. Sutherland Middle)","Economically Advantaged","Mathematics",93.88,49
"2009-2010",1051,"Lakeside Middle (Formerly: Mortimer Y. Sutherland Middle)","Economically Disadvantaged","Mathematics",100,16
"2009-2010",1051,"Lakeside Middle (Formerly: Mortimer Y. Sutherland Middle)","Non-English Learners","Algebra I",100,64
"2009-2010",1051,"Lakeside Middle (Formerly: Mortimer Y. Sutherland Middle)","Non-English Learners","Geometry",100,50
"2009-2010",1051,"Lakeside Middle (Formerly: Mortimer Y. Sutherland Middle)","Non-English Learners","Mathematics",95.08,61
"2009-2010",1051,"Lakeside Middle (Formerly: Mortimer Y. Sutherland Middle)","Asian","Algebra I",NA,NA
"2009-2010",1051,"Lakeside Middle (Formerly: Mortimer Y. Sutherland Middle)","Asian","Geometry",NA,NA
"2009-2010",1051,"Lakeside Middle (Formerly: Mortimer Y. Sutherland Middle)","Asian","Mathematics",NA,NA
"2009-2010",1051,"Lakeside Middle (Formerly: Mortimer Y. Sutherland Middle)","Black","Algebra I",NA,NA
"2009-2010",1051,"Lakeside Middle (Formerly: Mortimer Y. Sutherland Middle)","Black","Geometry",NA,NA
"2009-2010",1051,"Lakeside Middle (Formerly: Mortimer Y. Sutherland Middle)","Black","Mathematics",90.91,11
"2009-2010",1051,"Lakeside Middle (Formerly: Mortimer Y. Sutherland Middle)","Hispanic","Algebra I",NA,NA
"2009-2010",1051,"Lakeside Middle (Formerly: Mortimer Y. Sutherland Middle)","Hispanic","Geometry",NA,NA
"2009-2010",1051,"Lakeside Middle (Formerly: Mortimer Y. Sutherland Middle)","Hispanic","Mathematics",NA,NA
"2009-2010",1051,"Lakeside Middle (Formerly: Mortimer Y. Sutherland Middle)","White","Algebra I",100,59
"2009-2010",1051,"Lakeside Middle (Formerly: Mortimer Y. Sutherland Middle)","White","Geometry",100,47
"2009-2010",1051,"Lakeside Middle (Formerly: Mortimer Y. Sutherland Middle)","White","Mathematics",96,50
"2009-2010",NA,"Virginia","All Students","Algebra I",98.96,33501
"2009-2010",NA,"Virginia","All Students","Geometry",99.08,7709
"2009-2010",NA,"Virginia","All Students","Mathematics",82.15,43954
"2009-2010",NA,"Virginia","Economically Advantaged","Algebra I",99.34,26198
"2009-2010",NA,"Virginia","Economically Advantaged","Geometry",100,6544
"2009-2010",NA,"Virginia","Economically Advantaged","Mathematics",87.35,24004
"2009-2010",NA,"Virginia","Economically Disadvantaged","Algebra I",97.6,7303
"2009-2010",NA,"Virginia","Economically Disadvantaged","Geometry",95.62,1165
"2009-2010",NA,"Virginia","Economically Disadvantaged","Mathematics",75.89,19950
"2009-2010",NA,"Virginia","Non-English Learners","Algebra I",98.99,31687
"2009-2010",NA,"Virginia","Non-English Learners","Geometry",99.06,7536
"2009-2010",NA,"Virginia","Non-English Learners","Mathematics",82.86,39987
"2009-2010",NA,"Virginia","English Learners","Algebra I",95.32,427
"2009-2010",NA,"Virginia","English Learners","Geometry",100,18
"2009-2010",NA,"Virginia","English Learners","Mathematics",64.2,2109
"2009-2010",NA,"Virginia","Unknown Race","Algebra I",99.23,776
"2009-2010",NA,"Virginia","Unknown Race","Geometry",98.95,191
"2009-2010",NA,"Virginia","Unknown Race","Mathematics",84.01,794
"2009-2010",NA,"Virginia","American Indian","Algebra I",100,105
"2009-2010",NA,"Virginia","American Indian","Geometry",100,27
"2009-2010",NA,"Virginia","American Indian","Mathematics",82.91,158
"2009-2010",NA,"Virginia","Asian","Algebra I",100,2675
"2009-2010",NA,"Virginia","Asian","Geometry",100,1046
"2009-2010",NA,"Virginia","Asian","Mathematics",90.13,1520
"2009-2010",NA,"Virginia","Black","Algebra I",98.17,6326
"2009-2010",NA,"Virginia","Black","Geometry",95.24,1156
"2009-2010",NA,"Virginia","Black","Mathematics",75.11,13333
"2009-2010",NA,"Virginia","Hispanic","Algebra I",97.93,2170
"2009-2010",NA,"Virginia","Hispanic","Geometry",100,262
"2009-2010",NA,"Virginia","Hispanic","Mathematics",78.17,4646
"2009-2010",NA,"Virginia","White","Algebra I",99.18,21417
"2009-2010",NA,"Virginia","White","Geometry",100,5018
"2009-2010",NA,"Virginia","White","Mathematics",86.34,23461
"2009-2010",NA,"Virginia","Native Hawaiian  or Pacific Islander","Algebra I",100,32
"2009-2010",NA,"Virginia","Native Hawaiian  or Pacific Islander","Geometry",NA,NA
"2009-2010",NA,"Virginia","Native Hawaiian  or Pacific Islander","Mathematics",88.1,42
"2010-2011",NA,"Albemarle County","All Students","Algebra I",100,362
"2010-2011",NA,"Albemarle County","All Students","Geometry",99.45,183
"2010-2011",NA,"Albemarle County","All Students","Mathematics",88.46,390
"2010-2011",NA,"Albemarle County","Economically Advantaged","Algebra I",100,301
"2010-2011",NA,"Albemarle County","Economically Advantaged","Geometry",99.44,177
"2010-2011",NA,"Albemarle County","Economically Advantaged","Mathematics",91.49,235
"2010-2011",NA,"Albemarle County","Economically Disadvantaged","Algebra I",100,61
"2010-2011",NA,"Albemarle County","Economically Disadvantaged","Geometry",NA,NA
"2010-2011",NA,"Albemarle County","Economically Disadvantaged","Mathematics",83.87,155
"2010-2011",NA,"Albemarle County","Non-English Learners","Algebra I",100,347
"2010-2011",NA,"Albemarle County","Non-English Learners","Geometry",99.44,180
"2010-2011",NA,"Albemarle County","Non-English Learners","Mathematics",87.5,344
"2010-2011",NA,"Albemarle County","English Learners","Algebra I",NA,NA
"2010-2011",NA,"Albemarle County","English Learners","Geometry",NA,NA
"2010-2011",NA,"Albemarle County","English Learners","Mathematics",96.67,30
"2010-2011",NA,"Albemarle County","American Indian","Algebra I",NA,NA
"2010-2011",NA,"Albemarle County","Asian","Algebra I",NA,NA
"2010-2011",NA,"Albemarle County","Asian","Geometry",100,19
"2010-2011",NA,"Albemarle County","Asian","Mathematics",100,15
"2010-2011",NA,"Albemarle County","Black","Algebra I",100,31
"2010-2011",NA,"Albemarle County","Black","Geometry",NA,NA
"2010-2011",NA,"Albemarle County","Black","Mathematics",75.76,66
"2010-2011",NA,"Albemarle County","Hispanic","Algebra I",100,24
"2010-2011",NA,"Albemarle County","Hispanic","Geometry",NA,NA
"2010-2011",NA,"Albemarle County","Hispanic","Mathematics",95.83,48
"2010-2011",NA,"Albemarle County","White","Algebra I",100,281
"2010-2011",NA,"Albemarle County","White","Geometry",99.33,149
"2010-2011",NA,"Albemarle County","White","Mathematics",89.87,237
"2010-2011",NA,"Albemarle County","Multiple Races","Algebra I",100,16
"2010-2011",NA,"Albemarle County","Multiple Races","Geometry",NA,NA
"2010-2011",NA,"Albemarle County","Multiple Races","Mathematics",87.5,24
"2010-2011",1060,"Albemarle County Community Public Charter","All Students","Mathematics",87.5,16
"2010-2011",1060,"Albemarle County Community Public Charter","Economically Advantaged","Mathematics",90,10
"2010-2011",1060,"Albemarle County Community Public Charter","Economically Disadvantaged","Mathematics",NA,NA
"2010-2011",1060,"Albemarle County Community Public Charter","Non-English Learners","Mathematics",85.71,14
"2010-2011",1060,"Albemarle County Community Public Charter","Black","Mathematics",NA,NA
"2010-2011",1060,"Albemarle County Community Public Charter","Hispanic","Mathematics",NA,NA
"2010-2011",1060,"Albemarle County Community Public Charter","White","Mathematics",90.91,11
"2010-2011",950,"Journey Middle (Formerly: Jack Jouett Middle)","All Students","Algebra I",100,91
"2010-2011",950,"Journey Middle (Formerly: Jack Jouett Middle)","All Students","Geometry",100,42
"2010-2011",950,"Journey Middle (Formerly: Jack Jouett Middle)","All Students","Mathematics",91.67,72
"2010-2011",950,"Journey Middle (Formerly: Jack Jouett Middle)","Economically Advantaged","Algebra I",100,66
"2010-2011",950,"Journey Middle (Formerly: Jack Jouett Middle)","Economically Disadvantaged","Algebra I",100,25
"2010-2011",950,"Journey Middle (Formerly: Jack Jouett Middle)","Economically Advantaged","Geometry",100,41
"2010-2011",950,"Journey Middle (Formerly: Jack Jouett Middle)","Economically Disadvantaged","Geometry",NA,NA
"2010-2011",950,"Journey Middle (Formerly: Jack Jouett Middle)","Economically Advantaged","Mathematics",92.11,38
"2010-2011",950,"Journey Middle (Formerly: Jack Jouett Middle)","Economically Disadvantaged","Mathematics",91.18,34
"2010-2011",950,"Journey Middle (Formerly: Jack Jouett Middle)","Non-English Learners","Algebra I",100,84
"2010-2011",950,"Journey Middle (Formerly: Jack Jouett Middle)","English Learners","Algebra I",NA,NA
"2010-2011",950,"Journey Middle (Formerly: Jack Jouett Middle)","Non-English Learners","Geometry",100,41
"2010-2011",950,"Journey Middle (Formerly: Jack Jouett Middle)","Non-English Learners","Mathematics",91.23,57
"2010-2011",950,"Journey Middle (Formerly: Jack Jouett Middle)","English Learners","Mathematics",90.91,11
"2010-2011",950,"Journey Middle (Formerly: Jack Jouett Middle)","Asian","Algebra I",NA,NA
"2010-2011",950,"Journey Middle (Formerly: Jack Jouett Middle)","Asian","Geometry",NA,NA
"2010-2011",950,"Journey Middle (Formerly: Jack Jouett Middle)","Asian","Mathematics",NA,NA
"2010-2011",950,"Journey Middle (Formerly: Jack Jouett Middle)","Black","Algebra I",100,19
"2010-2011",950,"Journey Middle (Formerly: Jack Jouett Middle)","Black","Mathematics",80,15
"2010-2011",950,"Journey Middle (Formerly: Jack Jouett Middle)","Hispanic","Algebra I",NA,NA
"2010-2011",950,"Journey Middle (Formerly: Jack Jouett Middle)","Hispanic","Geometry",NA,NA
"2010-2011",950,"Journey Middle (Formerly: Jack Jouett Middle)","Hispanic","Mathematics",91.67,12
"2010-2011",950,"Journey Middle (Formerly: Jack Jouett Middle)","Multiple Races","Algebra I",NA,NA
"2010-2011",950,"Journey Middle (Formerly: Jack Jouett Middle)","Multiple Races","Geometry",NA,NA
"2010-2011",950,"Journey Middle (Formerly: Jack Jouett Middle)","Multiple Races","Mathematics",NA,NA
"2010-2011",950,"Journey Middle (Formerly: Jack Jouett Middle)","White","Algebra I",100,59
"2010-2011",950,"Journey Middle (Formerly: Jack Jouett Middle)","White","Geometry",100,36
"2010-2011",950,"Journey Middle (Formerly: Jack Jouett Middle)","White","Mathematics",97.22,36
"2010-2011",69,"Jackson P. Burley Middle","All Students","Algebra I",100,57
"2010-2011",69,"Jackson P. Burley Middle","All Students","Geometry",100,19
"2010-2011",69,"Jackson P. Burley Middle","All Students","Mathematics",82.89,76
"2010-2011",69,"Jackson P. Burley Middle","Economically Advantaged","Algebra I",100,44
"2010-2011",69,"Jackson P. Burley Middle","Economically Disadvantaged","Algebra I",100,13
"2010-2011",69,"Jackson P. Burley Middle","Economically Advantaged","Geometry",100,18
"2010-2011",69,"Jackson P. Burley Middle","Economically Disadvantaged","Geometry",NA,NA
"2010-2011",69,"Jackson P. Burley Middle","Economically Advantaged","Mathematics",87.5,32
"2010-2011",69,"Jackson P. Burley Middle","Economically Disadvantaged","Mathematics",79.55,44
"2010-2011",69,"Jackson P. Burley Middle","Non-English Learners","Algebra I",100,53
"2010-2011",69,"Jackson P. Burley Middle","English Learners","Algebra I",NA,NA
"2010-2011",69,"Jackson P. Burley Middle","Non-English Learners","Geometry",100,17
"2010-2011",69,"Jackson P. Burley Middle","English Learners","Geometry",NA,NA
"2010-2011",69,"Jackson P. Burley Middle","Non-English Learners","Mathematics",81.25,64
"2010-2011",69,"Jackson P. Burley Middle","English Learners","Mathematics",NA,NA
"2010-2011",69,"Jackson P. Burley Middle","Asian","Algebra I",NA,NA
"2010-2011",69,"Jackson P. Burley Middle","Asian","Geometry",NA,NA
"2010-2011",69,"Jackson P. Burley Middle","Asian","Mathematics",NA,NA
"2010-2011",69,"Jackson P. Burley Middle","Black","Algebra I",NA,NA
"2010-2011",69,"Jackson P. Burley Middle","Black","Geometry",NA,NA
"2010-2011",69,"Jackson P. Burley Middle","Black","Mathematics",72.22,18
"2010-2011",69,"Jackson P. Burley Middle","Hispanic","Algebra I",NA,NA
"2010-2011",69,"Jackson P. Burley Middle","Hispanic","Mathematics",94.12,17
"2010-2011",69,"Jackson P. Burley Middle","Multiple Races","Algebra I",NA,NA
"2010-2011",69,"Jackson P. Burley Middle","Multiple Races","Geometry",NA,NA
"2010-2011",69,"Jackson P. Burley Middle","Multiple Races","Mathematics",NA,NA
"2010-2011",69,"Jackson P. Burley Middle","White","Algebra I",100,42
"2010-2011",69,"Jackson P. Burley Middle","White","Geometry",100,13
"2010-2011",69,"Jackson P. Burley Middle","White","Mathematics",79.41,34
"2010-2011",942,"Joseph T. Henley Middle","All Students","Algebra I",100,95
"2010-2011",942,"Joseph T. Henley Middle","All Students","Geometry",100,50
"2010-2011",942,"Joseph T. Henley Middle","All Students","Mathematics",94.44,108
"2010-2011",942,"Joseph T. Henley Middle","Economically Advantaged","Algebra I",100,93
"2010-2011",942,"Joseph T. Henley Middle","Economically Disadvantaged","Algebra I",NA,NA
"2010-2011",942,"Joseph T. Henley Middle","Economically Advantaged","Geometry",100,50
"2010-2011",942,"Joseph T. Henley Middle","Economically Advantaged","Mathematics",96.2,79
"2010-2011",942,"Joseph T. Henley Middle","Economically Disadvantaged","Mathematics",89.66,29
"2010-2011",942,"Joseph T. Henley Middle","Non-English Learners","Algebra I",100,95
"2010-2011",942,"Joseph T. Henley Middle","Non-English Learners","Geometry",100,50
"2010-2011",942,"Joseph T. Henley Middle","Non-English Learners","Mathematics",94,100
"2010-2011",942,"Joseph T. Henley Middle","English Learners","Mathematics",NA,NA
"2010-2011",942,"Joseph T. Henley Middle","Asian","Algebra I",NA,NA
"2010-2011",942,"Joseph T. Henley Middle","Asian","Geometry",NA,NA
"2010-2011",942,"Joseph T. Henley Middle","Asian","Mathematics",NA,NA
"2010-2011",942,"Joseph T. Henley Middle","Black","Algebra I",NA,NA
"2010-2011",942,"Joseph T. Henley Middle","Black","Mathematics",NA,NA
"2010-2011",942,"Joseph T. Henley Middle","Hispanic","Algebra I",NA,NA
"2010-2011",942,"Joseph T. Henley Middle","Hispanic","Geometry",NA,NA
"2010-2011",942,"Joseph T. Henley Middle","Hispanic","Mathematics",NA,NA
"2010-2011",942,"Joseph T. Henley Middle","Multiple Races","Algebra I",NA,NA
"2010-2011",942,"Joseph T. Henley Middle","Multiple Races","Geometry",NA,NA
"2010-2011",942,"Joseph T. Henley Middle","Multiple Races","Mathematics",NA,NA
"2010-2011",942,"Joseph T. Henley Middle","White","Algebra I",100,82
"2010-2011",942,"Joseph T. Henley Middle","White","Geometry",100,39
"2010-2011",942,"Joseph T. Henley Middle","White","Mathematics",94.87,78
"2010-2011",20,"Leslie H. Walton Middle","All Students","Algebra I",100,50
"2010-2011",20,"Leslie H. Walton Middle","All Students","Geometry",100,18
"2010-2011",20,"Leslie H. Walton Middle","All Students","Mathematics",80.43,46
"2010-2011",20,"Leslie H. Walton Middle","Economically Advantaged","Algebra I",100,37
"2010-2011",20,"Leslie H. Walton Middle","Economically Disadvantaged","Algebra I",100,13
"2010-2011",20,"Leslie H. Walton Middle","Economically Advantaged","Geometry",100,16
"2010-2011",20,"Leslie H. Walton Middle","Economically Disadvantaged","Geometry",NA,NA
"2010-2011",20,"Leslie H. Walton Middle","Economically Advantaged","Mathematics",89.47,19
"2010-2011",20,"Leslie H. Walton Middle","Economically Disadvantaged","Mathematics",74.07,27
"2010-2011",20,"Leslie H. Walton Middle","Non-English Learners","Algebra I",100,48
"2010-2011",20,"Leslie H. Walton Middle","Non-English Learners","Geometry",100,18
"2010-2011",20,"Leslie H. Walton Middle","Non-English Learners","Mathematics",80,45
"2010-2011",20,"Leslie H. Walton Middle","English Learners","Mathematics",NA,NA
"2010-2011",20,"Leslie H. Walton Middle","American Indian","Algebra I",NA,NA
"2010-2011",20,"Leslie H. Walton Middle","Asian","Algebra I",NA,NA
"2010-2011",20,"Leslie H. Walton Middle","Black","Algebra I",NA,NA
"2010-2011",20,"Leslie H. Walton Middle","Black","Mathematics",60,10
"2010-2011",20,"Leslie H. Walton Middle","Hispanic","Algebra I",NA,NA
"2010-2011",20,"Leslie H. Walton Middle","Hispanic","Mathematics",NA,NA
"2010-2011",20,"Leslie H. Walton Middle","Multiple Races","Algebra I",NA,NA
"2010-2011",20,"Leslie H. Walton Middle","Multiple Races","Geometry",NA,NA
"2010-2011",20,"Leslie H. Walton Middle","Multiple Races","Mathematics",NA,NA
"2010-2011",20,"Leslie H. Walton Middle","White","Algebra I",100,38
"2010-2011",20,"Leslie H. Walton Middle","White","Geometry",100,17
"2010-2011",20,"Leslie H. Walton Middle","White","Mathematics",87.5,32
"2010-2011",1051,"Lakeside Middle (Formerly: Mortimer Y. Sutherland Middle)","All Students","Algebra I",100,69
"2010-2011",1051,"Lakeside Middle (Formerly: Mortimer Y. Sutherland Middle)","All Students","Geometry",98.15,54
"2010-2011",1051,"Lakeside Middle (Formerly: Mortimer Y. Sutherland Middle)","All Students","Mathematics",95.45,66
"2010-2011",1051,"Lakeside Middle (Formerly: Mortimer Y. Sutherland Middle)","Economically Advantaged","Algebra I",100,61
"2010-2011",1051,"Lakeside Middle (Formerly: Mortimer Y. Sutherland Middle)","Economically Disadvantaged","Algebra I",NA,NA
"2010-2011",1051,"Lakeside Middle (Formerly: Mortimer Y. Sutherland Middle)","Economically Advantaged","Geometry",98.08,52
"2010-2011",1051,"Lakeside Middle (Formerly: Mortimer Y. Sutherland Middle)","Economically Disadvantaged","Geometry",NA,NA
"2010-2011",1051,"Lakeside Middle (Formerly: Mortimer Y. Sutherland Middle)","Economically Advantaged","Mathematics",96.15,52
"2010-2011",1051,"Lakeside Middle (Formerly: Mortimer Y. Sutherland Middle)","Economically Disadvantaged","Mathematics",92.86,14
"2010-2011",1051,"Lakeside Middle (Formerly: Mortimer Y. Sutherland Middle)","Non-English Learners","Algebra I",100,67
"2010-2011",1051,"Lakeside Middle (Formerly: Mortimer Y. Sutherland Middle)","English Learners","Algebra I",NA,NA
"2010-2011",1051,"Lakeside Middle (Formerly: Mortimer Y. Sutherland Middle)","Non-English Learners","Geometry",98.15,54
"2010-2011",1051,"Lakeside Middle (Formerly: Mortimer Y. Sutherland Middle)","Non-English Learners","Mathematics",94.83,58
"2010-2011",1051,"Lakeside Middle (Formerly: Mortimer Y. Sutherland Middle)","English Learners","Mathematics",NA,NA
"2010-2011",1051,"Lakeside Middle (Formerly: Mortimer Y. Sutherland Middle)","Asian","Algebra I",NA,NA
"2010-2011",1051,"Lakeside Middle (Formerly: Mortimer Y. Sutherland Middle)","Asian","Geometry",NA,NA
"2010-2011",1051,"Lakeside Middle (Formerly: Mortimer Y. Sutherland Middle)","Asian","Mathematics",NA,NA
"2010-2011",1051,"Lakeside Middle (Formerly: Mortimer Y. Sutherland Middle)","Black","Algebra I",NA,NA
"2010-2011",1051,"Lakeside Middle (Formerly: Mortimer Y. Sutherland Middle)","Black","Geometry",NA,NA
"2010-2011",1051,"Lakeside Middle (Formerly: Mortimer Y. Sutherland Middle)","Black","Mathematics",90.91,11
"2010-2011",1051,"Lakeside Middle (Formerly: Mortimer Y. Sutherland Middle)","Hispanic","Algebra I",NA,NA
"2010-2011",1051,"Lakeside Middle (Formerly: Mortimer Y. Sutherland Middle)","Hispanic","Geometry",NA,NA
"2010-2011",1051,"Lakeside Middle (Formerly: Mortimer Y. Sutherland Middle)","Hispanic","Mathematics",NA,NA
"2010-2011",1051,"Lakeside Middle (Formerly: Mortimer Y. Sutherland Middle)","Multiple Races","Algebra I",NA,NA
"2010-2011",1051,"Lakeside Middle (Formerly: Mortimer Y. Sutherland Middle)","Multiple Races","Geometry",NA,NA
"2010-2011",1051,"Lakeside Middle (Formerly: Mortimer Y. Sutherland Middle)","Multiple Races","Mathematics",NA,NA
"2010-2011",1051,"Lakeside Middle (Formerly: Mortimer Y. Sutherland Middle)","White","Algebra I",100,60
"2010-2011",1051,"Lakeside Middle (Formerly: Mortimer Y. Sutherland Middle)","White","Geometry",97.73,44
"2010-2011",1051,"Lakeside Middle (Formerly: Mortimer Y. Sutherland Middle)","White","Mathematics",95.12,41
"2010-2011",NA,"Virginia","All Students","Algebra I",98.88,35739
"2010-2011",NA,"Virginia","All Students","Geometry",98.27,9018
"2010-2011",NA,"Virginia","All Students","Mathematics",77.21,42267
"2010-2011",NA,"Virginia","Economically Advantaged","Algebra I",99.42,26737
"2010-2011",NA,"Virginia","Economically Advantaged","Geometry",100,7442
"2010-2011",NA,"Virginia","Economically Advantaged","Mathematics",83.2,22420
"2010-2011",NA,"Virginia","Economically Disadvantaged","Algebra I",97.28,9002
"2010-2011",NA,"Virginia","Economically Disadvantaged","Geometry",92.45,1576
"2010-2011",NA,"Virginia","Economically Disadvantaged","Mathematics",70.44,19847
"2010-2011",NA,"Virginia","Non-English Learners","Algebra I",98.9,33781
"2010-2011",NA,"Virginia","Non-English Learners","Geometry",98.25,8811
"2010-2011",NA,"Virginia","Non-English Learners","Mathematics",77.66,38166
"2010-2011",NA,"Virginia","English Learners","Algebra I",97.35,1019
"2010-2011",NA,"Virginia","English Learners","Geometry",97.37,76
"2010-2011",NA,"Virginia","English Learners","Mathematics",69.13,3379
"2010-2011",NA,"Virginia","American Indian","Algebra I",99.02,102
"2010-2011",NA,"Virginia","American Indian","Geometry",100,33
"2010-2011",NA,"Virginia","American Indian","Mathematics",80.52,154
"2010-2011",NA,"Virginia","Asian","Algebra I",100,2629
"2010-2011",NA,"Virginia","Asian","Geometry",100,1192
"2010-2011",NA,"Virginia","Asian","Mathematics",87.83,1274
"2010-2011",NA,"Virginia","Black","Algebra I",97.63,6758
"2010-2011",NA,"Virginia","Black","Geometry",91.51,1437
"2010-2011",NA,"Virginia","Black","Mathematics",67.82,12058
"2010-2011",NA,"Virginia","Hispanic","Algebra I",98.5,3070
"2010-2011",NA,"Virginia","Hispanic","Geometry",97.79,453
"2010-2011",NA,"Virginia","Hispanic","Mathematics",74.98,5391
"2010-2011",NA,"Virginia","White","Algebra I",99.21,21635
"2010-2011",NA,"Virginia","White","Geometry",100,5431
"2010-2011",NA,"Virginia","White","Mathematics",81.96,21812
"2010-2011",NA,"Virginia","Native Hawaiian  or Pacific Islander","Algebra I",100,47
"2010-2011",NA,"Virginia","Native Hawaiian  or Pacific Islander","Geometry",100,12
"2010-2011",NA,"Virginia","Native Hawaiian  or Pacific Islander","Mathematics",87.04,54
"2010-2011",NA,"Virginia","Multiple Races","Algebra I",99,1498
"2010-2011",NA,"Virginia","Multiple Races","Geometry",99.13,460
"2010-2011",NA,"Virginia","Multiple Races","Mathematics",81.82,1524
"2011-2012",NA,"Albemarle County","All Students","Algebra I",95.64,344
"2011-2012",NA,"Albemarle County","All Students","Geometry",100,222
"2011-2012",NA,"Albemarle County","All Students","Mathematics",67.48,329
"2011-2012",NA,"Albemarle County","Economically Advantaged","Algebra I",96.33,300
"2011-2012",NA,"Albemarle County","Economically Advantaged","Geometry",100,209
"2011-2012",NA,"Albemarle County","Economically Advantaged","Mathematics",73.12,186
"2011-2012",NA,"Albemarle County","Economically Disadvantaged","Algebra I",90.91,44
"2011-2012",NA,"Albemarle County","Economically Disadvantaged","Geometry",100,13
"2011-2012",NA,"Albemarle County","Economically Disadvantaged","Mathematics",60.14,143
"2011-2012",NA,"Albemarle County","Non-English Learners","Algebra I",95.43,328
"2011-2012",NA,"Albemarle County","Non-English Learners","Geometry",100,218
"2011-2012",NA,"Albemarle County","Non-English Learners","Mathematics",67.96,309
"2011-2012",NA,"Albemarle County","English Learners","Algebra I",100,10
"2011-2012",NA,"Albemarle County","English Learners","Geometry",NA,NA
"2011-2012",NA,"Albemarle County","English Learners","Mathematics",60,20
"2011-2012",NA,"Albemarle County","American Indian","Algebra I",NA,NA
"2011-2012",NA,"Albemarle County","American Indian","Mathematics",NA,NA
"2011-2012",NA,"Albemarle County","Asian","Algebra I",100,11
"2011-2012",NA,"Albemarle County","Asian","Geometry",100,18
"2011-2012",NA,"Albemarle County","Asian","Mathematics",NA,NA
"2011-2012",NA,"Albemarle County","Black","Algebra I",91.67,24
"2011-2012",NA,"Albemarle County","Black","Geometry",NA,NA
"2011-2012",NA,"Albemarle County","Black","Mathematics",47.3,74
"2011-2012",NA,"Albemarle County","Hispanic","Algebra I",95.45,22
"2011-2012",NA,"Albemarle County","Hispanic","Geometry",NA,NA
"2011-2012",NA,"Albemarle County","Hispanic","Mathematics",70.37,27
"2011-2012",NA,"Albemarle County","White","Algebra I",95.94,271
"2011-2012",NA,"Albemarle County","White","Geometry",100,183
"2011-2012",NA,"Albemarle County","White","Mathematics",72.41,203
"2011-2012",NA,"Albemarle County","Native Hawaiian  or Pacific Islander","Geometry",NA,NA
"2011-2012",NA,"Albemarle County","Multiple Races","Algebra I",93.33,15
"2011-2012",NA,"Albemarle County","Multiple Races","Geometry",NA,NA
"2011-2012",NA,"Albemarle County","Multiple Races","Mathematics",84.21,19
"2011-2012",1060,"Albemarle County Community Public Charter","All Students","Mathematics",NA,NA
"2011-2012",1060,"Albemarle County Community Public Charter","Economically Advantaged","Mathematics",NA,NA
"2011-2012",1060,"Albemarle County Community Public Charter","Economically Disadvantaged","Mathematics",NA,NA
"2011-2012",1060,"Albemarle County Community Public Charter","Non-English Learners","Mathematics",NA,NA
"2011-2012",1060,"Albemarle County Community Public Charter","White","Mathematics",NA,NA
"2011-2012",950,"Journey Middle (Formerly: Jack Jouett Middle)","All Students","Algebra I",98.63,73
"2011-2012",950,"Journey Middle (Formerly: Jack Jouett Middle)","All Students","Geometry",100,31
"2011-2012",950,"Journey Middle (Formerly: Jack Jouett Middle)","All Students","Mathematics",72.73,55
"2011-2012",950,"Journey Middle (Formerly: Jack Jouett Middle)","Economically Advantaged","Algebra I",100,58
"2011-2012",950,"Journey Middle (Formerly: Jack Jouett Middle)","Economically Disadvantaged","Algebra I",93.33,15
"2011-2012",950,"Journey Middle (Formerly: Jack Jouett Middle)","Economically Advantaged","Geometry",100,28
"2011-2012",950,"Journey Middle (Formerly: Jack Jouett Middle)","Economically Disadvantaged","Geometry",NA,NA
"2011-2012",950,"Journey Middle (Formerly: Jack Jouett Middle)","Economically Advantaged","Mathematics",61.11,18
"2011-2012",950,"Journey Middle (Formerly: Jack Jouett Middle)","Economically Disadvantaged","Mathematics",78.38,37
"2011-2012",950,"Journey Middle (Formerly: Jack Jouett Middle)","Non-English Learners","Algebra I",98.44,64
"2011-2012",950,"Journey Middle (Formerly: Jack Jouett Middle)","English Learners","Algebra I",NA,NA
"2011-2012",950,"Journey Middle (Formerly: Jack Jouett Middle)","Non-English Learners","Geometry",100,30
"2011-2012",950,"Journey Middle (Formerly: Jack Jouett Middle)","English Learners","Geometry",NA,NA
"2011-2012",950,"Journey Middle (Formerly: Jack Jouett Middle)","Non-English Learners","Mathematics",69.57,46
"2011-2012",950,"Journey Middle (Formerly: Jack Jouett Middle)","English Learners","Mathematics",NA,NA
"2011-2012",950,"Journey Middle (Formerly: Jack Jouett Middle)","Asian","Algebra I",NA,NA
"2011-2012",950,"Journey Middle (Formerly: Jack Jouett Middle)","Asian","Geometry",NA,NA
"2011-2012",950,"Journey Middle (Formerly: Jack Jouett Middle)","Asian","Mathematics",NA,NA
"2011-2012",950,"Journey Middle (Formerly: Jack Jouett Middle)","Black","Algebra I",NA,NA
"2011-2012",950,"Journey Middle (Formerly: Jack Jouett Middle)","Black","Mathematics",63.64,22
"2011-2012",950,"Journey Middle (Formerly: Jack Jouett Middle)","Hispanic","Algebra I",NA,NA
"2011-2012",950,"Journey Middle (Formerly: Jack Jouett Middle)","Hispanic","Geometry",NA,NA
"2011-2012",950,"Journey Middle (Formerly: Jack Jouett Middle)","Hispanic","Mathematics",90,10
"2011-2012",950,"Journey Middle (Formerly: Jack Jouett Middle)","Multiple Races","Algebra I",NA,NA
"2011-2012",950,"Journey Middle (Formerly: Jack Jouett Middle)","Multiple Races","Mathematics",NA,NA
"2011-2012",950,"Journey Middle (Formerly: Jack Jouett Middle)","White","Algebra I",100,50
"2011-2012",950,"Journey Middle (Formerly: Jack Jouett Middle)","White","Geometry",100,27
"2011-2012",950,"Journey Middle (Formerly: Jack Jouett Middle)","White","Mathematics",64.71,17
"2011-2012",69,"Jackson P. Burley Middle","All Students","Algebra I",95.45,66
"2011-2012",69,"Jackson P. Burley Middle","All Students","Geometry",100,32
"2011-2012",69,"Jackson P. Burley Middle","All Students","Mathematics",42.86,56
"2011-2012",69,"Jackson P. Burley Middle","Economically Advantaged","Algebra I",98.04,51
"2011-2012",69,"Jackson P. Burley Middle","Economically Disadvantaged","Algebra I",86.67,15
"2011-2012",69,"Jackson P. Burley Middle","Economically Advantaged","Geometry",100,30
"2011-2012",69,"Jackson P. Burley Middle","Economically Disadvantaged","Geometry",NA,NA
"2011-2012",69,"Jackson P. Burley Middle","Economically Advantaged","Mathematics",55.17,29
"2011-2012",69,"Jackson P. Burley Middle","Economically Disadvantaged","Mathematics",29.63,27
"2011-2012",69,"Jackson P. Burley Middle","Non-English Learners","Algebra I",95.08,61
"2011-2012",69,"Jackson P. Burley Middle","English Learners","Algebra I",NA,NA
"2011-2012",69,"Jackson P. Burley Middle","Non-English Learners","Geometry",100,30
"2011-2012",69,"Jackson P. Burley Middle","Non-English Learners","Mathematics",44.9,49
"2011-2012",69,"Jackson P. Burley Middle","English Learners","Mathematics",NA,NA
"2011-2012",69,"Jackson P. Burley Middle","American Indian","Algebra I",NA,NA
"2011-2012",69,"Jackson P. Burley Middle","Asian","Algebra I",NA,NA
"2011-2012",69,"Jackson P. Burley Middle","Asian","Geometry",NA,NA
"2011-2012",69,"Jackson P. Burley Middle","Asian","Mathematics",NA,NA
"2011-2012",69,"Jackson P. Burley Middle","Black","Algebra I",NA,NA
"2011-2012",69,"Jackson P. Burley Middle","Black","Geometry",NA,NA
"2011-2012",69,"Jackson P. Burley Middle","Black","Mathematics",NA,20
"2011-2012",69,"Jackson P. Burley Middle","Hispanic","Algebra I",NA,NA
"2011-2012",69,"Jackson P. Burley Middle","Hispanic","Geometry",NA,NA
"2011-2012",69,"Jackson P. Burley Middle","Hispanic","Mathematics",NA,NA
"2011-2012",69,"Jackson P. Burley Middle","Multiple Races","Algebra I",NA,NA
"2011-2012",69,"Jackson P. Burley Middle","Multiple Races","Mathematics",NA,NA
"2011-2012",69,"Jackson P. Burley Middle","White","Algebra I",97.67,43
"2011-2012",69,"Jackson P. Burley Middle","White","Geometry",100,26
"2011-2012",69,"Jackson P. Burley Middle","White","Mathematics",60.87,23
"2011-2012",942,"Joseph T. Henley Middle","All Students","Algebra I",99.09,110
"2011-2012",942,"Joseph T. Henley Middle","All Students","Geometry",100,50
"2011-2012",942,"Joseph T. Henley Middle","All Students","Mathematics",96.36,110
"2011-2012",942,"Joseph T. Henley Middle","Economically Advantaged","Algebra I",100,106
"2011-2012",942,"Joseph T. Henley Middle","Economically Disadvantaged","Algebra I",NA,NA
"2011-2012",942,"Joseph T. Henley Middle","Economically Advantaged","Geometry",100,48
"2011-2012",942,"Joseph T. Henley Middle","Economically Disadvantaged","Geometry",NA,NA
"2011-2012",942,"Joseph T. Henley Middle","Economically Advantaged","Mathematics",96.34,82
"2011-2012",942,"Joseph T. Henley Middle","Economically Disadvantaged","Mathematics",96.43,28
"2011-2012",942,"Joseph T. Henley Middle","Non-English Learners","Algebra I",99.08,109
"2011-2012",942,"Joseph T. Henley Middle","English Learners","Algebra I",NA,NA
"2011-2012",942,"Joseph T. Henley Middle","Non-English Learners","Geometry",100,50
"2011-2012",942,"Joseph T. Henley Middle","Non-English Learners","Mathematics",96.33,109
"2011-2012",942,"Joseph T. Henley Middle","English Learners","Mathematics",NA,NA
"2011-2012",942,"Joseph T. Henley Middle","Asian","Algebra I",NA,NA
"2011-2012",942,"Joseph T. Henley Middle","Asian","Geometry",NA,NA
"2011-2012",942,"Joseph T. Henley Middle","Asian","Mathematics",NA,NA
"2011-2012",942,"Joseph T. Henley Middle","Black","Algebra I",NA,NA
"2011-2012",942,"Joseph T. Henley Middle","Black","Mathematics",NA,NA
"2011-2012",942,"Joseph T. Henley Middle","Hispanic","Algebra I",NA,NA
"2011-2012",942,"Joseph T. Henley Middle","Hispanic","Geometry",NA,NA
"2011-2012",942,"Joseph T. Henley Middle","Hispanic","Mathematics",NA,NA
"2011-2012",942,"Joseph T. Henley Middle","Multiple Races","Algebra I",NA,NA
"2011-2012",942,"Joseph T. Henley Middle","Multiple Races","Geometry",NA,NA
"2011-2012",942,"Joseph T. Henley Middle","Multiple Races","Mathematics",NA,NA
"2011-2012",942,"Joseph T. Henley Middle","White","Algebra I",98.98,98
"2011-2012",942,"Joseph T. Henley Middle","White","Geometry",100,39
"2011-2012",942,"Joseph T. Henley Middle","White","Mathematics",95.79,95
"2011-2012",20,"Leslie H. Walton Middle","All Students","Algebra I",75.86,29
"2011-2012",20,"Leslie H. Walton Middle","All Students","Geometry",100,40
"2011-2012",20,"Leslie H. Walton Middle","All Students","Mathematics",41.82,55
"2011-2012",20,"Leslie H. Walton Middle","Economically Advantaged","Algebra I",73.08,26
"2011-2012",20,"Leslie H. Walton Middle","Economically Disadvantaged","Algebra I",NA,NA
"2011-2012",20,"Leslie H. Walton Middle","Economically Advantaged","Geometry",100,34
"2011-2012",20,"Leslie H. Walton Middle","Economically Disadvantaged","Geometry",NA,NA
"2011-2012",20,"Leslie H. Walton Middle","Economically Advantaged","Mathematics",50,28
"2011-2012",20,"Leslie H. Walton Middle","Economically Disadvantaged","Mathematics",33.33,27
"2011-2012",20,"Leslie H. Walton Middle","Non-English Learners","Algebra I",75.86,29
"2011-2012",20,"Leslie H. Walton Middle","Non-English Learners","Geometry",100,40
"2011-2012",20,"Leslie H. Walton Middle","Non-English Learners","Mathematics",41.82,55
"2011-2012",20,"Leslie H. Walton Middle","Asian","Geometry",NA,NA
"2011-2012",20,"Leslie H. Walton Middle","Asian","Mathematics",NA,NA
"2011-2012",20,"Leslie H. Walton Middle","Black","Algebra I",NA,NA
"2011-2012",20,"Leslie H. Walton Middle","Black","Geometry",NA,NA
"2011-2012",20,"Leslie H. Walton Middle","Black","Mathematics",NA,14
"2011-2012",20,"Leslie H. Walton Middle","Hispanic","Algebra I",NA,NA
"2011-2012",20,"Leslie H. Walton Middle","Multiple Races","Algebra I",NA,NA
"2011-2012",20,"Leslie H. Walton Middle","Multiple Races","Geometry",NA,NA
"2011-2012",20,"Leslie H. Walton Middle","Multiple Races","Mathematics",NA,NA
"2011-2012",20,"Leslie H. Walton Middle","White","Algebra I",73.08,26
"2011-2012",20,"Leslie H. Walton Middle","White","Geometry",100,35
"2011-2012",20,"Leslie H. Walton Middle","White","Mathematics",39.47,38
"2011-2012",1051,"Lakeside Middle (Formerly: Mortimer Y. Sutherland Middle)","All Students","Algebra I",95.45,66
"2011-2012",1051,"Lakeside Middle (Formerly: Mortimer Y. Sutherland Middle)","All Students","Geometry",100,69
"2011-2012",1051,"Lakeside Middle (Formerly: Mortimer Y. Sutherland Middle)","All Students","Mathematics",50,44
"2011-2012",1051,"Lakeside Middle (Formerly: Mortimer Y. Sutherland Middle)","Economically Advantaged","Algebra I",94.92,59
"2011-2012",1051,"Lakeside Middle (Formerly: Mortimer Y. Sutherland Middle)","Economically Disadvantaged","Algebra I",NA,NA
"2011-2012",1051,"Lakeside Middle (Formerly: Mortimer Y. Sutherland Middle)","Economically Advantaged","Geometry",100,69
"2011-2012",1051,"Lakeside Middle (Formerly: Mortimer Y. Sutherland Middle)","Economically Advantaged","Mathematics",50,26
"2011-2012",1051,"Lakeside Middle (Formerly: Mortimer Y. Sutherland Middle)","Economically Disadvantaged","Mathematics",50,18
"2011-2012",1051,"Lakeside Middle (Formerly: Mortimer Y. Sutherland Middle)","Non-English Learners","Algebra I",95.38,65
"2011-2012",1051,"Lakeside Middle (Formerly: Mortimer Y. Sutherland Middle)","Non-English Learners","Geometry",100,68
"2011-2012",1051,"Lakeside Middle (Formerly: Mortimer Y. Sutherland Middle)","Non-English Learners","Mathematics",51.22,41
"2011-2012",1051,"Lakeside Middle (Formerly: Mortimer Y. Sutherland Middle)","English Learners","Mathematics",NA,NA
"2011-2012",1051,"Lakeside Middle (Formerly: Mortimer Y. Sutherland Middle)","American Indian","Mathematics",NA,NA
"2011-2012",1051,"Lakeside Middle (Formerly: Mortimer Y. Sutherland Middle)","Asian","Algebra I",NA,NA
"2011-2012",1051,"Lakeside Middle (Formerly: Mortimer Y. Sutherland Middle)","Asian","Geometry",NA,NA
"2011-2012",1051,"Lakeside Middle (Formerly: Mortimer Y. Sutherland Middle)","Asian","Mathematics",NA,NA
"2011-2012",1051,"Lakeside Middle (Formerly: Mortimer Y. Sutherland Middle)","Black","Algebra I",NA,NA
"2011-2012",1051,"Lakeside Middle (Formerly: Mortimer Y. Sutherland Middle)","Black","Geometry",NA,NA
"2011-2012",1051,"Lakeside Middle (Formerly: Mortimer Y. Sutherland Middle)","Black","Mathematics",NA,11
"2011-2012",1051,"Lakeside Middle (Formerly: Mortimer Y. Sutherland Middle)","Hispanic","Algebra I",NA,NA
"2011-2012",1051,"Lakeside Middle (Formerly: Mortimer Y. Sutherland Middle)","Hispanic","Geometry",NA,NA
"2011-2012",1051,"Lakeside Middle (Formerly: Mortimer Y. Sutherland Middle)","Hispanic","Mathematics",NA,NA
"2011-2012",1051,"Lakeside Middle (Formerly: Mortimer Y. Sutherland Middle)","Native Hawaiian  or Pacific Islander","Geometry",NA,NA
"2011-2012",1051,"Lakeside Middle (Formerly: Mortimer Y. Sutherland Middle)","Multiple Races","Algebra I",NA,NA
"2011-2012",1051,"Lakeside Middle (Formerly: Mortimer Y. Sutherland Middle)","Multiple Races","Geometry",NA,NA
"2011-2012",1051,"Lakeside Middle (Formerly: Mortimer Y. Sutherland Middle)","Multiple Races","Mathematics",NA,NA
"2011-2012",1051,"Lakeside Middle (Formerly: Mortimer Y. Sutherland Middle)","White","Algebra I",96.3,54
"2011-2012",1051,"Lakeside Middle (Formerly: Mortimer Y. Sutherland Middle)","White","Geometry",100,56
"2011-2012",1051,"Lakeside Middle (Formerly: Mortimer Y. Sutherland Middle)","White","Mathematics",42.86,21
"2011-2012",NA,"Virginia","All Students","Algebra I",88.31,38212
"2011-2012",NA,"Virginia","All Students","Geometry",95.66,10460
"2011-2012",NA,"Virginia","All Students","Mathematics",49.36,39897
"2011-2012",NA,"Virginia","Economically Advantaged","Algebra I",91.8,27712
"2011-2012",NA,"Virginia","Economically Advantaged","Geometry",98.12,8526
"2011-2012",NA,"Virginia","Economically Advantaged","Mathematics",58.25,19808
"2011-2012",NA,"Virginia","Economically Disadvantaged","Algebra I",79.09,10500
"2011-2012",NA,"Virginia","Economically Disadvantaged","Geometry",84.8,1934
"2011-2012",NA,"Virginia","Economically Disadvantaged","Mathematics",40.58,20089
"2011-2012",NA,"Virginia","Non-English Learners","Algebra I",88.41,35908
"2011-2012",NA,"Virginia","Non-English Learners","Geometry",95.71,10229
"2011-2012",NA,"Virginia","Non-English Learners","Mathematics",49.69,35938
"2011-2012",NA,"Virginia","English Learners","Algebra I",79.8,1228
"2011-2012",NA,"Virginia","English Learners","Geometry",81.43,70
"2011-2012",NA,"Virginia","English Learners","Mathematics",42.54,3418
"2011-2012",NA,"Virginia","American Indian","Algebra I",86.41,103
"2011-2012",NA,"Virginia","American Indian","Geometry",90,20
"2011-2012",NA,"Virginia","American Indian","Mathematics",55.32,141
"2011-2012",NA,"Virginia","Asian","Algebra I",96.68,2799
"2011-2012",NA,"Virginia","Asian","Geometry",100,1386
"2011-2012",NA,"Virginia","Asian","Mathematics",66.24,1093
"2011-2012",NA,"Virginia","Black","Algebra I",79.25,7344
"2011-2012",NA,"Virginia","Black","Geometry",83.81,1754
"2011-2012",NA,"Virginia","Black","Mathematics",36.29,12077
"2011-2012",NA,"Virginia","Hispanic","Algebra I",84.12,3533
"2011-2012",NA,"Virginia","Hispanic","Geometry",93.72,589
"2011-2012",NA,"Virginia","Hispanic","Mathematics",48.28,5162
"2011-2012",NA,"Virginia","White","Algebra I",90.69,22809
"2011-2012",NA,"Virginia","White","Geometry",98.34,6193
"2011-2012",NA,"Virginia","White","Mathematics",56.24,19830
"2011-2012",NA,"Virginia","Native Hawaiian  or Pacific Islander","Algebra I",90.57,53
"2011-2012",NA,"Virginia","Native Hawaiian  or Pacific Islander","Geometry",100,23
"2011-2012",NA,"Virginia","Native Hawaiian  or Pacific Islander","Mathematics",62.96,54
"2011-2012",NA,"Virginia","Multiple Races","Algebra I",90.64,1571
"2011-2012",NA,"Virginia","Multiple Races","Geometry",95.35,495
"2011-2012",NA,"Virginia","Multiple Races","Mathematics",53.83,1540
"2012-2013",NA,"Albemarle County","All Students","Algebra I",95.94,345
"2012-2013",NA,"Albemarle County","All Students","Geometry",100,257
"2012-2013",NA,"Albemarle County","All Students","Mathematics",53.47,331
"2012-2013",NA,"Albemarle County","Economically Advantaged","Algebra I",96.54,289
"2012-2013",NA,"Albemarle County","Economically Advantaged","Geometry",100,238
"2012-2013",NA,"Albemarle County","Economically Advantaged","Mathematics",64,175
"2012-2013",NA,"Albemarle County","Economically Disadvantaged","Algebra I",92.86,56
"2012-2013",NA,"Albemarle County","Economically Disadvantaged","Geometry",100,19
"2012-2013",NA,"Albemarle County","Economically Disadvantaged","Mathematics",41.67,156
"2012-2013",NA,"Albemarle County","Non-English Learners","Algebra I",95.87,339
"2012-2013",NA,"Albemarle County","Non-English Learners","Geometry",100,254
"2012-2013",NA,"Albemarle County","Non-English Learners","Mathematics",53.95,304
"2012-2013",NA,"Albemarle County","English Learners","Algebra I",NA,NA
"2012-2013",NA,"Albemarle County","English Learners","Geometry",NA,NA
"2012-2013",NA,"Albemarle County","English Learners","Mathematics",48.15,27
"2012-2013",NA,"Albemarle County","American Indian","Algebra I",NA,NA
"2012-2013",NA,"Albemarle County","American Indian","Mathematics",NA,NA
"2012-2013",NA,"Albemarle County","Asian","Algebra I",100,13
"2012-2013",NA,"Albemarle County","Asian","Geometry",100,17
"2012-2013",NA,"Albemarle County","Asian","Mathematics",NA,NA
"2012-2013",NA,"Albemarle County","Black","Algebra I",85.19,27
"2012-2013",NA,"Albemarle County","Black","Geometry",NA,NA
"2012-2013",NA,"Albemarle County","Black","Mathematics",45.78,83
"2012-2013",NA,"Albemarle County","Hispanic","Algebra I",93.55,31
"2012-2013",NA,"Albemarle County","Hispanic","Geometry",NA,NA
"2012-2013",NA,"Albemarle County","Hispanic","Mathematics",43.33,30
"2012-2013",NA,"Albemarle County","White","Algebra I",97.25,255
"2012-2013",NA,"Albemarle County","White","Geometry",100,218
"2012-2013",NA,"Albemarle County","White","Mathematics",56.52,184
"2012-2013",NA,"Albemarle County","Multiple Races","Algebra I",94.12,17
"2012-2013",NA,"Albemarle County","Multiple Races","Geometry",100,11
"2012-2013",NA,"Albemarle County","Multiple Races","Mathematics",66.67,24
"2012-2013",1060,"Albemarle County Community Public Charter","All Students","Mathematics",NA,18
"2012-2013",1060,"Albemarle County Community Public Charter","Economically Advantaged","Mathematics",NA,15
"2012-2013",1060,"Albemarle County Community Public Charter","Economically Disadvantaged","Mathematics",NA,NA
"2012-2013",1060,"Albemarle County Community Public Charter","Non-English Learners","Mathematics",NA,17
"2012-2013",1060,"Albemarle County Community Public Charter","English Learners","Mathematics",NA,NA
"2012-2013",1060,"Albemarle County Community Public Charter","American Indian","Mathematics",NA,NA
"2012-2013",1060,"Albemarle County Community Public Charter","Black","Mathematics",NA,NA
"2012-2013",1060,"Albemarle County Community Public Charter","Hispanic","Mathematics",NA,NA
"2012-2013",1060,"Albemarle County Community Public Charter","Multiple Races","Mathematics",NA,NA
"2012-2013",1060,"Albemarle County Community Public Charter","White","Mathematics",NA,14
"2012-2013",950,"Journey Middle (Formerly: Jack Jouett Middle)","All Students","Algebra I",86.89,61
"2012-2013",950,"Journey Middle (Formerly: Jack Jouett Middle)","All Students","Geometry",100,41
"2012-2013",950,"Journey Middle (Formerly: Jack Jouett Middle)","All Students","Mathematics",52.31,65
"2012-2013",950,"Journey Middle (Formerly: Jack Jouett Middle)","Economically Advantaged","Algebra I",86.36,44
"2012-2013",950,"Journey Middle (Formerly: Jack Jouett Middle)","Economically Disadvantaged","Algebra I",88.24,17
"2012-2013",950,"Journey Middle (Formerly: Jack Jouett Middle)","Economically Advantaged","Geometry",100,35
"2012-2013",950,"Journey Middle (Formerly: Jack Jouett Middle)","Economically Disadvantaged","Geometry",NA,NA
"2012-2013",950,"Journey Middle (Formerly: Jack Jouett Middle)","Economically Advantaged","Mathematics",69.57,23
"2012-2013",950,"Journey Middle (Formerly: Jack Jouett Middle)","Economically Disadvantaged","Mathematics",42.86,42
"2012-2013",950,"Journey Middle (Formerly: Jack Jouett Middle)","Non-English Learners","Algebra I",86.21,58
"2012-2013",950,"Journey Middle (Formerly: Jack Jouett Middle)","English Learners","Algebra I",NA,NA
"2012-2013",950,"Journey Middle (Formerly: Jack Jouett Middle)","Non-English Learners","Geometry",100,40
"2012-2013",950,"Journey Middle (Formerly: Jack Jouett Middle)","English Learners","Geometry",NA,NA
"2012-2013",950,"Journey Middle (Formerly: Jack Jouett Middle)","Non-English Learners","Mathematics",49.02,51
"2012-2013",950,"Journey Middle (Formerly: Jack Jouett Middle)","English Learners","Mathematics",64.29,14
"2012-2013",950,"Journey Middle (Formerly: Jack Jouett Middle)","American Indian","Algebra I",NA,NA
"2012-2013",950,"Journey Middle (Formerly: Jack Jouett Middle)","American Indian","Mathematics",NA,NA
"2012-2013",950,"Journey Middle (Formerly: Jack Jouett Middle)","Asian","Algebra I",NA,NA
"2012-2013",950,"Journey Middle (Formerly: Jack Jouett Middle)","Asian","Geometry",NA,NA
"2012-2013",950,"Journey Middle (Formerly: Jack Jouett Middle)","Asian","Mathematics",NA,NA
"2012-2013",950,"Journey Middle (Formerly: Jack Jouett Middle)","Black","Algebra I",NA,NA
"2012-2013",950,"Journey Middle (Formerly: Jack Jouett Middle)","Black","Geometry",NA,NA
"2012-2013",950,"Journey Middle (Formerly: Jack Jouett Middle)","Black","Mathematics",35.71,28
"2012-2013",950,"Journey Middle (Formerly: Jack Jouett Middle)","Hispanic","Algebra I",NA,NA
"2012-2013",950,"Journey Middle (Formerly: Jack Jouett Middle)","Hispanic","Geometry",NA,NA
"2012-2013",950,"Journey Middle (Formerly: Jack Jouett Middle)","Hispanic","Mathematics",NA,NA
"2012-2013",950,"Journey Middle (Formerly: Jack Jouett Middle)","Multiple Races","Algebra I",NA,NA
"2012-2013",950,"Journey Middle (Formerly: Jack Jouett Middle)","Multiple Races","Geometry",NA,NA
"2012-2013",950,"Journey Middle (Formerly: Jack Jouett Middle)","Multiple Races","Mathematics",NA,NA
"2012-2013",950,"Journey Middle (Formerly: Jack Jouett Middle)","White","Algebra I",91.67,36
"2012-2013",950,"Journey Middle (Formerly: Jack Jouett Middle)","White","Geometry",100,29
"2012-2013",950,"Journey Middle (Formerly: Jack Jouett Middle)","White","Mathematics",75,20
"2012-2013",69,"Jackson P. Burley Middle","All Students","Algebra I",98.15,54
"2012-2013",69,"Jackson P. Burley Middle","All Students","Geometry",100,39
"2012-2013",69,"Jackson P. Burley Middle","All Students","Mathematics",58.82,68
"2012-2013",69,"Jackson P. Burley Middle","Economically Advantaged","Algebra I",97.37,38
"2012-2013",69,"Jackson P. Burley Middle","Economically Disadvantaged","Algebra I",100,16
"2012-2013",69,"Jackson P. Burley Middle","Economically Advantaged","Geometry",100,38
"2012-2013",69,"Jackson P. Burley Middle","Economically Disadvantaged","Geometry",NA,NA
"2012-2013",69,"Jackson P. Burley Middle","Economically Advantaged","Mathematics",66.67,27
"2012-2013",69,"Jackson P. Burley Middle","Economically Disadvantaged","Mathematics",53.66,41
"2012-2013",69,"Jackson P. Burley Middle","Non-English Learners","Algebra I",98.08,52
"2012-2013",69,"Jackson P. Burley Middle","English Learners","Algebra I",NA,NA
"2012-2013",69,"Jackson P. Burley Middle","Non-English Learners","Geometry",100,38
"2012-2013",69,"Jackson P. Burley Middle","Non-English Learners","Mathematics",63.33,60
"2012-2013",69,"Jackson P. Burley Middle","English Learners","Mathematics",NA,NA
"2012-2013",69,"Jackson P. Burley Middle","Asian","Algebra I",NA,NA
"2012-2013",69,"Jackson P. Burley Middle","Asian","Geometry",NA,NA
"2012-2013",69,"Jackson P. Burley Middle","Asian","Mathematics",NA,NA
"2012-2013",69,"Jackson P. Burley Middle","Black","Algebra I",NA,NA
"2012-2013",69,"Jackson P. Burley Middle","Black","Mathematics",66.67,21
"2012-2013",69,"Jackson P. Burley Middle","Hispanic","Algebra I",NA,NA
"2012-2013",69,"Jackson P. Burley Middle","Hispanic","Mathematics",NA,12
"2012-2013",69,"Jackson P. Burley Middle","Multiple Races","Algebra I",NA,NA
"2012-2013",69,"Jackson P. Burley Middle","Multiple Races","Mathematics",NA,NA
"2012-2013",69,"Jackson P. Burley Middle","White","Algebra I",97.06,34
"2012-2013",69,"Jackson P. Burley Middle","White","Geometry",100,35
"2012-2013",69,"Jackson P. Burley Middle","White","Mathematics",55.56,27
"2012-2013",942,"Joseph T. Henley Middle","All Students","Algebra I",97.46,118
"2012-2013",942,"Joseph T. Henley Middle","All Students","Geometry",100,53
"2012-2013",942,"Joseph T. Henley Middle","All Students","Mathematics",78.69,61
"2012-2013",942,"Joseph T. Henley Middle","Economically Advantaged","Algebra I",98.23,113
"2012-2013",942,"Joseph T. Henley Middle","Economically Disadvantaged","Algebra I",NA,NA
"2012-2013",942,"Joseph T. Henley Middle","Economically Advantaged","Geometry",100,52
"2012-2013",942,"Joseph T. Henley Middle","Economically Disadvantaged","Geometry",NA,NA
"2012-2013",942,"Joseph T. Henley Middle","Economically Advantaged","Mathematics",92.86,42
"2012-2013",942,"Joseph T. Henley Middle","Economically Disadvantaged","Mathematics",NA,19
"2012-2013",942,"Joseph T. Henley Middle","Non-English Learners","Algebra I",97.46,118
"2012-2013",942,"Joseph T. Henley Middle","Non-English Learners","Geometry",100,53
"2012-2013",942,"Joseph T. Henley Middle","Non-English Learners","Mathematics",81.03,58
"2012-2013",942,"Joseph T. Henley Middle","English Learners","Mathematics",NA,NA
"2012-2013",942,"Joseph T. Henley Middle","American Indian","Algebra I",NA,NA
"2012-2013",942,"Joseph T. Henley Middle","American Indian","Mathematics",NA,NA
"2012-2013",942,"Joseph T. Henley Middle","Asian","Algebra I",NA,NA
"2012-2013",942,"Joseph T. Henley Middle","Asian","Geometry",NA,NA
"2012-2013",942,"Joseph T. Henley Middle","Asian","Mathematics",NA,NA
"2012-2013",942,"Joseph T. Henley Middle","Black","Algebra I",NA,NA
"2012-2013",942,"Joseph T. Henley Middle","Black","Geometry",NA,NA
"2012-2013",942,"Joseph T. Henley Middle","Black","Mathematics",80,10
"2012-2013",942,"Joseph T. Henley Middle","Hispanic","Algebra I",NA,NA
"2012-2013",942,"Joseph T. Henley Middle","Hispanic","Geometry",NA,NA
"2012-2013",942,"Joseph T. Henley Middle","Hispanic","Mathematics",NA,NA
"2012-2013",942,"Joseph T. Henley Middle","Multiple Races","Algebra I",NA,NA
"2012-2013",942,"Joseph T. Henley Middle","Multiple Races","Geometry",NA,NA
"2012-2013",942,"Joseph T. Henley Middle","Multiple Races","Mathematics",NA,NA
"2012-2013",942,"Joseph T. Henley Middle","White","Algebra I",98.08,104
"2012-2013",942,"Joseph T. Henley Middle","White","Geometry",100,44
"2012-2013",942,"Joseph T. Henley Middle","White","Mathematics",86.49,37
"2012-2013",20,"Leslie H. Walton Middle","All Students","Algebra I",100,36
"2012-2013",20,"Leslie H. Walton Middle","All Students","Geometry",100,40
"2012-2013",20,"Leslie H. Walton Middle","All Students","Mathematics",42.62,61
"2012-2013",20,"Leslie H. Walton Middle","Economically Advantaged","Algebra I",100,24
"2012-2013",20,"Leslie H. Walton Middle","Economically Disadvantaged","Algebra I",100,12
"2012-2013",20,"Leslie H. Walton Middle","Economically Advantaged","Geometry",100,34
"2012-2013",20,"Leslie H. Walton Middle","Economically Disadvantaged","Geometry",NA,NA
"2012-2013",20,"Leslie H. Walton Middle","Economically Advantaged","Mathematics",54.55,33
"2012-2013",20,"Leslie H. Walton Middle","Economically Disadvantaged","Mathematics",28.57,28
"2012-2013",20,"Leslie H. Walton Middle","Non-English Learners","Algebra I",100,35
"2012-2013",20,"Leslie H. Walton Middle","English Learners","Algebra I",NA,NA
"2012-2013",20,"Leslie H. Walton Middle","Non-English Learners","Geometry",100,40
"2012-2013",20,"Leslie H. Walton Middle","Non-English Learners","Mathematics",41.67,60
"2012-2013",20,"Leslie H. Walton Middle","English Learners","Mathematics",NA,NA
"2012-2013",20,"Leslie H. Walton Middle","Asian","Geometry",NA,NA
"2012-2013",20,"Leslie H. Walton Middle","Black","Algebra I",NA,NA
"2012-2013",20,"Leslie H. Walton Middle","Black","Geometry",NA,NA
"2012-2013",20,"Leslie H. Walton Middle","Black","Mathematics",NA,13
"2012-2013",20,"Leslie H. Walton Middle","Hispanic","Algebra I",NA,NA
"2012-2013",20,"Leslie H. Walton Middle","Hispanic","Geometry",NA,NA
"2012-2013",20,"Leslie H. Walton Middle","Hispanic","Mathematics",NA,NA
"2012-2013",20,"Leslie H. Walton Middle","Multiple Races","Algebra I",NA,NA
"2012-2013",20,"Leslie H. Walton Middle","Multiple Races","Geometry",NA,NA
"2012-2013",20,"Leslie H. Walton Middle","Multiple Races","Mathematics",NA,NA
"2012-2013",20,"Leslie H. Walton Middle","White","Algebra I",100,24
"2012-2013",20,"Leslie H. Walton Middle","White","Geometry",100,35
"2012-2013",20,"Leslie H. Walton Middle","White","Mathematics",40.91,44
"2012-2013",1051,"Lakeside Middle (Formerly: Mortimer Y. Sutherland Middle)","All Students","Algebra I",98.65,74
"2012-2013",1051,"Lakeside Middle (Formerly: Mortimer Y. Sutherland Middle)","All Students","Geometry",100,83
"2012-2013",1051,"Lakeside Middle (Formerly: Mortimer Y. Sutherland Middle)","All Students","Mathematics",50,50
"2012-2013",1051,"Lakeside Middle (Formerly: Mortimer Y. Sutherland Middle)","Economically Advantaged","Algebra I",98.55,69
"2012-2013",1051,"Lakeside Middle (Formerly: Mortimer Y. Sutherland Middle)","Economically Disadvantaged","Algebra I",NA,NA
"2012-2013",1051,"Lakeside Middle (Formerly: Mortimer Y. Sutherland Middle)","Economically Advantaged","Geometry",100,78
"2012-2013",1051,"Lakeside Middle (Formerly: Mortimer Y. Sutherland Middle)","Economically Disadvantaged","Geometry",NA,NA
"2012-2013",1051,"Lakeside Middle (Formerly: Mortimer Y. Sutherland Middle)","Economically Advantaged","Mathematics",51.52,33
"2012-2013",1051,"Lakeside Middle (Formerly: Mortimer Y. Sutherland Middle)","Economically Disadvantaged","Mathematics",NA,17
"2012-2013",1051,"Lakeside Middle (Formerly: Mortimer Y. Sutherland Middle)","Non-English Learners","Algebra I",98.65,74
"2012-2013",1051,"Lakeside Middle (Formerly: Mortimer Y. Sutherland Middle)","Non-English Learners","Geometry",100,82
"2012-2013",1051,"Lakeside Middle (Formerly: Mortimer Y. Sutherland Middle)","Non-English Learners","Mathematics",50,50
"2012-2013",1051,"Lakeside Middle (Formerly: Mortimer Y. Sutherland Middle)","Asian","Algebra I",NA,NA
"2012-2013",1051,"Lakeside Middle (Formerly: Mortimer Y. Sutherland Middle)","Asian","Geometry",NA,NA
"2012-2013",1051,"Lakeside Middle (Formerly: Mortimer Y. Sutherland Middle)","Asian","Mathematics",NA,NA
"2012-2013",1051,"Lakeside Middle (Formerly: Mortimer Y. Sutherland Middle)","Black","Algebra I",NA,NA
"2012-2013",1051,"Lakeside Middle (Formerly: Mortimer Y. Sutherland Middle)","Black","Geometry",NA,NA
"2012-2013",1051,"Lakeside Middle (Formerly: Mortimer Y. Sutherland Middle)","Black","Mathematics",NA,NA
"2012-2013",1051,"Lakeside Middle (Formerly: Mortimer Y. Sutherland Middle)","Hispanic","Algebra I",NA,NA
"2012-2013",1051,"Lakeside Middle (Formerly: Mortimer Y. Sutherland Middle)","Hispanic","Mathematics",NA,NA
"2012-2013",1051,"Lakeside Middle (Formerly: Mortimer Y. Sutherland Middle)","Multiple Races","Algebra I",NA,NA
"2012-2013",1051,"Lakeside Middle (Formerly: Mortimer Y. Sutherland Middle)","Multiple Races","Geometry",NA,NA
"2012-2013",1051,"Lakeside Middle (Formerly: Mortimer Y. Sutherland Middle)","Multiple Races","Mathematics",NA,NA
"2012-2013",1051,"Lakeside Middle (Formerly: Mortimer Y. Sutherland Middle)","White","Algebra I",98.21,56
"2012-2013",1051,"Lakeside Middle (Formerly: Mortimer Y. Sutherland Middle)","White","Geometry",100,75
"2012-2013",1051,"Lakeside Middle (Formerly: Mortimer Y. Sutherland Middle)","White","Mathematics",52.63,38
"2012-2013",NA,"Virginia","All Students","Algebra I",89.32,35923
"2012-2013",NA,"Virginia","All Students","Geometry",95.54,12319
"2012-2013",NA,"Virginia","All Students","Mathematics",51.04,41120
"2012-2013",NA,"Virginia","Economically Advantaged","Algebra I",92.79,25990
"2012-2013",NA,"Virginia","Economically Advantaged","Geometry",97.73,9942
"2012-2013",NA,"Virginia","Economically Advantaged","Mathematics",60.36,19602
"2012-2013",NA,"Virginia","Economically Disadvantaged","Algebra I",80.24,9933
"2012-2013",NA,"Virginia","Economically Disadvantaged","Geometry",86.37,2377
"2012-2013",NA,"Virginia","Economically Disadvantaged","Mathematics",42.56,21518
"2012-2013",NA,"Virginia","Non-English Learners","Algebra I",89.65,34500
"2012-2013",NA,"Virginia","Non-English Learners","Geometry",95.54,12132
"2012-2013",NA,"Virginia","Non-English Learners","Mathematics",51.53,37438
"2012-2013",NA,"Virginia","English Learners","Algebra I",77.24,1072
"2012-2013",NA,"Virginia","English Learners","Geometry",91.01,89
"2012-2013",NA,"Virginia","English Learners","Mathematics",43.87,3392
"2012-2013",NA,"Virginia","American Indian","Algebra I",77.78,117
"2012-2013",NA,"Virginia","American Indian","Geometry",93.75,32
"2012-2013",NA,"Virginia","American Indian","Mathematics",50.68,148
"2012-2013",NA,"Virginia","Asian","Algebra I",96.94,2518
"2012-2013",NA,"Virginia","Asian","Geometry",99.22,1665
"2012-2013",NA,"Virginia","Asian","Mathematics",69.11,1133
"2012-2013",NA,"Virginia","Black","Algebra I",81.33,6347
"2012-2013",NA,"Virginia","Black","Geometry",84.15,1950
"2012-2013",NA,"Virginia","Black","Mathematics",39.23,12935
"2012-2013",NA,"Virginia","Hispanic","Algebra I",85.22,3640
"2012-2013",NA,"Virginia","Hispanic","Geometry",95.39,694
"2012-2013",NA,"Virginia","Hispanic","Mathematics",51.02,5300
"2012-2013",NA,"Virginia","White","Algebra I",91.53,21635
"2012-2013",NA,"Virginia","White","Geometry",97.84,7352
"2012-2013",NA,"Virginia","White","Mathematics",57.26,19874
"2012-2013",NA,"Virginia","Native Hawaiian  or Pacific Islander","Algebra I",82,50
"2012-2013",NA,"Virginia","Native Hawaiian  or Pacific Islander","Geometry",95,20
"2012-2013",NA,"Virginia","Native Hawaiian  or Pacific Islander","Mathematics",58.93,56
"2012-2013",NA,"Virginia","Multiple Races","Algebra I",89.6,1616
"2012-2013",NA,"Virginia","Multiple Races","Geometry",94.39,606
"2012-2013",NA,"Virginia","Multiple Races","Mathematics",56.09,1674
"2013-2014",NA,"Albemarle County","All Students","Algebra I",95.8,405
"2013-2014",NA,"Albemarle County","All Students","Geometry",100,253
"2013-2014",NA,"Albemarle County","All Students","Mathematics",58.15,313
"2013-2014",NA,"Albemarle County","Economically Advantaged","Algebra I",95.48,332
"2013-2014",NA,"Albemarle County","Economically Advantaged","Geometry",100,242
"2013-2014",NA,"Albemarle County","Economically Advantaged","Mathematics",63.7,146
"2013-2014",NA,"Albemarle County","Economically Disadvantaged","Algebra I",97.26,73
"2013-2014",NA,"Albemarle County","Economically Disadvantaged","Geometry",100,11
"2013-2014",NA,"Albemarle County","Economically Disadvantaged","Mathematics",53.29,167
"2013-2014",NA,"Albemarle County","Non-English Learners","Algebra I",95.62,388
"2013-2014",NA,"Albemarle County","Non-English Learners","Geometry",100,249
"2013-2014",NA,"Albemarle County","Non-English Learners","Mathematics",58.87,282
"2013-2014",NA,"Albemarle County","English Learners","Algebra I",100,12
"2013-2014",NA,"Albemarle County","English Learners","Geometry",NA,NA
"2013-2014",NA,"Albemarle County","English Learners","Mathematics",53.57,28
"2013-2014",NA,"Albemarle County","American Indian","Algebra I",NA,NA
"2013-2014",NA,"Albemarle County","American Indian","Mathematics",NA,NA
"2013-2014",NA,"Albemarle County","Asian","Algebra I",100,18
"2013-2014",NA,"Albemarle County","Asian","Geometry",100,27
"2013-2014",NA,"Albemarle County","Asian","Mathematics",NA,NA
"2013-2014",NA,"Albemarle County","Black","Algebra I",94.12,34
"2013-2014",NA,"Albemarle County","Black","Geometry",NA,NA
"2013-2014",NA,"Albemarle County","Black","Mathematics",46.91,81
"2013-2014",NA,"Albemarle County","Hispanic","Algebra I",90,20
"2013-2014",NA,"Albemarle County","Hispanic","Geometry",NA,NA
"2013-2014",NA,"Albemarle County","Hispanic","Mathematics",66.04,53
"2013-2014",NA,"Albemarle County","White","Algebra I",95.83,312
"2013-2014",NA,"Albemarle County","White","Geometry",100,210
"2013-2014",NA,"Albemarle County","White","Mathematics",63.23,155
"2013-2014",NA,"Albemarle County","Multiple Races","Algebra I",100,20
"2013-2014",NA,"Albemarle County","Multiple Races","Geometry",100,12
"2013-2014",NA,"Albemarle County","Multiple Races","Mathematics",55.56,18
"2013-2014",1060,"Albemarle County Community Public Charter","All Students","Mathematics",NA,11
"2013-2014",1060,"Albemarle County Community Public Charter","Economically Advantaged","Mathematics",NA,NA
"2013-2014",1060,"Albemarle County Community Public Charter","Economically Disadvantaged","Mathematics",NA,NA
"2013-2014",1060,"Albemarle County Community Public Charter","Non-English Learners","Mathematics",NA,11
"2013-2014",1060,"Albemarle County Community Public Charter","American Indian","Mathematics",NA,NA
"2013-2014",1060,"Albemarle County Community Public Charter","Hispanic","Mathematics",NA,NA
"2013-2014",1060,"Albemarle County Community Public Charter","White","Mathematics",NA,NA
"2013-2014",950,"Journey Middle (Formerly: Jack Jouett Middle)","All Students","Algebra I",94.79,96
"2013-2014",950,"Journey Middle (Formerly: Jack Jouett Middle)","All Students","Geometry",100,54
"2013-2014",950,"Journey Middle (Formerly: Jack Jouett Middle)","All Students","Mathematics",56.25,80
"2013-2014",950,"Journey Middle (Formerly: Jack Jouett Middle)","Economically Advantaged","Algebra I",94.12,68
"2013-2014",950,"Journey Middle (Formerly: Jack Jouett Middle)","Economically Disadvantaged","Algebra I",96.43,28
"2013-2014",950,"Journey Middle (Formerly: Jack Jouett Middle)","Economically Advantaged","Geometry",100,50
"2013-2014",950,"Journey Middle (Formerly: Jack Jouett Middle)","Economically Disadvantaged","Geometry",NA,NA
"2013-2014",950,"Journey Middle (Formerly: Jack Jouett Middle)","Economically Advantaged","Mathematics",72.73,22
"2013-2014",950,"Journey Middle (Formerly: Jack Jouett Middle)","Economically Disadvantaged","Mathematics",50,58
"2013-2014",950,"Journey Middle (Formerly: Jack Jouett Middle)","Non-English Learners","Algebra I",94.19,86
"2013-2014",950,"Journey Middle (Formerly: Jack Jouett Middle)","English Learners","Algebra I",NA,NA
"2013-2014",950,"Journey Middle (Formerly: Jack Jouett Middle)","Non-English Learners","Geometry",100,53
"2013-2014",950,"Journey Middle (Formerly: Jack Jouett Middle)","English Learners","Geometry",NA,NA
"2013-2014",950,"Journey Middle (Formerly: Jack Jouett Middle)","Non-English Learners","Mathematics",58.73,63
"2013-2014",950,"Journey Middle (Formerly: Jack Jouett Middle)","English Learners","Mathematics",50,16
"2013-2014",950,"Journey Middle (Formerly: Jack Jouett Middle)","American Indian","Mathematics",NA,NA
"2013-2014",950,"Journey Middle (Formerly: Jack Jouett Middle)","Asian","Algebra I",NA,NA
"2013-2014",950,"Journey Middle (Formerly: Jack Jouett Middle)","Asian","Geometry",100,10
"2013-2014",950,"Journey Middle (Formerly: Jack Jouett Middle)","Asian","Mathematics",NA,NA
"2013-2014",950,"Journey Middle (Formerly: Jack Jouett Middle)","Black","Algebra I",100,11
"2013-2014",950,"Journey Middle (Formerly: Jack Jouett Middle)","Black","Mathematics",51.72,29
"2013-2014",950,"Journey Middle (Formerly: Jack Jouett Middle)","Hispanic","Algebra I",NA,NA
"2013-2014",950,"Journey Middle (Formerly: Jack Jouett Middle)","Hispanic","Geometry",NA,NA
"2013-2014",950,"Journey Middle (Formerly: Jack Jouett Middle)","Hispanic","Mathematics",53.33,15
"2013-2014",950,"Journey Middle (Formerly: Jack Jouett Middle)","Multiple Races","Algebra I",NA,NA
"2013-2014",950,"Journey Middle (Formerly: Jack Jouett Middle)","Multiple Races","Geometry",NA,NA
"2013-2014",950,"Journey Middle (Formerly: Jack Jouett Middle)","Multiple Races","Mathematics",NA,NA
"2013-2014",950,"Journey Middle (Formerly: Jack Jouett Middle)","White","Algebra I",94.03,67
"2013-2014",950,"Journey Middle (Formerly: Jack Jouett Middle)","White","Geometry",100,41
"2013-2014",950,"Journey Middle (Formerly: Jack Jouett Middle)","White","Mathematics",79.17,24
"2013-2014",69,"Jackson P. Burley Middle","All Students","Algebra I",98.28,58
"2013-2014",69,"Jackson P. Burley Middle","All Students","Geometry",100,45
"2013-2014",69,"Jackson P. Burley Middle","All Students","Mathematics",53.09,81
"2013-2014",69,"Jackson P. Burley Middle","Economically Advantaged","Algebra I",97.62,42
"2013-2014",69,"Jackson P. Burley Middle","Economically Disadvantaged","Algebra I",100,16
"2013-2014",69,"Jackson P. Burley Middle","Economically Advantaged","Geometry",100,44
"2013-2014",69,"Jackson P. Burley Middle","Economically Disadvantaged","Geometry",NA,NA
"2013-2014",69,"Jackson P. Burley Middle","Economically Advantaged","Mathematics",58.62,29
"2013-2014",69,"Jackson P. Burley Middle","Economically Disadvantaged","Mathematics",50,52
"2013-2014",69,"Jackson P. Burley Middle","Non-English Learners","Algebra I",98.15,54
"2013-2014",69,"Jackson P. Burley Middle","English Learners","Algebra I",NA,NA
"2013-2014",69,"Jackson P. Burley Middle","Non-English Learners","Geometry",100,44
"2013-2014",69,"Jackson P. Burley Middle","Non-English Learners","Mathematics",53.52,71
"2013-2014",69,"Jackson P. Burley Middle","English Learners","Mathematics",NA,NA
"2013-2014",69,"Jackson P. Burley Middle","Asian","Algebra I",NA,NA
"2013-2014",69,"Jackson P. Burley Middle","Asian","Geometry",NA,NA
"2013-2014",69,"Jackson P. Burley Middle","Black","Algebra I",90.91,11
"2013-2014",69,"Jackson P. Burley Middle","Black","Geometry",NA,NA
"2013-2014",69,"Jackson P. Burley Middle","Black","Mathematics",39.29,28
"2013-2014",69,"Jackson P. Burley Middle","Hispanic","Algebra I",NA,NA
"2013-2014",69,"Jackson P. Burley Middle","Hispanic","Mathematics",72.73,22
"2013-2014",69,"Jackson P. Burley Middle","Multiple Races","Algebra I",NA,NA
"2013-2014",69,"Jackson P. Burley Middle","Multiple Races","Geometry",NA,NA
"2013-2014",69,"Jackson P. Burley Middle","Multiple Races","Mathematics",NA,NA
"2013-2014",69,"Jackson P. Burley Middle","White","Algebra I",100,32
"2013-2014",69,"Jackson P. Burley Middle","White","Geometry",100,37
"2013-2014",69,"Jackson P. Burley Middle","White","Mathematics",53.33,30
"2013-2014",942,"Joseph T. Henley Middle","All Students","Algebra I",97.76,134
"2013-2014",942,"Joseph T. Henley Middle","All Students","Geometry",100,69
"2013-2014",942,"Joseph T. Henley Middle","All Students","Mathematics",88.46,52
"2013-2014",942,"Joseph T. Henley Middle","Economically Advantaged","Algebra I",97.6,125
"2013-2014",942,"Joseph T. Henley Middle","Economically Disadvantaged","Algebra I",NA,NA
"2013-2014",942,"Joseph T. Henley Middle","Economically Advantaged","Geometry",100,67
"2013-2014",942,"Joseph T. Henley Middle","Economically Disadvantaged","Geometry",NA,NA
"2013-2014",942,"Joseph T. Henley Middle","Economically Advantaged","Mathematics",93.94,33
"2013-2014",942,"Joseph T. Henley Middle","Economically Disadvantaged","Mathematics",78.95,19
"2013-2014",942,"Joseph T. Henley Middle","Non-English Learners","Algebra I",97.71,131
"2013-2014",942,"Joseph T. Henley Middle","English Learners","Algebra I",NA,NA
"2013-2014",942,"Joseph T. Henley Middle","Non-English Learners","Geometry",100,68
"2013-2014",942,"Joseph T. Henley Middle","English Learners","Geometry",NA,NA
"2013-2014",942,"Joseph T. Henley Middle","Non-English Learners","Mathematics",88.24,51
"2013-2014",942,"Joseph T. Henley Middle","English Learners","Mathematics",NA,NA
"2013-2014",942,"Joseph T. Henley Middle","Asian","Algebra I",NA,NA
"2013-2014",942,"Joseph T. Henley Middle","Asian","Geometry",NA,NA
"2013-2014",942,"Joseph T. Henley Middle","Asian","Mathematics",NA,NA
"2013-2014",942,"Joseph T. Henley Middle","Black","Algebra I",NA,NA
"2013-2014",942,"Joseph T. Henley Middle","Black","Mathematics",80,10
"2013-2014",942,"Joseph T. Henley Middle","Hispanic","Algebra I",NA,NA
"2013-2014",942,"Joseph T. Henley Middle","Hispanic","Geometry",NA,NA
"2013-2014",942,"Joseph T. Henley Middle","Hispanic","Mathematics",NA,NA
"2013-2014",942,"Joseph T. Henley Middle","Multiple Races","Algebra I",NA,NA
"2013-2014",942,"Joseph T. Henley Middle","Multiple Races","Geometry",NA,NA
"2013-2014",942,"Joseph T. Henley Middle","Multiple Races","Mathematics",NA,NA
"2013-2014",942,"Joseph T. Henley Middle","White","Algebra I",97.62,126
"2013-2014",942,"Joseph T. Henley Middle","White","Geometry",100,62
"2013-2014",942,"Joseph T. Henley Middle","White","Mathematics",91.43,35
"2013-2014",20,"Leslie H. Walton Middle","All Students","Algebra I",93.94,33
"2013-2014",20,"Leslie H. Walton Middle","All Students","Geometry",100,23
"2013-2014",20,"Leslie H. Walton Middle","All Students","Mathematics",63.04,46
"2013-2014",20,"Leslie H. Walton Middle","Economically Advantaged","Algebra I",93.33,15
"2013-2014",20,"Leslie H. Walton Middle","Economically Disadvantaged","Algebra I",94.44,18
"2013-2014",20,"Leslie H. Walton Middle","Economically Advantaged","Geometry",100,21
"2013-2014",20,"Leslie H. Walton Middle","Economically Disadvantaged","Geometry",NA,NA
"2013-2014",20,"Leslie H. Walton Middle","Economically Advantaged","Mathematics",68.18,22
"2013-2014",20,"Leslie H. Walton Middle","Economically Disadvantaged","Mathematics",58.33,24
"2013-2014",20,"Leslie H. Walton Middle","Non-English Learners","Algebra I",93.94,33
"2013-2014",20,"Leslie H. Walton Middle","Non-English Learners","Geometry",100,23
"2013-2014",20,"Leslie H. Walton Middle","Non-English Learners","Mathematics",63.04,46
"2013-2014",20,"Leslie H. Walton Middle","American Indian","Algebra I",NA,NA
"2013-2014",20,"Leslie H. Walton Middle","Asian","Algebra I",NA,NA
"2013-2014",20,"Leslie H. Walton Middle","Asian","Geometry",NA,NA
"2013-2014",20,"Leslie H. Walton Middle","Black","Algebra I",NA,NA
"2013-2014",20,"Leslie H. Walton Middle","Black","Mathematics",NA,NA
"2013-2014",20,"Leslie H. Walton Middle","Hispanic","Algebra I",NA,NA
"2013-2014",20,"Leslie H. Walton Middle","Hispanic","Mathematics",NA,NA
"2013-2014",20,"Leslie H. Walton Middle","Multiple Races","Geometry",NA,NA
"2013-2014",20,"Leslie H. Walton Middle","Multiple Races","Mathematics",NA,NA
"2013-2014",20,"Leslie H. Walton Middle","White","Algebra I",90.91,22
"2013-2014",20,"Leslie H. Walton Middle","White","Geometry",100,19
"2013-2014",20,"Leslie H. Walton Middle","White","Mathematics",64.52,31
"2013-2014",1051,"Lakeside Middle (Formerly: Mortimer Y. Sutherland Middle)","All Students","Algebra I",93.98,83
"2013-2014",1051,"Lakeside Middle (Formerly: Mortimer Y. Sutherland Middle)","All Students","Geometry",100,62
"2013-2014",1051,"Lakeside Middle (Formerly: Mortimer Y. Sutherland Middle)","All Students","Mathematics",46.15,39
"2013-2014",1051,"Lakeside Middle (Formerly: Mortimer Y. Sutherland Middle)","Economically Advantaged","Algebra I",93.83,81
"2013-2014",1051,"Lakeside Middle (Formerly: Mortimer Y. Sutherland Middle)","Economically Disadvantaged","Algebra I",NA,NA
"2013-2014",1051,"Lakeside Middle (Formerly: Mortimer Y. Sutherland Middle)","Economically Advantaged","Geometry",100,60
"2013-2014",1051,"Lakeside Middle (Formerly: Mortimer Y. Sutherland Middle)","Economically Disadvantaged","Geometry",NA,NA
"2013-2014",1051,"Lakeside Middle (Formerly: Mortimer Y. Sutherland Middle)","Economically Advantaged","Mathematics",43.33,30
"2013-2014",1051,"Lakeside Middle (Formerly: Mortimer Y. Sutherland Middle)","Economically Disadvantaged","Mathematics",NA,NA
"2013-2014",1051,"Lakeside Middle (Formerly: Mortimer Y. Sutherland Middle)","Non-English Learners","Algebra I",93.98,83
"2013-2014",1051,"Lakeside Middle (Formerly: Mortimer Y. Sutherland Middle)","Non-English Learners","Geometry",100,61
"2013-2014",1051,"Lakeside Middle (Formerly: Mortimer Y. Sutherland Middle)","English Learners","Geometry",NA,NA
"2013-2014",1051,"Lakeside Middle (Formerly: Mortimer Y. Sutherland Middle)","Non-English Learners","Mathematics",43.24,37
"2013-2014",1051,"Lakeside Middle (Formerly: Mortimer Y. Sutherland Middle)","English Learners","Mathematics",NA,NA
"2013-2014",1051,"Lakeside Middle (Formerly: Mortimer Y. Sutherland Middle)","Asian","Algebra I",NA,NA
"2013-2014",1051,"Lakeside Middle (Formerly: Mortimer Y. Sutherland Middle)","Asian","Geometry",NA,NA
"2013-2014",1051,"Lakeside Middle (Formerly: Mortimer Y. Sutherland Middle)","Black","Algebra I",NA,NA
"2013-2014",1051,"Lakeside Middle (Formerly: Mortimer Y. Sutherland Middle)","Black","Mathematics",NA,NA
"2013-2014",1051,"Lakeside Middle (Formerly: Mortimer Y. Sutherland Middle)","Hispanic","Algebra I",NA,NA
"2013-2014",1051,"Lakeside Middle (Formerly: Mortimer Y. Sutherland Middle)","Hispanic","Mathematics",NA,NA
"2013-2014",1051,"Lakeside Middle (Formerly: Mortimer Y. Sutherland Middle)","Multiple Races","Algebra I",NA,NA
"2013-2014",1051,"Lakeside Middle (Formerly: Mortimer Y. Sutherland Middle)","Multiple Races","Geometry",NA,NA
"2013-2014",1051,"Lakeside Middle (Formerly: Mortimer Y. Sutherland Middle)","Multiple Races","Mathematics",NA,NA
"2013-2014",1051,"Lakeside Middle (Formerly: Mortimer Y. Sutherland Middle)","White","Algebra I",93.85,65
"2013-2014",1051,"Lakeside Middle (Formerly: Mortimer Y. Sutherland Middle)","White","Geometry",100,51
"2013-2014",1051,"Lakeside Middle (Formerly: Mortimer Y. Sutherland Middle)","White","Mathematics",47.83,23
"2013-2014",NA,"Virginia","All Students","Algebra I",91.61,36041
"2013-2014",NA,"Virginia","All Students","Geometry",97.48,12032
"2013-2014",NA,"Virginia","All Students","Mathematics",56.59,43204
"2013-2014",NA,"Virginia","Economically Advantaged","Algebra I",94.34,25801
"2013-2014",NA,"Virginia","Economically Advantaged","Geometry",98.86,9818
"2013-2014",NA,"Virginia","Economically Advantaged","Mathematics",65.78,20046
"2013-2014",NA,"Virginia","Economically Disadvantaged","Algebra I",84.74,10240
"2013-2014",NA,"Virginia","Economically Disadvantaged","Geometry",91.37,2214
"2013-2014",NA,"Virginia","Economically Disadvantaged","Mathematics",48.63,23158
"2013-2014",NA,"Virginia","Non-English Learners","Algebra I",92.01,34660
"2013-2014",NA,"Virginia","Non-English Learners","Geometry",97.56,11878
"2013-2014",NA,"Virginia","Non-English Learners","Mathematics",57.66,39509
"2013-2014",NA,"Virginia","English Learners","Algebra I",76.26,969
"2013-2014",NA,"Virginia","English Learners","Geometry",87.21,86
"2013-2014",NA,"Virginia","English Learners","Mathematics",42.03,3381
"2013-2014",NA,"Virginia","American Indian","Algebra I",93,100
"2013-2014",NA,"Virginia","American Indian","Geometry",100,22
"2013-2014",NA,"Virginia","American Indian","Mathematics",52.94,136
"2013-2014",NA,"Virginia","Asian","Algebra I",97.88,2780
"2013-2014",NA,"Virginia","Asian","Geometry",100,1759
"2013-2014",NA,"Virginia","Asian","Mathematics",75.3,1170
"2013-2014",NA,"Virginia","Black","Algebra I",84.57,6502
"2013-2014",NA,"Virginia","Black","Geometry",89.63,1591
"2013-2014",NA,"Virginia","Black","Mathematics",45.01,13420
"2013-2014",NA,"Virginia","Hispanic","Algebra I",87.33,3812
"2013-2014",NA,"Virginia","Hispanic","Geometry",96.47,708
"2013-2014",NA,"Virginia","Hispanic","Mathematics",54.14,6009
"2013-2014",NA,"Virginia","White","Algebra I",93.66,21206
"2013-2014",NA,"Virginia","White","Geometry",98.66,7315
"2013-2014",NA,"Virginia","White","Mathematics",63.56,20663
"2013-2014",NA,"Virginia","Native Hawaiian  or Pacific Islander","Algebra I",98,50
"2013-2014",NA,"Virginia","Native Hawaiian  or Pacific Islander","Geometry",92.86,14
"2013-2014",NA,"Virginia","Native Hawaiian  or Pacific Islander","Mathematics",56.86,51
"2013-2014",NA,"Virginia","Multiple Races","Algebra I",92.08,1591
"2013-2014",NA,"Virginia","Multiple Races","Geometry",98.07,623
"2013-2014",NA,"Virginia","Multiple Races","Mathematics",59.15,1755
"2014-2015",NA,"Albemarle County","All Students","Algebra I",96.69,393
"2014-2015",NA,"Albemarle County","All Students","Geometry",100,225
"2014-2015",NA,"Albemarle County","All Students","Mathematics",57.37,312
"2014-2015",NA,"Albemarle County","Economically Advantaged","Algebra I",96.85,317
"2014-2015",NA,"Albemarle County","Economically Advantaged","Geometry",100,212
"2014-2015",NA,"Albemarle County","Economically Advantaged","Mathematics",64.74,156
"2014-2015",NA,"Albemarle County","Economically Disadvantaged","Algebra I",96.05,76
"2014-2015",NA,"Albemarle County","Economically Disadvantaged","Geometry",100,13
"2014-2015",NA,"Albemarle County","Economically Disadvantaged","Mathematics",50,156
"2014-2015",NA,"Albemarle County","Non-English Learners","Algebra I",96.64,387
"2014-2015",NA,"Albemarle County","Non-English Learners","Geometry",100,224
"2014-2015",NA,"Albemarle County","Non-English Learners","Mathematics",59.57,277
"2014-2015",NA,"Albemarle County","English Learners","Algebra I",NA,NA
"2014-2015",NA,"Albemarle County","English Learners","Mathematics",38.71,31
"2014-2015",NA,"Albemarle County","American Indian","Mathematics",NA,NA
"2014-2015",NA,"Albemarle County","Asian","Algebra I",100,16
"2014-2015",NA,"Albemarle County","Asian","Geometry",100,20
"2014-2015",NA,"Albemarle County","Asian","Mathematics",NA,NA
"2014-2015",NA,"Albemarle County","Black","Algebra I",92.31,26
"2014-2015",NA,"Albemarle County","Black","Geometry",NA,NA
"2014-2015",NA,"Albemarle County","Black","Mathematics",50.72,69
"2014-2015",NA,"Albemarle County","Hispanic","Algebra I",100,32
"2014-2015",NA,"Albemarle County","Hispanic","Geometry",NA,NA
"2014-2015",NA,"Albemarle County","Hispanic","Mathematics",45.65,46
"2014-2015",NA,"Albemarle County","White","Algebra I",96.36,302
"2014-2015",NA,"Albemarle County","White","Geometry",100,181
"2014-2015",NA,"Albemarle County","White","Mathematics",61.11,180
"2014-2015",NA,"Albemarle County","Native Hawaiian  or Pacific Islander","Algebra I",NA,NA
"2014-2015",NA,"Albemarle County","Multiple Races","Algebra I",100,16
"2014-2015",NA,"Albemarle County","Multiple Races","Geometry",100,14
"2014-2015",NA,"Albemarle County","Multiple Races","Mathematics",72.73,11
"2014-2015",1060,"Albemarle County Community Public Charter","All Students","Mathematics",NA,NA
"2014-2015",1060,"Albemarle County Community Public Charter","Economically Advantaged","Mathematics",NA,NA
"2014-2015",1060,"Albemarle County Community Public Charter","Economically Disadvantaged","Mathematics",NA,NA
"2014-2015",1060,"Albemarle County Community Public Charter","Non-English Learners","Mathematics",NA,NA
"2014-2015",1060,"Albemarle County Community Public Charter","Black","Mathematics",NA,NA
"2014-2015",1060,"Albemarle County Community Public Charter","Hispanic","Mathematics",NA,NA
"2014-2015",1060,"Albemarle County Community Public Charter","White","Mathematics",NA,NA
"2014-2015",950,"Journey Middle (Formerly: Jack Jouett Middle)","All Students","Algebra I",100,66
"2014-2015",950,"Journey Middle (Formerly: Jack Jouett Middle)","All Students","Geometry",100,36
"2014-2015",950,"Journey Middle (Formerly: Jack Jouett Middle)","All Students","Mathematics",69.33,75
"2014-2015",950,"Journey Middle (Formerly: Jack Jouett Middle)","Economically Advantaged","Algebra I",100,43
"2014-2015",950,"Journey Middle (Formerly: Jack Jouett Middle)","Economically Disadvantaged","Algebra I",100,23
"2014-2015",950,"Journey Middle (Formerly: Jack Jouett Middle)","Economically Advantaged","Geometry",100,31
"2014-2015",950,"Journey Middle (Formerly: Jack Jouett Middle)","Economically Disadvantaged","Geometry",NA,NA
"2014-2015",950,"Journey Middle (Formerly: Jack Jouett Middle)","Economically Advantaged","Mathematics",79.17,24
"2014-2015",950,"Journey Middle (Formerly: Jack Jouett Middle)","Economically Disadvantaged","Mathematics",64.71,51
"2014-2015",950,"Journey Middle (Formerly: Jack Jouett Middle)","Non-English Learners","Algebra I",100,65
"2014-2015",950,"Journey Middle (Formerly: Jack Jouett Middle)","English Learners","Algebra I",NA,NA
"2014-2015",950,"Journey Middle (Formerly: Jack Jouett Middle)","Non-English Learners","Geometry",100,36
"2014-2015",950,"Journey Middle (Formerly: Jack Jouett Middle)","Non-English Learners","Mathematics",70.49,61
"2014-2015",950,"Journey Middle (Formerly: Jack Jouett Middle)","English Learners","Mathematics",61.54,13
"2014-2015",950,"Journey Middle (Formerly: Jack Jouett Middle)","Asian","Algebra I",NA,NA
"2014-2015",950,"Journey Middle (Formerly: Jack Jouett Middle)","Asian","Geometry",NA,NA
"2014-2015",950,"Journey Middle (Formerly: Jack Jouett Middle)","Asian","Mathematics",NA,NA
"2014-2015",950,"Journey Middle (Formerly: Jack Jouett Middle)","Black","Algebra I",NA,NA
"2014-2015",950,"Journey Middle (Formerly: Jack Jouett Middle)","Black","Geometry",NA,NA
"2014-2015",950,"Journey Middle (Formerly: Jack Jouett Middle)","Black","Mathematics",60.61,33
"2014-2015",950,"Journey Middle (Formerly: Jack Jouett Middle)","Hispanic","Algebra I",100,11
"2014-2015",950,"Journey Middle (Formerly: Jack Jouett Middle)","Hispanic","Geometry",NA,NA
"2014-2015",950,"Journey Middle (Formerly: Jack Jouett Middle)","Hispanic","Mathematics",69.23,13
"2014-2015",950,"Journey Middle (Formerly: Jack Jouett Middle)","Multiple Races","Algebra I",NA,NA
"2014-2015",950,"Journey Middle (Formerly: Jack Jouett Middle)","Multiple Races","Geometry",NA,NA
"2014-2015",950,"Journey Middle (Formerly: Jack Jouett Middle)","Multiple Races","Mathematics",NA,NA
"2014-2015",950,"Journey Middle (Formerly: Jack Jouett Middle)","White","Algebra I",100,37
"2014-2015",950,"Journey Middle (Formerly: Jack Jouett Middle)","White","Geometry",100,26
"2014-2015",950,"Journey Middle (Formerly: Jack Jouett Middle)","White","Mathematics",78.26,23
"2014-2015",69,"Jackson P. Burley Middle","All Students","Algebra I",95.71,70
"2014-2015",69,"Jackson P. Burley Middle","All Students","Geometry",100,39
"2014-2015",69,"Jackson P. Burley Middle","All Students","Mathematics",47.54,61
"2014-2015",69,"Jackson P. Burley Middle","Economically Advantaged","Algebra I",94.74,57
"2014-2015",69,"Jackson P. Burley Middle","Economically Disadvantaged","Algebra I",100,13
"2014-2015",69,"Jackson P. Burley Middle","Economically Advantaged","Geometry",100,38
"2014-2015",69,"Jackson P. Burley Middle","Economically Disadvantaged","Geometry",NA,NA
"2014-2015",69,"Jackson P. Burley Middle","Economically Advantaged","Mathematics",53.85,26
"2014-2015",69,"Jackson P. Burley Middle","Economically Disadvantaged","Mathematics",42.86,35
"2014-2015",69,"Jackson P. Burley Middle","Non-English Learners","Algebra I",95.52,67
"2014-2015",69,"Jackson P. Burley Middle","English Learners","Algebra I",NA,NA
"2014-2015",69,"Jackson P. Burley Middle","Non-English Learners","Geometry",100,39
"2014-2015",69,"Jackson P. Burley Middle","Non-English Learners","Mathematics",52.08,48
"2014-2015",69,"Jackson P. Burley Middle","English Learners","Mathematics",NA,12
"2014-2015",69,"Jackson P. Burley Middle","American Indian","Mathematics",NA,NA
"2014-2015",69,"Jackson P. Burley Middle","Asian","Algebra I",NA,NA
"2014-2015",69,"Jackson P. Burley Middle","Asian","Geometry",NA,NA
"2014-2015",69,"Jackson P. Burley Middle","Asian","Mathematics",NA,NA
"2014-2015",69,"Jackson P. Burley Middle","Black","Algebra I",NA,NA
"2014-2015",69,"Jackson P. Burley Middle","Black","Mathematics",54.55,11
"2014-2015",69,"Jackson P. Burley Middle","Hispanic","Algebra I",NA,NA
"2014-2015",69,"Jackson P. Burley Middle","Hispanic","Geometry",NA,NA
"2014-2015",69,"Jackson P. Burley Middle","Hispanic","Mathematics",NA,15
"2014-2015",69,"Jackson P. Burley Middle","Multiple Races","Algebra I",NA,NA
"2014-2015",69,"Jackson P. Burley Middle","Multiple Races","Geometry",NA,NA
"2014-2015",69,"Jackson P. Burley Middle","Multiple Races","Mathematics",NA,NA
"2014-2015",69,"Jackson P. Burley Middle","White","Algebra I",94.23,52
"2014-2015",69,"Jackson P. Burley Middle","White","Geometry",100,33
"2014-2015",69,"Jackson P. Burley Middle","White","Mathematics",45.16,31
"2014-2015",942,"Joseph T. Henley Middle","All Students","Algebra I",99.34,151
"2014-2015",942,"Joseph T. Henley Middle","All Students","Geometry",100,63
"2014-2015",942,"Joseph T. Henley Middle","All Students","Mathematics",82.35,51
"2014-2015",942,"Joseph T. Henley Middle","Economically Advantaged","Algebra I",99.25,133
"2014-2015",942,"Joseph T. Henley Middle","Economically Disadvantaged","Algebra I",100,18
"2014-2015",942,"Joseph T. Henley Middle","Economically Advantaged","Geometry",100,62
"2014-2015",942,"Joseph T. Henley Middle","Economically Disadvantaged","Geometry",NA,NA
"2014-2015",942,"Joseph T. Henley Middle","Economically Advantaged","Mathematics",94.87,39
"2014-2015",942,"Joseph T. Henley Middle","Economically Disadvantaged","Mathematics",NA,12
"2014-2015",942,"Joseph T. Henley Middle","Non-English Learners","Algebra I",99.33,149
"2014-2015",942,"Joseph T. Henley Middle","English Learners","Algebra I",NA,NA
"2014-2015",942,"Joseph T. Henley Middle","Non-English Learners","Geometry",100,63
"2014-2015",942,"Joseph T. Henley Middle","Non-English Learners","Mathematics",82.35,51
"2014-2015",942,"Joseph T. Henley Middle","Asian","Algebra I",NA,NA
"2014-2015",942,"Joseph T. Henley Middle","Asian","Geometry",NA,NA
"2014-2015",942,"Joseph T. Henley Middle","Black","Algebra I",NA,NA
"2014-2015",942,"Joseph T. Henley Middle","Black","Mathematics",NA,NA
"2014-2015",942,"Joseph T. Henley Middle","Hispanic","Algebra I",NA,NA
"2014-2015",942,"Joseph T. Henley Middle","Hispanic","Mathematics",NA,NA
"2014-2015",942,"Joseph T. Henley Middle","Native Hawaiian  or Pacific Islander","Algebra I",NA,NA
"2014-2015",942,"Joseph T. Henley Middle","Multiple Races","Algebra I",NA,NA
"2014-2015",942,"Joseph T. Henley Middle","Multiple Races","Geometry",NA,NA
"2014-2015",942,"Joseph T. Henley Middle","Multiple Races","Mathematics",NA,NA
"2014-2015",942,"Joseph T. Henley Middle","White","Algebra I",99.25,134
"2014-2015",942,"Joseph T. Henley Middle","White","Geometry",100,57
"2014-2015",942,"Joseph T. Henley Middle","White","Mathematics",92.86,42
"2014-2015",20,"Leslie H. Walton Middle","All Students","Algebra I",90.91,33
"2014-2015",20,"Leslie H. Walton Middle","All Students","Geometry",100,33
"2014-2015",20,"Leslie H. Walton Middle","All Students","Mathematics",52.38,63
"2014-2015",20,"Leslie H. Walton Middle","Economically Advantaged","Algebra I",94.44,18
"2014-2015",20,"Leslie H. Walton Middle","Economically Disadvantaged","Algebra I",86.67,15
"2014-2015",20,"Leslie H. Walton Middle","Economically Advantaged","Geometry",100,29
"2014-2015",20,"Leslie H. Walton Middle","Economically Disadvantaged","Geometry",NA,NA
"2014-2015",20,"Leslie H. Walton Middle","Economically Advantaged","Mathematics",60,25
"2014-2015",20,"Leslie H. Walton Middle","Economically Disadvantaged","Mathematics",47.37,38
"2014-2015",20,"Leslie H. Walton Middle","Non-English Learners","Algebra I",90.91,33
"2014-2015",20,"Leslie H. Walton Middle","Non-English Learners","Geometry",100,33
"2014-2015",20,"Leslie H. Walton Middle","Non-English Learners","Mathematics",55,60
"2014-2015",20,"Leslie H. Walton Middle","English Learners","Mathematics",NA,NA
"2014-2015",20,"Leslie H. Walton Middle","Asian","Mathematics",NA,NA
"2014-2015",20,"Leslie H. Walton Middle","Black","Algebra I",NA,NA
"2014-2015",20,"Leslie H. Walton Middle","Black","Geometry",NA,NA
"2014-2015",20,"Leslie H. Walton Middle","Black","Mathematics",NA,11
"2014-2015",20,"Leslie H. Walton Middle","Hispanic","Algebra I",NA,NA
"2014-2015",20,"Leslie H. Walton Middle","Hispanic","Geometry",NA,NA
"2014-2015",20,"Leslie H. Walton Middle","Hispanic","Mathematics",NA,NA
"2014-2015",20,"Leslie H. Walton Middle","Multiple Races","Geometry",NA,NA
"2014-2015",20,"Leslie H. Walton Middle","Multiple Races","Mathematics",NA,NA
"2014-2015",20,"Leslie H. Walton Middle","White","Algebra I",91.3,23
"2014-2015",20,"Leslie H. Walton Middle","White","Geometry",100,27
"2014-2015",20,"Leslie H. Walton Middle","White","Mathematics",52.38,42
"2014-2015",1051,"Lakeside Middle (Formerly: Mortimer Y. Sutherland Middle)","All Students","Algebra I",91.78,73
"2014-2015",1051,"Lakeside Middle (Formerly: Mortimer Y. Sutherland Middle)","All Students","Geometry",100,54
"2014-2015",1051,"Lakeside Middle (Formerly: Mortimer Y. Sutherland Middle)","All Students","Mathematics",43.75,48
"2014-2015",1051,"Lakeside Middle (Formerly: Mortimer Y. Sutherland Middle)","Economically Advantaged","Algebra I",92.42,66
"2014-2015",1051,"Lakeside Middle (Formerly: Mortimer Y. Sutherland Middle)","Economically Disadvantaged","Algebra I",NA,NA
"2014-2015",1051,"Lakeside Middle (Formerly: Mortimer Y. Sutherland Middle)","Economically Advantaged","Geometry",100,52
"2014-2015",1051,"Lakeside Middle (Formerly: Mortimer Y. Sutherland Middle)","Economically Disadvantaged","Geometry",NA,NA
"2014-2015",1051,"Lakeside Middle (Formerly: Mortimer Y. Sutherland Middle)","Economically Advantaged","Mathematics",42.42,33
"2014-2015",1051,"Lakeside Middle (Formerly: Mortimer Y. Sutherland Middle)","Economically Disadvantaged","Mathematics",NA,15
"2014-2015",1051,"Lakeside Middle (Formerly: Mortimer Y. Sutherland Middle)","Non-English Learners","Algebra I",91.78,73
"2014-2015",1051,"Lakeside Middle (Formerly: Mortimer Y. Sutherland Middle)","Non-English Learners","Geometry",100,53
"2014-2015",1051,"Lakeside Middle (Formerly: Mortimer Y. Sutherland Middle)","Non-English Learners","Mathematics",46.67,45
"2014-2015",1051,"Lakeside Middle (Formerly: Mortimer Y. Sutherland Middle)","English Learners","Mathematics",NA,NA
"2014-2015",1051,"Lakeside Middle (Formerly: Mortimer Y. Sutherland Middle)","Asian","Algebra I",NA,NA
"2014-2015",1051,"Lakeside Middle (Formerly: Mortimer Y. Sutherland Middle)","Asian","Geometry",NA,NA
"2014-2015",1051,"Lakeside Middle (Formerly: Mortimer Y. Sutherland Middle)","Black","Algebra I",NA,NA
"2014-2015",1051,"Lakeside Middle (Formerly: Mortimer Y. Sutherland Middle)","Black","Geometry",NA,NA
"2014-2015",1051,"Lakeside Middle (Formerly: Mortimer Y. Sutherland Middle)","Black","Mathematics",NA,NA
"2014-2015",1051,"Lakeside Middle (Formerly: Mortimer Y. Sutherland Middle)","Hispanic","Algebra I",NA,NA
"2014-2015",1051,"Lakeside Middle (Formerly: Mortimer Y. Sutherland Middle)","Hispanic","Geometry",NA,NA
"2014-2015",1051,"Lakeside Middle (Formerly: Mortimer Y. Sutherland Middle)","Hispanic","Mathematics",NA,NA
"2014-2015",1051,"Lakeside Middle (Formerly: Mortimer Y. Sutherland Middle)","Multiple Races","Algebra I",NA,NA
"2014-2015",1051,"Lakeside Middle (Formerly: Mortimer Y. Sutherland Middle)","Multiple Races","Geometry",NA,NA
"2014-2015",1051,"Lakeside Middle (Formerly: Mortimer Y. Sutherland Middle)","Multiple Races","Mathematics",NA,NA
"2014-2015",1051,"Lakeside Middle (Formerly: Mortimer Y. Sutherland Middle)","White","Algebra I",91.07,56
"2014-2015",1051,"Lakeside Middle (Formerly: Mortimer Y. Sutherland Middle)","White","Geometry",100,38
"2014-2015",1051,"Lakeside Middle (Formerly: Mortimer Y. Sutherland Middle)","White","Mathematics",45.71,35
"2014-2015",NA,"Virginia","All Students","Algebra I",92.35,35520
"2014-2015",NA,"Virginia","All Students","Geometry",97.23,11662
"2014-2015",NA,"Virginia","All Students","Mathematics",65.67,44820
"2014-2015",NA,"Virginia","Economically Advantaged","Algebra I",95.06,25626
"2014-2015",NA,"Virginia","Economically Advantaged","Geometry",98.77,9678
"2014-2015",NA,"Virginia","Economically Advantaged","Mathematics",74.59,21046
"2014-2015",NA,"Virginia","Economically Disadvantaged","Algebra I",85.32,9894
"2014-2015",NA,"Virginia","Economically Disadvantaged","Geometry",89.72,1984
"2014-2015",NA,"Virginia","Economically Disadvantaged","Mathematics",57.76,23774
"2014-2015",NA,"Virginia","Non-English Learners","Algebra I",92.84,34307
"2014-2015",NA,"Virginia","Non-English Learners","Geometry",97.29,11529
"2014-2015",NA,"Virginia","Non-English Learners","Mathematics",67.1,40973
"2014-2015",NA,"Virginia","English Learners","Algebra I",72.69,897
"2014-2015",NA,"Virginia","English Learners","Geometry",83.58,67
"2014-2015",NA,"Virginia","English Learners","Mathematics",47.56,3520
"2014-2015",NA,"Virginia","American Indian","Algebra I",88.04,92
"2014-2015",NA,"Virginia","American Indian","Geometry",100,21
"2014-2015",NA,"Virginia","American Indian","Mathematics",72,150
"2014-2015",NA,"Virginia","Asian","Algebra I",97.61,2847
"2014-2015",NA,"Virginia","Asian","Geometry",100,1817
"2014-2015",NA,"Virginia","Asian","Mathematics",79.44,1323
"2014-2015",NA,"Virginia","Black","Algebra I",86.11,6118
"2014-2015",NA,"Virginia","Black","Geometry",88.18,1582
"2014-2015",NA,"Virginia","Black","Mathematics",54.36,13405
"2014-2015",NA,"Virginia","Hispanic","Algebra I",86.59,3899
"2014-2015",NA,"Virginia","Hispanic","Geometry",95.98,696
"2014-2015",NA,"Virginia","Hispanic","Mathematics",62.89,6767
"2014-2015",NA,"Virginia","White","Algebra I",94.44,20878
"2014-2015",NA,"Virginia","White","Geometry",98.7,6928
"2014-2015",NA,"Virginia","White","Mathematics",72.59,21181
"2014-2015",NA,"Virginia","Native Hawaiian  or Pacific Islander","Algebra I",95.83,48
"2014-2015",NA,"Virginia","Native Hawaiian  or Pacific Islander","Geometry",95.45,22
"2014-2015",NA,"Virginia","Native Hawaiian  or Pacific Islander","Mathematics",69.57,69
"2014-2015",NA,"Virginia","Multiple Races","Algebra I",93.77,1638
"2014-2015",NA,"Virginia","Multiple Races","Geometry",97.65,596
"2014-2015",NA,"Virginia","Multiple Races","Mathematics",67.84,1925
"2015-2016",NA,"Albemarle County","All Students","Algebra I",93.5,354
"2015-2016",NA,"Albemarle County","All Students","Geometry",100,249
"2015-2016",NA,"Albemarle County","All Students","Mathematics",57.14,357
"2015-2016",NA,"Albemarle County","Economically Advantaged","Algebra I",94.24,295
"2015-2016",NA,"Albemarle County","Economically Advantaged","Geometry",100,237
"2015-2016",NA,"Albemarle County","Economically Advantaged","Mathematics",63.58,151
"2015-2016",NA,"Albemarle County","Economically Disadvantaged","Algebra I",89.83,59
"2015-2016",NA,"Albemarle County","Economically Disadvantaged","Geometry",100,12
"2015-2016",NA,"Albemarle County","Economically Disadvantaged","Mathematics",52.43,206
"2015-2016",NA,"Albemarle County","Non-English Learners","Algebra I",93.22,339
"2015-2016",NA,"Albemarle County","Non-English Learners","Geometry",100,246
"2015-2016",NA,"Albemarle County","Non-English Learners","Mathematics",58.12,308
"2015-2016",NA,"Albemarle County","English Learners","Algebra I",100,11
"2015-2016",NA,"Albemarle County","English Learners","Geometry",NA,NA
"2015-2016",NA,"Albemarle County","English Learners","Mathematics",48.89,45
"2015-2016",NA,"Albemarle County","Asian","Algebra I",100,16
"2015-2016",NA,"Albemarle County","Asian","Geometry",100,19
"2015-2016",NA,"Albemarle County","Asian","Mathematics",63.64,11
"2015-2016",NA,"Albemarle County","Black","Algebra I",77.27,22
"2015-2016",NA,"Albemarle County","Black","Geometry",NA,NA
"2015-2016",NA,"Albemarle County","Black","Mathematics",42.5,80
"2015-2016",NA,"Albemarle County","Hispanic","Algebra I",88.46,26
"2015-2016",NA,"Albemarle County","Hispanic","Geometry",100,12
"2015-2016",NA,"Albemarle County","Hispanic","Mathematics",41.18,51
"2015-2016",NA,"Albemarle County","White","Algebra I",94.91,275
"2015-2016",NA,"Albemarle County","White","Geometry",100,205
"2015-2016",NA,"Albemarle County","White","Mathematics",68.59,191
"2015-2016",NA,"Albemarle County","Multiple Races","Algebra I",93.33,15
"2015-2016",NA,"Albemarle County","Multiple Races","Geometry",100,12
"2015-2016",NA,"Albemarle County","Multiple Races","Mathematics",45.83,24
"2015-2016",1060,"Albemarle County Community Public Charter","All Students","Mathematics",NA,15
"2015-2016",1060,"Albemarle County Community Public Charter","Economically Advantaged","Mathematics",NA,NA
"2015-2016",1060,"Albemarle County Community Public Charter","Economically Disadvantaged","Mathematics",NA,NA
"2015-2016",1060,"Albemarle County Community Public Charter","Non-English Learners","Mathematics",NA,14
"2015-2016",1060,"Albemarle County Community Public Charter","Black","Mathematics",NA,NA
"2015-2016",1060,"Albemarle County Community Public Charter","Hispanic","Mathematics",NA,NA
"2015-2016",1060,"Albemarle County Community Public Charter","Multiple Races","Mathematics",NA,NA
"2015-2016",1060,"Albemarle County Community Public Charter","White","Mathematics",NA,NA
"2015-2016",950,"Journey Middle (Formerly: Jack Jouett Middle)","All Students","Algebra I",94.44,72
"2015-2016",950,"Journey Middle (Formerly: Jack Jouett Middle)","All Students","Geometry",100,44
"2015-2016",950,"Journey Middle (Formerly: Jack Jouett Middle)","All Students","Mathematics",60.23,88
"2015-2016",950,"Journey Middle (Formerly: Jack Jouett Middle)","Economically Advantaged","Algebra I",93.88,49
"2015-2016",950,"Journey Middle (Formerly: Jack Jouett Middle)","Economically Disadvantaged","Algebra I",95.65,23
"2015-2016",950,"Journey Middle (Formerly: Jack Jouett Middle)","Economically Advantaged","Geometry",100,41
"2015-2016",950,"Journey Middle (Formerly: Jack Jouett Middle)","Economically Disadvantaged","Geometry",NA,NA
"2015-2016",950,"Journey Middle (Formerly: Jack Jouett Middle)","Economically Advantaged","Mathematics",75,16
"2015-2016",950,"Journey Middle (Formerly: Jack Jouett Middle)","Economically Disadvantaged","Mathematics",56.94,72
"2015-2016",950,"Journey Middle (Formerly: Jack Jouett Middle)","Non-English Learners","Algebra I",93.65,63
"2015-2016",950,"Journey Middle (Formerly: Jack Jouett Middle)","English Learners","Algebra I",NA,NA
"2015-2016",950,"Journey Middle (Formerly: Jack Jouett Middle)","Non-English Learners","Geometry",100,42
"2015-2016",950,"Journey Middle (Formerly: Jack Jouett Middle)","English Learners","Geometry",NA,NA
"2015-2016",950,"Journey Middle (Formerly: Jack Jouett Middle)","Non-English Learners","Mathematics",60.34,58
"2015-2016",950,"Journey Middle (Formerly: Jack Jouett Middle)","English Learners","Mathematics",55.56,27
"2015-2016",950,"Journey Middle (Formerly: Jack Jouett Middle)","Asian","Algebra I",NA,NA
"2015-2016",950,"Journey Middle (Formerly: Jack Jouett Middle)","Asian","Geometry",NA,NA
"2015-2016",950,"Journey Middle (Formerly: Jack Jouett Middle)","Asian","Mathematics",NA,NA
"2015-2016",950,"Journey Middle (Formerly: Jack Jouett Middle)","Black","Algebra I",81.82,11
"2015-2016",950,"Journey Middle (Formerly: Jack Jouett Middle)","Black","Mathematics",53.33,30
"2015-2016",950,"Journey Middle (Formerly: Jack Jouett Middle)","Hispanic","Algebra I",100,13
"2015-2016",950,"Journey Middle (Formerly: Jack Jouett Middle)","Hispanic","Geometry",NA,NA
"2015-2016",950,"Journey Middle (Formerly: Jack Jouett Middle)","Hispanic","Mathematics",52.17,23
"2015-2016",950,"Journey Middle (Formerly: Jack Jouett Middle)","Multiple Races","Algebra I",NA,NA
"2015-2016",950,"Journey Middle (Formerly: Jack Jouett Middle)","Multiple Races","Geometry",NA,NA
"2015-2016",950,"Journey Middle (Formerly: Jack Jouett Middle)","Multiple Races","Mathematics",NA,NA
"2015-2016",950,"Journey Middle (Formerly: Jack Jouett Middle)","White","Algebra I",95.12,41
"2015-2016",950,"Journey Middle (Formerly: Jack Jouett Middle)","White","Geometry",100,36
"2015-2016",950,"Journey Middle (Formerly: Jack Jouett Middle)","White","Mathematics",79.17,24
"2015-2016",69,"Jackson P. Burley Middle","All Students","Algebra I",83.33,36
"2015-2016",69,"Jackson P. Burley Middle","All Students","Geometry",100,31
"2015-2016",69,"Jackson P. Burley Middle","All Students","Mathematics",48.28,87
"2015-2016",69,"Jackson P. Burley Middle","Economically Advantaged","Algebra I",85.71,28
"2015-2016",69,"Jackson P. Burley Middle","Economically Disadvantaged","Algebra I",NA,NA
"2015-2016",69,"Jackson P. Burley Middle","Economically Advantaged","Geometry",100,28
"2015-2016",69,"Jackson P. Burley Middle","Economically Disadvantaged","Geometry",NA,NA
"2015-2016",69,"Jackson P. Burley Middle","Economically Advantaged","Mathematics",58.97,39
"2015-2016",69,"Jackson P. Burley Middle","Economically Disadvantaged","Mathematics",39.58,48
"2015-2016",69,"Jackson P. Burley Middle","Non-English Learners","Algebra I",81.82,33
"2015-2016",69,"Jackson P. Burley Middle","English Learners","Algebra I",NA,NA
"2015-2016",69,"Jackson P. Burley Middle","Non-English Learners","Geometry",100,31
"2015-2016",69,"Jackson P. Burley Middle","Non-English Learners","Mathematics",50,74
"2015-2016",69,"Jackson P. Burley Middle","English Learners","Mathematics",NA,13
"2015-2016",69,"Jackson P. Burley Middle","Asian","Algebra I",NA,NA
"2015-2016",69,"Jackson P. Burley Middle","Asian","Geometry",NA,NA
"2015-2016",69,"Jackson P. Burley Middle","Asian","Mathematics",NA,NA
"2015-2016",69,"Jackson P. Burley Middle","Black","Algebra I",NA,NA
"2015-2016",69,"Jackson P. Burley Middle","Black","Geometry",NA,NA
"2015-2016",69,"Jackson P. Burley Middle","Black","Mathematics",34.78,23
"2015-2016",69,"Jackson P. Burley Middle","Hispanic","Algebra I",NA,NA
"2015-2016",69,"Jackson P. Burley Middle","Hispanic","Geometry",NA,NA
"2015-2016",69,"Jackson P. Burley Middle","Hispanic","Mathematics",NA,15
"2015-2016",69,"Jackson P. Burley Middle","Multiple Races","Algebra I",NA,NA
"2015-2016",69,"Jackson P. Burley Middle","Multiple Races","Geometry",NA,NA
"2015-2016",69,"Jackson P. Burley Middle","Multiple Races","Mathematics",60,10
"2015-2016",69,"Jackson P. Burley Middle","White","Algebra I",82.61,23
"2015-2016",69,"Jackson P. Burley Middle","White","Geometry",100,26
"2015-2016",69,"Jackson P. Burley Middle","White","Mathematics",63.16,38
"2015-2016",942,"Joseph T. Henley Middle","All Students","Algebra I",98.01,151
"2015-2016",942,"Joseph T. Henley Middle","All Students","Geometry",100,73
"2015-2016",942,"Joseph T. Henley Middle","All Students","Mathematics",75,44
"2015-2016",942,"Joseph T. Henley Middle","Economically Advantaged","Algebra I",97.9,143
"2015-2016",942,"Joseph T. Henley Middle","Economically Disadvantaged","Algebra I",NA,NA
"2015-2016",942,"Joseph T. Henley Middle","Economically Advantaged","Geometry",100,72
"2015-2016",942,"Joseph T. Henley Middle","Economically Disadvantaged","Geometry",NA,NA
"2015-2016",942,"Joseph T. Henley Middle","Economically Advantaged","Mathematics",83.33,30
"2015-2016",942,"Joseph T. Henley Middle","Economically Disadvantaged","Mathematics",57.14,14
"2015-2016",942,"Joseph T. Henley Middle","Non-English Learners","Algebra I",98.01,151
"2015-2016",942,"Joseph T. Henley Middle","Non-English Learners","Geometry",100,73
"2015-2016",942,"Joseph T. Henley Middle","Non-English Learners","Mathematics",74.42,43
"2015-2016",942,"Joseph T. Henley Middle","English Learners","Mathematics",NA,NA
"2015-2016",942,"Joseph T. Henley Middle","Asian","Algebra I",NA,NA
"2015-2016",942,"Joseph T. Henley Middle","Asian","Geometry",NA,NA
"2015-2016",942,"Joseph T. Henley Middle","Black","Algebra I",NA,NA
"2015-2016",942,"Joseph T. Henley Middle","Black","Mathematics",NA,NA
"2015-2016",942,"Joseph T. Henley Middle","Hispanic","Algebra I",NA,NA
"2015-2016",942,"Joseph T. Henley Middle","Hispanic","Geometry",NA,NA
"2015-2016",942,"Joseph T. Henley Middle","Hispanic","Mathematics",NA,NA
"2015-2016",942,"Joseph T. Henley Middle","Multiple Races","Algebra I",NA,NA
"2015-2016",942,"Joseph T. Henley Middle","Multiple Races","Geometry",NA,NA
"2015-2016",942,"Joseph T. Henley Middle","Multiple Races","Mathematics",NA,NA
"2015-2016",942,"Joseph T. Henley Middle","White","Algebra I",97.84,139
"2015-2016",942,"Joseph T. Henley Middle","White","Geometry",100,65
"2015-2016",942,"Joseph T. Henley Middle","White","Mathematics",77.14,35
"2015-2016",20,"Leslie H. Walton Middle","All Students","Algebra I",100,19
"2015-2016",20,"Leslie H. Walton Middle","All Students","Geometry",100,28
"2015-2016",20,"Leslie H. Walton Middle","All Students","Mathematics",79.49,78
"2015-2016",20,"Leslie H. Walton Middle","Economically Advantaged","Algebra I",100,14
"2015-2016",20,"Leslie H. Walton Middle","Economically Disadvantaged","Algebra I",NA,NA
"2015-2016",20,"Leslie H. Walton Middle","Economically Advantaged","Geometry",100,26
"2015-2016",20,"Leslie H. Walton Middle","Economically Disadvantaged","Geometry",NA,NA
"2015-2016",20,"Leslie H. Walton Middle","Economically Advantaged","Mathematics",80.65,31
"2015-2016",20,"Leslie H. Walton Middle","Economically Disadvantaged","Mathematics",78.72,47
"2015-2016",20,"Leslie H. Walton Middle","Non-English Learners","Algebra I",100,19
"2015-2016",20,"Leslie H. Walton Middle","Non-English Learners","Geometry",100,28
"2015-2016",20,"Leslie H. Walton Middle","Non-English Learners","Mathematics",79.49,78
"2015-2016",20,"Leslie H. Walton Middle","Asian","Algebra I",NA,NA
"2015-2016",20,"Leslie H. Walton Middle","Asian","Geometry",NA,NA
"2015-2016",20,"Leslie H. Walton Middle","Asian","Mathematics",NA,NA
"2015-2016",20,"Leslie H. Walton Middle","Black","Algebra I",NA,NA
"2015-2016",20,"Leslie H. Walton Middle","Black","Mathematics",60,15
"2015-2016",20,"Leslie H. Walton Middle","Hispanic","Geometry",NA,NA
"2015-2016",20,"Leslie H. Walton Middle","Hispanic","Mathematics",NA,NA
"2015-2016",20,"Leslie H. Walton Middle","Multiple Races","Algebra I",NA,NA
"2015-2016",20,"Leslie H. Walton Middle","Multiple Races","Mathematics",NA,NA
"2015-2016",20,"Leslie H. Walton Middle","White","Algebra I",100,15
"2015-2016",20,"Leslie H. Walton Middle","White","Geometry",100,26
"2015-2016",20,"Leslie H. Walton Middle","White","Mathematics",83.33,60
"2015-2016",1051,"Lakeside Middle (Formerly: Mortimer Y. Sutherland Middle)","All Students","Algebra I",86.49,74
"2015-2016",1051,"Lakeside Middle (Formerly: Mortimer Y. Sutherland Middle)","All Students","Geometry",100,73
"2015-2016",1051,"Lakeside Middle (Formerly: Mortimer Y. Sutherland Middle)","All Students","Mathematics",35.14,37
"2015-2016",1051,"Lakeside Middle (Formerly: Mortimer Y. Sutherland Middle)","Economically Advantaged","Algebra I",88.33,60
"2015-2016",1051,"Lakeside Middle (Formerly: Mortimer Y. Sutherland Middle)","Economically Disadvantaged","Algebra I",78.57,14
"2015-2016",1051,"Lakeside Middle (Formerly: Mortimer Y. Sutherland Middle)","Economically Advantaged","Geometry",100,70
"2015-2016",1051,"Lakeside Middle (Formerly: Mortimer Y. Sutherland Middle)","Economically Disadvantaged","Geometry",NA,NA
"2015-2016",1051,"Lakeside Middle (Formerly: Mortimer Y. Sutherland Middle)","Economically Advantaged","Mathematics",41.67,24
"2015-2016",1051,"Lakeside Middle (Formerly: Mortimer Y. Sutherland Middle)","Economically Disadvantaged","Mathematics",NA,13
"2015-2016",1051,"Lakeside Middle (Formerly: Mortimer Y. Sutherland Middle)","Non-English Learners","Algebra I",85.92,71
"2015-2016",1051,"Lakeside Middle (Formerly: Mortimer Y. Sutherland Middle)","English Learners","Algebra I",NA,NA
"2015-2016",1051,"Lakeside Middle (Formerly: Mortimer Y. Sutherland Middle)","Non-English Learners","Geometry",100,72
"2015-2016",1051,"Lakeside Middle (Formerly: Mortimer Y. Sutherland Middle)","English Learners","Geometry",NA,NA
"2015-2016",1051,"Lakeside Middle (Formerly: Mortimer Y. Sutherland Middle)","Non-English Learners","Mathematics",35.29,34
"2015-2016",1051,"Lakeside Middle (Formerly: Mortimer Y. Sutherland Middle)","English Learners","Mathematics",NA,NA
"2015-2016",1051,"Lakeside Middle (Formerly: Mortimer Y. Sutherland Middle)","Asian","Algebra I",NA,NA
"2015-2016",1051,"Lakeside Middle (Formerly: Mortimer Y. Sutherland Middle)","Asian","Geometry",100,11
"2015-2016",1051,"Lakeside Middle (Formerly: Mortimer Y. Sutherland Middle)","Black","Algebra I",NA,NA
"2015-2016",1051,"Lakeside Middle (Formerly: Mortimer Y. Sutherland Middle)","Black","Mathematics",NA,NA
"2015-2016",1051,"Lakeside Middle (Formerly: Mortimer Y. Sutherland Middle)","Hispanic","Algebra I",NA,NA
"2015-2016",1051,"Lakeside Middle (Formerly: Mortimer Y. Sutherland Middle)","Hispanic","Geometry",NA,NA
"2015-2016",1051,"Lakeside Middle (Formerly: Mortimer Y. Sutherland Middle)","Hispanic","Mathematics",NA,NA
"2015-2016",1051,"Lakeside Middle (Formerly: Mortimer Y. Sutherland Middle)","Multiple Races","Algebra I",NA,NA
"2015-2016",1051,"Lakeside Middle (Formerly: Mortimer Y. Sutherland Middle)","Multiple Races","Geometry",NA,NA
"2015-2016",1051,"Lakeside Middle (Formerly: Mortimer Y. Sutherland Middle)","Multiple Races","Mathematics",NA,NA
"2015-2016",1051,"Lakeside Middle (Formerly: Mortimer Y. Sutherland Middle)","White","Algebra I",90.91,55
"2015-2016",1051,"Lakeside Middle (Formerly: Mortimer Y. Sutherland Middle)","White","Geometry",100,52
"2015-2016",1051,"Lakeside Middle (Formerly: Mortimer Y. Sutherland Middle)","White","Mathematics",41.67,24
"2015-2016",890,"Community Lab School (Formerly: Murray School, Murray High)","All Students","Algebra I",NA,NA
"2015-2016",890,"Community Lab School (Formerly: Murray School, Murray High)","Economically Advantaged","Algebra I",NA,NA
"2015-2016",890,"Community Lab School (Formerly: Murray School, Murray High)","Economically Disadvantaged","Algebra I",NA,NA
"2015-2016",890,"Community Lab School (Formerly: Murray School, Murray High)","Non-English Learners","Algebra I",NA,NA
"2015-2016",890,"Community Lab School (Formerly: Murray School, Murray High)","White","Algebra I",NA,NA
"2015-2016",NA,"Virginia","All Students","Algebra I",92.78,35908
"2015-2016",NA,"Virginia","All Students","Geometry",97.83,11732
"2015-2016",NA,"Virginia","All Students","Mathematics",64.47,44377
"2015-2016",NA,"Virginia","Economically Advantaged","Algebra I",95.38,25922
"2015-2016",NA,"Virginia","Economically Advantaged","Geometry",99.22,9769
"2015-2016",NA,"Virginia","Economically Advantaged","Mathematics",73.24,20801
"2015-2016",NA,"Virginia","Economically Disadvantaged","Algebra I",86.05,9986
"2015-2016",NA,"Virginia","Economically Disadvantaged","Geometry",90.88,1963
"2015-2016",NA,"Virginia","Economically Disadvantaged","Mathematics",56.74,23576
"2015-2016",NA,"Virginia","Non-English Learners","Algebra I",93.27,34671
"2015-2016",NA,"Virginia","Non-English Learners","Geometry",97.86,11619
"2015-2016",NA,"Virginia","Non-English Learners","Mathematics",66.23,40478
"2015-2016",NA,"Virginia","English Learners","Algebra I",73.09,851
"2015-2016",NA,"Virginia","English Learners","Geometry",88.89,54
"2015-2016",NA,"Virginia","English Learners","Mathematics",43.28,3607
"2015-2016",NA,"Virginia","American Indian","Algebra I",92.94,85
"2015-2016",NA,"Virginia","American Indian","Geometry",94.74,19
"2015-2016",NA,"Virginia","American Indian","Mathematics",60.4,149
"2015-2016",NA,"Virginia","Asian","Algebra I",97.75,2977
"2015-2016",NA,"Virginia","Asian","Geometry",100,1986
"2015-2016",NA,"Virginia","Asian","Mathematics",77.06,1338
"2015-2016",NA,"Virginia","Black","Algebra I",87.18,6114
"2015-2016",NA,"Virginia","Black","Geometry",89.09,1430
"2015-2016",NA,"Virginia","Black","Mathematics",52.68,13432
"2015-2016",NA,"Virginia","Hispanic","Algebra I",87.53,4355
"2015-2016",NA,"Virginia","Hispanic","Geometry",96.65,717
"2015-2016",NA,"Virginia","Hispanic","Mathematics",59.97,7189
"2015-2016",NA,"Virginia","White","Algebra I",94.79,20646
"2015-2016",NA,"Virginia","White","Geometry",99.13,6902
"2015-2016",NA,"Virginia","White","Mathematics",72.6,20108
"2015-2016",NA,"Virginia","Native Hawaiian  or Pacific Islander","Algebra I",97.22,36
"2015-2016",NA,"Virginia","Native Hawaiian  or Pacific Islander","Geometry",100,24
"2015-2016",NA,"Virginia","Native Hawaiian  or Pacific Islander","Mathematics",78.85,52
"2015-2016",NA,"Virginia","Multiple Races","Algebra I",93.27,1695
"2015-2016",NA,"Virginia","Multiple Races","Geometry",98.93,654
"2015-2016",NA,"Virginia","Multiple Races","Mathematics",69.46,2109
"2016-2017",NA,"Albemarle County","All Students","Algebra I",94.4,357
"2016-2017",NA,"Albemarle County","All Students","Geometry",100,247
"2016-2017",NA,"Albemarle County","All Students","Mathematics",65.85,328
"2016-2017",NA,"Albemarle County","Economically Advantaged","Algebra I",95.59,295
"2016-2017",NA,"Albemarle County","Economically Advantaged","Geometry",100,227
"2016-2017",NA,"Albemarle County","Economically Advantaged","Mathematics",72.05,161
"2016-2017",NA,"Albemarle County","Economically Disadvantaged","Algebra I",88.71,62
"2016-2017",NA,"Albemarle County","Economically Disadvantaged","Geometry",100,20
"2016-2017",NA,"Albemarle County","Economically Disadvantaged","Mathematics",59.88,167
"2016-2017",NA,"Albemarle County","Non-English Learners","Algebra I",94.46,343
"2016-2017",NA,"Albemarle County","Non-English Learners","Geometry",100,245
"2016-2017",NA,"Albemarle County","Non-English Learners","Mathematics",66.03,262
"2016-2017",NA,"Albemarle County","English Learners","Algebra I",NA,NA
"2016-2017",NA,"Albemarle County","English Learners","Mathematics",51.16,43
"2016-2017",NA,"Albemarle County","American Indian","Mathematics",NA,NA
"2016-2017",NA,"Albemarle County","Asian","Algebra I",88.24,17
"2016-2017",NA,"Albemarle County","Asian","Geometry",100,32
"2016-2017",NA,"Albemarle County","Asian","Mathematics",NA,NA
"2016-2017",NA,"Albemarle County","Black","Algebra I",80,20
"2016-2017",NA,"Albemarle County","Black","Geometry",NA,NA
"2016-2017",NA,"Albemarle County","Black","Mathematics",55,80
"2016-2017",NA,"Albemarle County","Hispanic","Algebra I",93.33,30
"2016-2017",NA,"Albemarle County","Hispanic","Geometry",100,12
"2016-2017",NA,"Albemarle County","Hispanic","Mathematics",69.01,71
"2016-2017",NA,"Albemarle County","White","Algebra I",96.01,276
"2016-2017",NA,"Albemarle County","White","Geometry",100,186
"2016-2017",NA,"Albemarle County","White","Mathematics",70.07,147
"2016-2017",NA,"Albemarle County","Multiple Races","Algebra I",92.86,14
"2016-2017",NA,"Albemarle County","Multiple Races","Geometry",100,14
"2016-2017",NA,"Albemarle County","Multiple Races","Mathematics",59.09,22
"2016-2017",1060,"Albemarle County Community Public Charter","All Students","Mathematics",NA,13
"2016-2017",1060,"Albemarle County Community Public Charter","Economically Advantaged","Mathematics",NA,NA
"2016-2017",1060,"Albemarle County Community Public Charter","Economically Disadvantaged","Mathematics",NA,NA
"2016-2017",1060,"Albemarle County Community Public Charter","Non-English Learners","Mathematics",NA,12
"2016-2017",1060,"Albemarle County Community Public Charter","Hispanic","Mathematics",NA,NA
"2016-2017",1060,"Albemarle County Community Public Charter","Multiple Races","Mathematics",NA,NA
"2016-2017",1060,"Albemarle County Community Public Charter","White","Mathematics",NA,10
"2016-2017",950,"Journey Middle (Formerly: Jack Jouett Middle)","All Students","Algebra I",100,69
"2016-2017",950,"Journey Middle (Formerly: Jack Jouett Middle)","All Students","Geometry",100,43
"2016-2017",950,"Journey Middle (Formerly: Jack Jouett Middle)","All Students","Mathematics",63.16,76
"2016-2017",950,"Journey Middle (Formerly: Jack Jouett Middle)","Economically Advantaged","Algebra I",100,45
"2016-2017",950,"Journey Middle (Formerly: Jack Jouett Middle)","Economically Disadvantaged","Algebra I",100,24
"2016-2017",950,"Journey Middle (Formerly: Jack Jouett Middle)","Economically Advantaged","Geometry",100,35
"2016-2017",950,"Journey Middle (Formerly: Jack Jouett Middle)","Economically Disadvantaged","Geometry",NA,NA
"2016-2017",950,"Journey Middle (Formerly: Jack Jouett Middle)","Economically Advantaged","Mathematics",69.23,26
"2016-2017",950,"Journey Middle (Formerly: Jack Jouett Middle)","Economically Disadvantaged","Mathematics",60,50
"2016-2017",950,"Journey Middle (Formerly: Jack Jouett Middle)","Non-English Learners","Algebra I",100,61
"2016-2017",950,"Journey Middle (Formerly: Jack Jouett Middle)","English Learners","Algebra I",NA,NA
"2016-2017",950,"Journey Middle (Formerly: Jack Jouett Middle)","Non-English Learners","Geometry",100,42
"2016-2017",950,"Journey Middle (Formerly: Jack Jouett Middle)","Non-English Learners","Mathematics",52.08,48
"2016-2017",950,"Journey Middle (Formerly: Jack Jouett Middle)","English Learners","Mathematics",70.59,17
"2016-2017",950,"Journey Middle (Formerly: Jack Jouett Middle)","Asian","Algebra I",NA,NA
"2016-2017",950,"Journey Middle (Formerly: Jack Jouett Middle)","Asian","Geometry",NA,NA
"2016-2017",950,"Journey Middle (Formerly: Jack Jouett Middle)","Asian","Mathematics",NA,NA
"2016-2017",950,"Journey Middle (Formerly: Jack Jouett Middle)","Black","Algebra I",NA,NA
"2016-2017",950,"Journey Middle (Formerly: Jack Jouett Middle)","Black","Geometry",NA,NA
"2016-2017",950,"Journey Middle (Formerly: Jack Jouett Middle)","Black","Mathematics",40.74,27
"2016-2017",950,"Journey Middle (Formerly: Jack Jouett Middle)","Hispanic","Algebra I",100,12
"2016-2017",950,"Journey Middle (Formerly: Jack Jouett Middle)","Hispanic","Geometry",NA,NA
"2016-2017",950,"Journey Middle (Formerly: Jack Jouett Middle)","Hispanic","Mathematics",84,25
"2016-2017",950,"Journey Middle (Formerly: Jack Jouett Middle)","Multiple Races","Algebra I",NA,NA
"2016-2017",950,"Journey Middle (Formerly: Jack Jouett Middle)","Multiple Races","Geometry",NA,NA
"2016-2017",950,"Journey Middle (Formerly: Jack Jouett Middle)","Multiple Races","Mathematics",NA,NA
"2016-2017",950,"Journey Middle (Formerly: Jack Jouett Middle)","White","Algebra I",100,47
"2016-2017",950,"Journey Middle (Formerly: Jack Jouett Middle)","White","Geometry",100,32
"2016-2017",950,"Journey Middle (Formerly: Jack Jouett Middle)","White","Mathematics",71.43,14
"2016-2017",69,"Jackson P. Burley Middle","All Students","Algebra I",100,38
"2016-2017",69,"Jackson P. Burley Middle","All Students","Geometry",100,39
"2016-2017",69,"Jackson P. Burley Middle","All Students","Mathematics",73.79,103
"2016-2017",69,"Jackson P. Burley Middle","Economically Advantaged","Algebra I",100,31
"2016-2017",69,"Jackson P. Burley Middle","Economically Disadvantaged","Algebra I",NA,NA
"2016-2017",69,"Jackson P. Burley Middle","Economically Advantaged","Geometry",100,35
"2016-2017",69,"Jackson P. Burley Middle","Economically Disadvantaged","Geometry",NA,NA
"2016-2017",69,"Jackson P. Burley Middle","Economically Advantaged","Mathematics",84.62,52
"2016-2017",69,"Jackson P. Burley Middle","Economically Disadvantaged","Mathematics",62.75,51
"2016-2017",69,"Jackson P. Burley Middle","Non-English Learners","Algebra I",100,37
"2016-2017",69,"Jackson P. Burley Middle","Non-English Learners","Geometry",100,39
"2016-2017",69,"Jackson P. Burley Middle","Non-English Learners","Mathematics",78.21,78
"2016-2017",69,"Jackson P. Burley Middle","English Learners","Mathematics",NA,17
"2016-2017",69,"Jackson P. Burley Middle","American Indian","Mathematics",NA,NA
"2016-2017",69,"Jackson P. Burley Middle","Asian","Algebra I",NA,NA
"2016-2017",69,"Jackson P. Burley Middle","Asian","Geometry",NA,NA
"2016-2017",69,"Jackson P. Burley Middle","Asian","Mathematics",NA,NA
"2016-2017",69,"Jackson P. Burley Middle","Black","Algebra I",NA,NA
"2016-2017",69,"Jackson P. Burley Middle","Black","Geometry",NA,NA
"2016-2017",69,"Jackson P. Burley Middle","Black","Mathematics",71.43,28
"2016-2017",69,"Jackson P. Burley Middle","Hispanic","Algebra I",NA,NA
"2016-2017",69,"Jackson P. Burley Middle","Hispanic","Geometry",NA,NA
"2016-2017",69,"Jackson P. Burley Middle","Hispanic","Mathematics",60,30
"2016-2017",69,"Jackson P. Burley Middle","Multiple Races","Algebra I",NA,NA
"2016-2017",69,"Jackson P. Burley Middle","Multiple Races","Geometry",NA,NA
"2016-2017",69,"Jackson P. Burley Middle","Multiple Races","Mathematics",NA,NA
"2016-2017",69,"Jackson P. Burley Middle","White","Algebra I",100,26
"2016-2017",69,"Jackson P. Burley Middle","White","Geometry",100,29
"2016-2017",69,"Jackson P. Burley Middle","White","Mathematics",88.89,36
"2016-2017",942,"Joseph T. Henley Middle","All Students","Algebra I",95.36,151
"2016-2017",942,"Joseph T. Henley Middle","All Students","Geometry",100,73
"2016-2017",942,"Joseph T. Henley Middle","All Students","Mathematics",57.78,45
"2016-2017",942,"Joseph T. Henley Middle","Economically Advantaged","Algebra I",97.06,136
"2016-2017",942,"Joseph T. Henley Middle","Economically Disadvantaged","Algebra I",80,15
"2016-2017",942,"Joseph T. Henley Middle","Economically Advantaged","Geometry",100,71
"2016-2017",942,"Joseph T. Henley Middle","Economically Disadvantaged","Geometry",NA,NA
"2016-2017",942,"Joseph T. Henley Middle","Economically Advantaged","Mathematics",58.62,29
"2016-2017",942,"Joseph T. Henley Middle","Economically Disadvantaged","Mathematics",56.25,16
"2016-2017",942,"Joseph T. Henley Middle","Non-English Learners","Algebra I",95.36,151
"2016-2017",942,"Joseph T. Henley Middle","Non-English Learners","Geometry",100,72
"2016-2017",942,"Joseph T. Henley Middle","Non-English Learners","Mathematics",59.52,42
"2016-2017",942,"Joseph T. Henley Middle","English Learners","Mathematics",NA,NA
"2016-2017",942,"Joseph T. Henley Middle","Asian","Algebra I",NA,NA
"2016-2017",942,"Joseph T. Henley Middle","Asian","Geometry",NA,NA
"2016-2017",942,"Joseph T. Henley Middle","Black","Algebra I",NA,NA
"2016-2017",942,"Joseph T. Henley Middle","Black","Mathematics",NA,NA
"2016-2017",942,"Joseph T. Henley Middle","Hispanic","Algebra I",NA,NA
"2016-2017",942,"Joseph T. Henley Middle","Hispanic","Geometry",NA,NA
"2016-2017",942,"Joseph T. Henley Middle","Hispanic","Mathematics",NA,NA
"2016-2017",942,"Joseph T. Henley Middle","Multiple Races","Algebra I",NA,NA
"2016-2017",942,"Joseph T. Henley Middle","Multiple Races","Geometry",NA,NA
"2016-2017",942,"Joseph T. Henley Middle","White","Algebra I",96.24,133
"2016-2017",942,"Joseph T. Henley Middle","White","Geometry",100,61
"2016-2017",942,"Joseph T. Henley Middle","White","Mathematics",60.53,38
"2016-2017",20,"Leslie H. Walton Middle","All Students","Algebra I",87.5,16
"2016-2017",20,"Leslie H. Walton Middle","All Students","Geometry",100,33
"2016-2017",20,"Leslie H. Walton Middle","All Students","Mathematics",84.78,46
"2016-2017",20,"Leslie H. Walton Middle","Economically Advantaged","Algebra I",92.86,14
"2016-2017",20,"Leslie H. Walton Middle","Economically Disadvantaged","Algebra I",NA,NA
"2016-2017",20,"Leslie H. Walton Middle","Economically Advantaged","Geometry",100,30
"2016-2017",20,"Leslie H. Walton Middle","Economically Disadvantaged","Geometry",NA,NA
"2016-2017",20,"Leslie H. Walton Middle","Economically Advantaged","Mathematics",82.61,23
"2016-2017",20,"Leslie H. Walton Middle","Economically Disadvantaged","Mathematics",86.96,23
"2016-2017",20,"Leslie H. Walton Middle","Non-English Learners","Algebra I",87.5,16
"2016-2017",20,"Leslie H. Walton Middle","Non-English Learners","Geometry",100,33
"2016-2017",20,"Leslie H. Walton Middle","Non-English Learners","Mathematics",84.78,46
"2016-2017",20,"Leslie H. Walton Middle","Asian","Algebra I",NA,NA
"2016-2017",20,"Leslie H. Walton Middle","Asian","Geometry",NA,NA
"2016-2017",20,"Leslie H. Walton Middle","Asian","Mathematics",NA,NA
"2016-2017",20,"Leslie H. Walton Middle","Black","Algebra I",NA,NA
"2016-2017",20,"Leslie H. Walton Middle","Black","Mathematics",69.23,13
"2016-2017",20,"Leslie H. Walton Middle","Hispanic","Algebra I",NA,NA
"2016-2017",20,"Leslie H. Walton Middle","Hispanic","Geometry",NA,NA
"2016-2017",20,"Leslie H. Walton Middle","Hispanic","Mathematics",NA,NA
"2016-2017",20,"Leslie H. Walton Middle","Multiple Races","Algebra I",NA,NA
"2016-2017",20,"Leslie H. Walton Middle","Multiple Races","Geometry",NA,NA
"2016-2017",20,"Leslie H. Walton Middle","Multiple Races","Mathematics",NA,NA
"2016-2017",20,"Leslie H. Walton Middle","White","Algebra I",90,10
"2016-2017",20,"Leslie H. Walton Middle","White","Geometry",100,24
"2016-2017",20,"Leslie H. Walton Middle","White","Mathematics",88,25
"2016-2017",1051,"Lakeside Middle (Formerly: Mortimer Y. Sutherland Middle)","All Students","Algebra I",85.9,78
"2016-2017",1051,"Lakeside Middle (Formerly: Mortimer Y. Sutherland Middle)","All Students","Geometry",100,59
"2016-2017",1051,"Lakeside Middle (Formerly: Mortimer Y. Sutherland Middle)","All Students","Mathematics",60,40
"2016-2017",1051,"Lakeside Middle (Formerly: Mortimer Y. Sutherland Middle)","Economically Advantaged","Algebra I",87.5,64
"2016-2017",1051,"Lakeside Middle (Formerly: Mortimer Y. Sutherland Middle)","Economically Disadvantaged","Algebra I",78.57,14
"2016-2017",1051,"Lakeside Middle (Formerly: Mortimer Y. Sutherland Middle)","Economically Advantaged","Geometry",100,56
"2016-2017",1051,"Lakeside Middle (Formerly: Mortimer Y. Sutherland Middle)","Economically Disadvantaged","Geometry",NA,NA
"2016-2017",1051,"Lakeside Middle (Formerly: Mortimer Y. Sutherland Middle)","Economically Advantaged","Mathematics",68.18,22
"2016-2017",1051,"Lakeside Middle (Formerly: Mortimer Y. Sutherland Middle)","Economically Disadvantaged","Mathematics",50,18
"2016-2017",1051,"Lakeside Middle (Formerly: Mortimer Y. Sutherland Middle)","Non-English Learners","Algebra I",86.3,73
"2016-2017",1051,"Lakeside Middle (Formerly: Mortimer Y. Sutherland Middle)","Non-English Learners","Geometry",100,59
"2016-2017",1051,"Lakeside Middle (Formerly: Mortimer Y. Sutherland Middle)","Non-English Learners","Mathematics",61.76,34
"2016-2017",1051,"Lakeside Middle (Formerly: Mortimer Y. Sutherland Middle)","English Learners","Mathematics",NA,NA
"2016-2017",1051,"Lakeside Middle (Formerly: Mortimer Y. Sutherland Middle)","Asian","Algebra I",NA,NA
"2016-2017",1051,"Lakeside Middle (Formerly: Mortimer Y. Sutherland Middle)","Asian","Geometry",100,14
"2016-2017",1051,"Lakeside Middle (Formerly: Mortimer Y. Sutherland Middle)","Black","Algebra I",NA,NA
"2016-2017",1051,"Lakeside Middle (Formerly: Mortimer Y. Sutherland Middle)","Black","Mathematics",NA,NA
"2016-2017",1051,"Lakeside Middle (Formerly: Mortimer Y. Sutherland Middle)","Hispanic","Algebra I",NA,NA
"2016-2017",1051,"Lakeside Middle (Formerly: Mortimer Y. Sutherland Middle)","Hispanic","Geometry",NA,NA
"2016-2017",1051,"Lakeside Middle (Formerly: Mortimer Y. Sutherland Middle)","Hispanic","Mathematics",NA,NA
"2016-2017",1051,"Lakeside Middle (Formerly: Mortimer Y. Sutherland Middle)","Multiple Races","Algebra I",NA,NA
"2016-2017",1051,"Lakeside Middle (Formerly: Mortimer Y. Sutherland Middle)","Multiple Races","Geometry",NA,NA
"2016-2017",1051,"Lakeside Middle (Formerly: Mortimer Y. Sutherland Middle)","Multiple Races","Mathematics",NA,NA
"2016-2017",1051,"Lakeside Middle (Formerly: Mortimer Y. Sutherland Middle)","White","Algebra I",91.07,56
"2016-2017",1051,"Lakeside Middle (Formerly: Mortimer Y. Sutherland Middle)","White","Geometry",100,40
"2016-2017",1051,"Lakeside Middle (Formerly: Mortimer Y. Sutherland Middle)","White","Mathematics",68.18,22
"2016-2017",890,"Community Lab School (Formerly: Murray School, Murray High)","All Students","Algebra I",NA,NA
"2016-2017",890,"Community Lab School (Formerly: Murray School, Murray High)","Economically Advantaged","Algebra I",NA,NA
"2016-2017",890,"Community Lab School (Formerly: Murray School, Murray High)","Non-English Learners","Algebra I",NA,NA
"2016-2017",890,"Community Lab School (Formerly: Murray School, Murray High)","Hispanic","Algebra I",NA,NA
"2016-2017",890,"Community Lab School (Formerly: Murray School, Murray High)","White","Algebra I",NA,NA
"2016-2017",NA,"Virginia","All Students","Algebra I",92.59,36658
"2016-2017",NA,"Virginia","All Students","Geometry",98.34,12024
"2016-2017",NA,"Virginia","All Students","Mathematics",65.06,43245
"2016-2017",NA,"Virginia","Economically Advantaged","Algebra I",95.11,26453
"2016-2017",NA,"Virginia","Economically Advantaged","Geometry",99.1,10283
"2016-2017",NA,"Virginia","Economically Advantaged","Mathematics",73.69,20763
"2016-2017",NA,"Virginia","Economically Disadvantaged","Algebra I",86.05,10205
"2016-2017",NA,"Virginia","Economically Disadvantaged","Geometry",93.91,1741
"2016-2017",NA,"Virginia","Economically Disadvantaged","Mathematics",57.09,22482
"2016-2017",NA,"Virginia","Non-English Learners","Algebra I",93.07,34455
"2016-2017",NA,"Virginia","Non-English Learners","Geometry",98.36,11874
"2016-2017",NA,"Virginia","Non-English Learners","Mathematics",66.86,37964
"2016-2017",NA,"Virginia","English Learners","Algebra I",75.38,796
"2016-2017",NA,"Virginia","English Learners","Geometry",96.77,31
"2016-2017",NA,"Virginia","English Learners","Mathematics",42.85,3589
"2016-2017",NA,"Virginia","American Indian","Algebra I",86.36,88
"2016-2017",NA,"Virginia","American Indian","Geometry",100,25
"2016-2017",NA,"Virginia","American Indian","Mathematics",69.75,119
"2016-2017",NA,"Virginia","Asian","Algebra I",97.97,2903
"2016-2017",NA,"Virginia","Asian","Geometry",100,2170
"2016-2017",NA,"Virginia","Asian","Mathematics",78.99,1352
"2016-2017",NA,"Virginia","Black","Algebra I",85.68,6417
"2016-2017",NA,"Virginia","Black","Geometry",92.38,1364
"2016-2017",NA,"Virginia","Black","Mathematics",53.52,12734
"2016-2017",NA,"Virginia","Hispanic","Algebra I",88.25,4554
"2016-2017",NA,"Virginia","Hispanic","Geometry",97.43,739
"2016-2017",NA,"Virginia","Hispanic","Mathematics",58.9,7397
"2016-2017",NA,"Virginia","White","Algebra I",94.89,20826
"2016-2017",NA,"Virginia","White","Geometry",99.1,7011
"2016-2017",NA,"Virginia","White","Mathematics",73.39,19400
"2016-2017",NA,"Virginia","Native Hawaiian  or Pacific Islander","Algebra I",95.08,61
"2016-2017",NA,"Virginia","Native Hawaiian  or Pacific Islander","Geometry",92.59,27
"2016-2017",NA,"Virginia","Native Hawaiian  or Pacific Islander","Mathematics",78.26,69
"2016-2017",NA,"Virginia","Multiple Races","Algebra I",93.09,1809
"2016-2017",NA,"Virginia","Multiple Races","Geometry",98.98,688
"2016-2017",NA,"Virginia","Multiple Races","Mathematics",69.87,2174
"2017-2018",NA,"Albemarle County","All Students","Algebra I",94.51,364
"2017-2018",NA,"Albemarle County","All Students","Geometry",100,248
"2017-2018",NA,"Albemarle County","All Students","Mathematics",56.42,358
"2017-2018",NA,"Albemarle County","Economically Advantaged","Algebra I",94.82,309
"2017-2018",NA,"Albemarle County","Economically Advantaged","Geometry",100,231
"2017-2018",NA,"Albemarle County","Economically Advantaged","Mathematics",63.87,155
"2017-2018",NA,"Albemarle County","Economically Disadvantaged","Algebra I",92.73,55
"2017-2018",NA,"Albemarle County","Economically Disadvantaged","Geometry",100,17
"2017-2018",NA,"Albemarle County","Economically Disadvantaged","Mathematics",50.74,203
"2017-2018",NA,"Albemarle County","Non-English Learners","Algebra I",94.3,351
"2017-2018",NA,"Albemarle County","Non-English Learners","Geometry",100,247
"2017-2018",NA,"Albemarle County","Non-English Learners","Mathematics",57.38,298
"2017-2018",NA,"Albemarle County","English Learners","Algebra I",NA,NA
"2017-2018",NA,"Albemarle County","English Learners","Geometry",NA,NA
"2017-2018",NA,"Albemarle County","English Learners","Mathematics",35,40
"2017-2018",NA,"Albemarle County","American Indian","Algebra I",NA,NA
"2017-2018",NA,"Albemarle County","American Indian","Mathematics",NA,NA
"2017-2018",NA,"Albemarle County","Asian","Algebra I",100,17
"2017-2018",NA,"Albemarle County","Asian","Geometry",100,18
"2017-2018",NA,"Albemarle County","Asian","Mathematics",NA,NA
"2017-2018",NA,"Albemarle County","Black","Algebra I",100,27
"2017-2018",NA,"Albemarle County","Black","Geometry",NA,NA
"2017-2018",NA,"Albemarle County","Black","Mathematics",38.46,65
"2017-2018",NA,"Albemarle County","Hispanic","Algebra I",92.86,28
"2017-2018",NA,"Albemarle County","Hispanic","Geometry",NA,NA
"2017-2018",NA,"Albemarle County","Hispanic","Mathematics",55.42,83
"2017-2018",NA,"Albemarle County","White","Algebra I",93.36,271
"2017-2018",NA,"Albemarle County","White","Geometry",100,201
"2017-2018",NA,"Albemarle County","White","Mathematics",61.67,180
"2017-2018",NA,"Albemarle County","Native Hawaiian  or Pacific Islander","Mathematics",NA,NA
"2017-2018",NA,"Albemarle County","Multiple Races","Algebra I",100,20
"2017-2018",NA,"Albemarle County","Multiple Races","Geometry",100,12
"2017-2018",NA,"Albemarle County","Multiple Races","Mathematics",60,20
"2017-2018",1060,"Albemarle County Community Public Charter","All Students","Algebra I",NA,NA
"2017-2018",1060,"Albemarle County Community Public Charter","All Students","Geometry",NA,NA
"2017-2018",1060,"Albemarle County Community Public Charter","All Students","Mathematics",NA,11
"2017-2018",1060,"Albemarle County Community Public Charter","Economically Advantaged","Algebra I",NA,NA
"2017-2018",1060,"Albemarle County Community Public Charter","Economically Advantaged","Geometry",NA,NA
"2017-2018",1060,"Albemarle County Community Public Charter","Economically Advantaged","Mathematics",NA,NA
"2017-2018",1060,"Albemarle County Community Public Charter","Economically Disadvantaged","Mathematics",NA,NA
"2017-2018",1060,"Albemarle County Community Public Charter","Non-English Learners","Algebra I",NA,NA
"2017-2018",1060,"Albemarle County Community Public Charter","Non-English Learners","Geometry",NA,NA
"2017-2018",1060,"Albemarle County Community Public Charter","Non-English Learners","Mathematics",NA,11
"2017-2018",1060,"Albemarle County Community Public Charter","Black","Mathematics",NA,NA
"2017-2018",1060,"Albemarle County Community Public Charter","Multiple Races","Mathematics",NA,NA
"2017-2018",1060,"Albemarle County Community Public Charter","White","Algebra I",NA,NA
"2017-2018",1060,"Albemarle County Community Public Charter","White","Geometry",NA,NA
"2017-2018",1060,"Albemarle County Community Public Charter","White","Mathematics",NA,NA
"2017-2018",950,"Journey Middle (Formerly: Jack Jouett Middle)","All Students","Algebra I",94.44,54
"2017-2018",950,"Journey Middle (Formerly: Jack Jouett Middle)","All Students","Geometry",100,37
"2017-2018",950,"Journey Middle (Formerly: Jack Jouett Middle)","All Students","Mathematics",48.28,87
"2017-2018",950,"Journey Middle (Formerly: Jack Jouett Middle)","Economically Advantaged","Algebra I",90.63,32
"2017-2018",950,"Journey Middle (Formerly: Jack Jouett Middle)","Economically Disadvantaged","Algebra I",100,22
"2017-2018",950,"Journey Middle (Formerly: Jack Jouett Middle)","Economically Advantaged","Geometry",100,35
"2017-2018",950,"Journey Middle (Formerly: Jack Jouett Middle)","Economically Disadvantaged","Geometry",NA,NA
"2017-2018",950,"Journey Middle (Formerly: Jack Jouett Middle)","Economically Advantaged","Mathematics",56.25,16
"2017-2018",950,"Journey Middle (Formerly: Jack Jouett Middle)","Economically Disadvantaged","Mathematics",46.48,71
"2017-2018",950,"Journey Middle (Formerly: Jack Jouett Middle)","Non-English Learners","Algebra I",93.88,49
"2017-2018",950,"Journey Middle (Formerly: Jack Jouett Middle)","Non-English Learners","Geometry",100,37
"2017-2018",950,"Journey Middle (Formerly: Jack Jouett Middle)","Non-English Learners","Mathematics",50,60
"2017-2018",950,"Journey Middle (Formerly: Jack Jouett Middle)","English Learners","Mathematics",NA,19
"2017-2018",950,"Journey Middle (Formerly: Jack Jouett Middle)","Asian","Algebra I",NA,NA
"2017-2018",950,"Journey Middle (Formerly: Jack Jouett Middle)","Asian","Geometry",NA,NA
"2017-2018",950,"Journey Middle (Formerly: Jack Jouett Middle)","Black","Algebra I",NA,NA
"2017-2018",950,"Journey Middle (Formerly: Jack Jouett Middle)","Black","Geometry",NA,NA
"2017-2018",950,"Journey Middle (Formerly: Jack Jouett Middle)","Black","Mathematics",20,25
"2017-2018",950,"Journey Middle (Formerly: Jack Jouett Middle)","Hispanic","Algebra I",90,10
"2017-2018",950,"Journey Middle (Formerly: Jack Jouett Middle)","Hispanic","Mathematics",51.61,31
"2017-2018",950,"Journey Middle (Formerly: Jack Jouett Middle)","Multiple Races","Algebra I",NA,NA
"2017-2018",950,"Journey Middle (Formerly: Jack Jouett Middle)","Multiple Races","Geometry",NA,NA
"2017-2018",950,"Journey Middle (Formerly: Jack Jouett Middle)","Multiple Races","Mathematics",NA,NA
"2017-2018",950,"Journey Middle (Formerly: Jack Jouett Middle)","White","Algebra I",93.55,31
"2017-2018",950,"Journey Middle (Formerly: Jack Jouett Middle)","White","Geometry",100,31
"2017-2018",950,"Journey Middle (Formerly: Jack Jouett Middle)","White","Mathematics",70.83,24
"2017-2018",69,"Jackson P. Burley Middle","All Students","Algebra I",98.11,53
"2017-2018",69,"Jackson P. Burley Middle","All Students","Geometry",100,39
"2017-2018",69,"Jackson P. Burley Middle","All Students","Mathematics",65.06,83
"2017-2018",69,"Jackson P. Burley Middle","Economically Advantaged","Algebra I",97.62,42
"2017-2018",69,"Jackson P. Burley Middle","Economically Disadvantaged","Algebra I",100,11
"2017-2018",69,"Jackson P. Burley Middle","Economically Advantaged","Geometry",100,35
"2017-2018",69,"Jackson P. Burley Middle","Economically Disadvantaged","Geometry",NA,NA
"2017-2018",69,"Jackson P. Burley Middle","Economically Advantaged","Mathematics",76,25
"2017-2018",69,"Jackson P. Burley Middle","Economically Disadvantaged","Mathematics",60.34,58
"2017-2018",69,"Jackson P. Burley Middle","Non-English Learners","Algebra I",97.92,48
"2017-2018",69,"Jackson P. Burley Middle","English Learners","Algebra I",NA,NA
"2017-2018",69,"Jackson P. Burley Middle","Non-English Learners","Geometry",100,39
"2017-2018",69,"Jackson P. Burley Middle","Non-English Learners","Mathematics",66.67,57
"2017-2018",69,"Jackson P. Burley Middle","English Learners","Mathematics",NA,18
"2017-2018",69,"Jackson P. Burley Middle","Asian","Algebra I",NA,NA
"2017-2018",69,"Jackson P. Burley Middle","Asian","Geometry",NA,NA
"2017-2018",69,"Jackson P. Burley Middle","Asian","Mathematics",NA,NA
"2017-2018",69,"Jackson P. Burley Middle","Black","Algebra I",NA,NA
"2017-2018",69,"Jackson P. Burley Middle","Black","Geometry",NA,NA
"2017-2018",69,"Jackson P. Burley Middle","Black","Mathematics",50,20
"2017-2018",69,"Jackson P. Burley Middle","Hispanic","Algebra I",NA,NA
"2017-2018",69,"Jackson P. Burley Middle","Hispanic","Geometry",NA,NA
"2017-2018",69,"Jackson P. Burley Middle","Hispanic","Mathematics",60.61,33
"2017-2018",69,"Jackson P. Burley Middle","Multiple Races","Algebra I",NA,NA
"2017-2018",69,"Jackson P. Burley Middle","Multiple Races","Geometry",NA,NA
"2017-2018",69,"Jackson P. Burley Middle","Multiple Races","Mathematics",NA,NA
"2017-2018",69,"Jackson P. Burley Middle","White","Algebra I",96.55,29
"2017-2018",69,"Jackson P. Burley Middle","White","Geometry",100,25
"2017-2018",69,"Jackson P. Burley Middle","White","Mathematics",79.17,24
"2017-2018",942,"Joseph T. Henley Middle","All Students","Algebra I",93.92,148
"2017-2018",942,"Joseph T. Henley Middle","All Students","Geometry",100,74
"2017-2018",942,"Joseph T. Henley Middle","All Students","Mathematics",64.52,62
"2017-2018",942,"Joseph T. Henley Middle","Economically Advantaged","Algebra I",95.04,141
"2017-2018",942,"Joseph T. Henley Middle","Economically Disadvantaged","Algebra I",NA,NA
"2017-2018",942,"Joseph T. Henley Middle","Economically Advantaged","Geometry",100,72
"2017-2018",942,"Joseph T. Henley Middle","Economically Disadvantaged","Geometry",NA,NA
"2017-2018",942,"Joseph T. Henley Middle","Economically Advantaged","Mathematics",76.09,46
"2017-2018",942,"Joseph T. Henley Middle","Economically Disadvantaged","Mathematics",NA,16
"2017-2018",942,"Joseph T. Henley Middle","Non-English Learners","Algebra I",93.84,146
"2017-2018",942,"Joseph T. Henley Middle","Non-English Learners","Geometry",100,74
"2017-2018",942,"Joseph T. Henley Middle","Non-English Learners","Mathematics",65.57,61
"2017-2018",942,"Joseph T. Henley Middle","English Learners","Mathematics",NA,NA
"2017-2018",942,"Joseph T. Henley Middle","American Indian","Algebra I",NA,NA
"2017-2018",942,"Joseph T. Henley Middle","Asian","Algebra I",NA,NA
"2017-2018",942,"Joseph T. Henley Middle","Asian","Geometry",NA,NA
"2017-2018",942,"Joseph T. Henley Middle","Asian","Mathematics",NA,NA
"2017-2018",942,"Joseph T. Henley Middle","Black","Algebra I",NA,NA
"2017-2018",942,"Joseph T. Henley Middle","Black","Geometry",NA,NA
"2017-2018",942,"Joseph T. Henley Middle","Black","Mathematics",NA,NA
"2017-2018",942,"Joseph T. Henley Middle","Hispanic","Algebra I",NA,NA
"2017-2018",942,"Joseph T. Henley Middle","Hispanic","Geometry",NA,NA
"2017-2018",942,"Joseph T. Henley Middle","Hispanic","Mathematics",NA,NA
"2017-2018",942,"Joseph T. Henley Middle","Native Hawaiian  or Pacific Islander","Mathematics",NA,NA
"2017-2018",942,"Joseph T. Henley Middle","Multiple Races","Algebra I",NA,NA
"2017-2018",942,"Joseph T. Henley Middle","Multiple Races","Geometry",NA,NA
"2017-2018",942,"Joseph T. Henley Middle","Multiple Races","Mathematics",NA,NA
"2017-2018",942,"Joseph T. Henley Middle","White","Algebra I",93.38,136
"2017-2018",942,"Joseph T. Henley Middle","White","Geometry",100,66
"2017-2018",942,"Joseph T. Henley Middle","White","Mathematics",63.27,49
"2017-2018",20,"Leslie H. Walton Middle","All Students","Algebra I",96,25
"2017-2018",20,"Leslie H. Walton Middle","All Students","Geometry",100,27
"2017-2018",20,"Leslie H. Walton Middle","All Students","Mathematics",66.67,60
"2017-2018",20,"Leslie H. Walton Middle","Economically Advantaged","Algebra I",100,17
"2017-2018",20,"Leslie H. Walton Middle","Economically Disadvantaged","Algebra I",NA,NA
"2017-2018",20,"Leslie H. Walton Middle","Economically Advantaged","Geometry",100,25
"2017-2018",20,"Leslie H. Walton Middle","Economically Disadvantaged","Geometry",NA,NA
"2017-2018",20,"Leslie H. Walton Middle","Economically Advantaged","Mathematics",77.78,27
"2017-2018",20,"Leslie H. Walton Middle","Economically Disadvantaged","Mathematics",57.58,33
"2017-2018",20,"Leslie H. Walton Middle","Non-English Learners","Algebra I",96,25
"2017-2018",20,"Leslie H. Walton Middle","Non-English Learners","Geometry",100,27
"2017-2018",20,"Leslie H. Walton Middle","Non-English Learners","Mathematics",66.1,59
"2017-2018",20,"Leslie H. Walton Middle","Black","Algebra I",NA,NA
"2017-2018",20,"Leslie H. Walton Middle","Black","Geometry",NA,NA
"2017-2018",20,"Leslie H. Walton Middle","Black","Mathematics",NA,NA
"2017-2018",20,"Leslie H. Walton Middle","Hispanic","Algebra I",NA,NA
"2017-2018",20,"Leslie H. Walton Middle","Hispanic","Mathematics",NA,NA
"2017-2018",20,"Leslie H. Walton Middle","Multiple Races","Algebra I",NA,NA
"2017-2018",20,"Leslie H. Walton Middle","Multiple Races","Geometry",NA,NA
"2017-2018",20,"Leslie H. Walton Middle","Multiple Races","Mathematics",NA,NA
"2017-2018",20,"Leslie H. Walton Middle","White","Algebra I",100,15
"2017-2018",20,"Leslie H. Walton Middle","White","Geometry",100,25
"2017-2018",20,"Leslie H. Walton Middle","White","Mathematics",65.85,41
"2017-2018",1051,"Lakeside Middle (Formerly: Mortimer Y. Sutherland Middle)","All Students","Algebra I",93.98,83
"2017-2018",1051,"Lakeside Middle (Formerly: Mortimer Y. Sutherland Middle)","All Students","Geometry",100,70
"2017-2018",1051,"Lakeside Middle (Formerly: Mortimer Y. Sutherland Middle)","All Students","Mathematics",48,50
"2017-2018",1051,"Lakeside Middle (Formerly: Mortimer Y. Sutherland Middle)","Economically Advantaged","Algebra I",94.74,76
"2017-2018",1051,"Lakeside Middle (Formerly: Mortimer Y. Sutherland Middle)","Economically Disadvantaged","Algebra I",NA,NA
"2017-2018",1051,"Lakeside Middle (Formerly: Mortimer Y. Sutherland Middle)","Economically Advantaged","Geometry",100,63
"2017-2018",1051,"Lakeside Middle (Formerly: Mortimer Y. Sutherland Middle)","Economically Disadvantaged","Geometry",NA,NA
"2017-2018",1051,"Lakeside Middle (Formerly: Mortimer Y. Sutherland Middle)","Economically Advantaged","Mathematics",43.75,32
"2017-2018",1051,"Lakeside Middle (Formerly: Mortimer Y. Sutherland Middle)","Economically Disadvantaged","Mathematics",55.56,18
"2017-2018",1051,"Lakeside Middle (Formerly: Mortimer Y. Sutherland Middle)","Non-English Learners","Algebra I",93.9,82
"2017-2018",1051,"Lakeside Middle (Formerly: Mortimer Y. Sutherland Middle)","Non-English Learners","Geometry",100,69
"2017-2018",1051,"Lakeside Middle (Formerly: Mortimer Y. Sutherland Middle)","English Learners","Geometry",NA,NA
"2017-2018",1051,"Lakeside Middle (Formerly: Mortimer Y. Sutherland Middle)","Non-English Learners","Mathematics",48.89,45
"2017-2018",1051,"Lakeside Middle (Formerly: Mortimer Y. Sutherland Middle)","English Learners","Mathematics",NA,NA
"2017-2018",1051,"Lakeside Middle (Formerly: Mortimer Y. Sutherland Middle)","American Indian","Mathematics",NA,NA
"2017-2018",1051,"Lakeside Middle (Formerly: Mortimer Y. Sutherland Middle)","Asian","Algebra I",NA,NA
"2017-2018",1051,"Lakeside Middle (Formerly: Mortimer Y. Sutherland Middle)","Asian","Geometry",NA,NA
"2017-2018",1051,"Lakeside Middle (Formerly: Mortimer Y. Sutherland Middle)","Asian","Mathematics",NA,NA
"2017-2018",1051,"Lakeside Middle (Formerly: Mortimer Y. Sutherland Middle)","Black","Algebra I",NA,NA
"2017-2018",1051,"Lakeside Middle (Formerly: Mortimer Y. Sutherland Middle)","Black","Geometry",NA,NA
"2017-2018",1051,"Lakeside Middle (Formerly: Mortimer Y. Sutherland Middle)","Black","Mathematics",NA,NA
"2017-2018",1051,"Lakeside Middle (Formerly: Mortimer Y. Sutherland Middle)","Hispanic","Algebra I",NA,NA
"2017-2018",1051,"Lakeside Middle (Formerly: Mortimer Y. Sutherland Middle)","Hispanic","Geometry",NA,NA
"2017-2018",1051,"Lakeside Middle (Formerly: Mortimer Y. Sutherland Middle)","Hispanic","Mathematics",NA,NA
"2017-2018",1051,"Lakeside Middle (Formerly: Mortimer Y. Sutherland Middle)","Multiple Races","Algebra I",NA,NA
"2017-2018",1051,"Lakeside Middle (Formerly: Mortimer Y. Sutherland Middle)","Multiple Races","Geometry",NA,NA
"2017-2018",1051,"Lakeside Middle (Formerly: Mortimer Y. Sutherland Middle)","Multiple Races","Mathematics",NA,NA
"2017-2018",1051,"Lakeside Middle (Formerly: Mortimer Y. Sutherland Middle)","White","Algebra I",91.53,59
"2017-2018",1051,"Lakeside Middle (Formerly: Mortimer Y. Sutherland Middle)","White","Geometry",100,53
"2017-2018",1051,"Lakeside Middle (Formerly: Mortimer Y. Sutherland Middle)","White","Mathematics",53.33,30
"2017-2018",NA,"Virginia","All Students","Algebra I",91.54,36278
"2017-2018",NA,"Virginia","All Students","Geometry",98.58,13203
"2017-2018",NA,"Virginia","All Students","Mathematics",61.77,44388
"2017-2018",NA,"Virginia","Economically Advantaged","Algebra I",94.22,25377
"2017-2018",NA,"Virginia","Economically Advantaged","Geometry",99.04,11181
"2017-2018",NA,"Virginia","Economically Advantaged","Mathematics",70.76,20558
"2017-2018",NA,"Virginia","Economically Disadvantaged","Algebra I",85.29,10901
"2017-2018",NA,"Virginia","Economically Disadvantaged","Geometry",95.99,2022
"2017-2018",NA,"Virginia","Economically Disadvantaged","Mathematics",54.01,23830
"2017-2018",NA,"Virginia","Non-English Learners","Algebra I",92.04,33998
"2017-2018",NA,"Virginia","Non-English Learners","Geometry",98.57,12978
"2017-2018",NA,"Virginia","Non-English Learners","Mathematics",64.03,38444
"2017-2018",NA,"Virginia","English Learners","Algebra I",66.57,661
"2017-2018",NA,"Virginia","English Learners","Geometry",96.43,28
"2017-2018",NA,"Virginia","English Learners","Mathematics",33.63,3717
"2017-2018",NA,"Virginia","American Indian","Algebra I",88.73,71
"2017-2018",NA,"Virginia","American Indian","Geometry",96.15,26
"2017-2018",NA,"Virginia","American Indian","Mathematics",59.32,118
"2017-2018",NA,"Virginia","Asian","Algebra I",96.58,3074
"2017-2018",NA,"Virginia","Asian","Geometry",100,2425
"2017-2018",NA,"Virginia","Asian","Mathematics",73.76,1372
"2017-2018",NA,"Virginia","Black","Algebra I",84.24,6493
"2017-2018",NA,"Virginia","Black","Geometry",94.29,1384
"2017-2018",NA,"Virginia","Black","Mathematics",50.9,12569
"2017-2018",NA,"Virginia","Hispanic","Algebra I",86.33,4651
"2017-2018",NA,"Virginia","Hispanic","Geometry",98.1,896
"2017-2018",NA,"Virginia","Hispanic","Mathematics",54.81,8246
"2017-2018",NA,"Virginia","White","Algebra I",94.16,20028
"2017-2018",NA,"Virginia","White","Geometry",99.04,7684
"2017-2018",NA,"Virginia","White","Mathematics",70.24,19754
"2017-2018",NA,"Virginia","Native Hawaiian  or Pacific Islander","Algebra I",92.06,63
"2017-2018",NA,"Virginia","Native Hawaiian  or Pacific Islander","Geometry",100,25
"2017-2018",NA,"Virginia","Native Hawaiian  or Pacific Islander","Mathematics",79.31,58
"2017-2018",NA,"Virginia","Multiple Races","Algebra I",93.52,1898
"2017-2018",NA,"Virginia","Multiple Races","Geometry",98.69,763
"2017-2018",NA,"Virginia","Multiple Races","Mathematics",65.92,2271
"2018-2019",NA,"Albemarle County","All Students","Algebra I",97.76,401
"2018-2019",NA,"Albemarle County","All Students","Geometry",100,268
"2018-2019",NA,"Albemarle County","All Students","Mathematics",65.4,341
"2018-2019",NA,"Albemarle County","Economically Advantaged","Algebra I",98.48,329
"2018-2019",NA,"Albemarle County","Economically Advantaged","Geometry",100,241
"2018-2019",NA,"Albemarle County","Economically Advantaged","Mathematics",71.53,144
"2018-2019",NA,"Albemarle County","Economically Disadvantaged","Algebra I",94.44,72
"2018-2019",NA,"Albemarle County","Economically Disadvantaged","Geometry",100,27
"2018-2019",NA,"Albemarle County","Economically Disadvantaged","Mathematics",60.91,197
"2018-2019",NA,"Albemarle County","Non-English Learners","Algebra I",97.68,388
"2018-2019",NA,"Albemarle County","Non-English Learners","Geometry",100,266
"2018-2019",NA,"Albemarle County","Non-English Learners","Mathematics",66.33,297
"2018-2019",NA,"Albemarle County","English Learners","Algebra I",NA,NA
"2018-2019",NA,"Albemarle County","English Learners","Mathematics",44.83,29
"2018-2019",NA,"Albemarle County","American Indian","Mathematics",NA,NA
"2018-2019",NA,"Albemarle County","Asian","Algebra I",100,20
"2018-2019",NA,"Albemarle County","Asian","Geometry",100,25
"2018-2019",NA,"Albemarle County","Asian","Mathematics",NA,NA
"2018-2019",NA,"Albemarle County","Black","Algebra I",96.15,26
"2018-2019",NA,"Albemarle County","Black","Geometry",100,11
"2018-2019",NA,"Albemarle County","Black","Mathematics",59.04,83
"2018-2019",NA,"Albemarle County","Hispanic","Algebra I",100,27
"2018-2019",NA,"Albemarle County","Hispanic","Geometry",NA,NA
"2018-2019",NA,"Albemarle County","Hispanic","Mathematics",68.85,61
"2018-2019",NA,"Albemarle County","White","Algebra I",97.72,307
"2018-2019",NA,"Albemarle County","White","Geometry",100,209
"2018-2019",NA,"Albemarle County","White","Mathematics",68.52,162
"2018-2019",NA,"Albemarle County","Native Hawaiian  or Pacific Islander","Mathematics",NA,NA
"2018-2019",NA,"Albemarle County","Multiple Races","Algebra I",95.24,21
"2018-2019",NA,"Albemarle County","Multiple Races","Geometry",100,16
"2018-2019",NA,"Albemarle County","Multiple Races","Mathematics",56,25
"2018-2019",1060,"Albemarle County Community Public Charter","All Students","Algebra I",NA,NA
"2018-2019",1060,"Albemarle County Community Public Charter","All Students","Geometry",NA,NA
"2018-2019",1060,"Albemarle County Community Public Charter","All Students","Mathematics",NA,12
"2018-2019",1060,"Albemarle County Community Public Charter","Economically Advantaged","Algebra I",NA,NA
"2018-2019",1060,"Albemarle County Community Public Charter","Economically Disadvantaged","Algebra I",NA,NA
"2018-2019",1060,"Albemarle County Community Public Charter","Economically Advantaged","Geometry",NA,NA
"2018-2019",1060,"Albemarle County Community Public Charter","Economically Disadvantaged","Geometry",NA,NA
"2018-2019",1060,"Albemarle County Community Public Charter","Economically Advantaged","Mathematics",NA,NA
"2018-2019",1060,"Albemarle County Community Public Charter","Economically Disadvantaged","Mathematics",NA,NA
"2018-2019",1060,"Albemarle County Community Public Charter","Non-English Learners","Algebra I",NA,NA
"2018-2019",1060,"Albemarle County Community Public Charter","Non-English Learners","Geometry",NA,NA
"2018-2019",1060,"Albemarle County Community Public Charter","Non-English Learners","Mathematics",NA,12
"2018-2019",1060,"Albemarle County Community Public Charter","Black","Mathematics",NA,NA
"2018-2019",1060,"Albemarle County Community Public Charter","Hispanic","Geometry",NA,NA
"2018-2019",1060,"Albemarle County Community Public Charter","Multiple Races","Mathematics",NA,NA
"2018-2019",1060,"Albemarle County Community Public Charter","White","Algebra I",NA,NA
"2018-2019",1060,"Albemarle County Community Public Charter","White","Geometry",NA,NA
"2018-2019",1060,"Albemarle County Community Public Charter","White","Mathematics",NA,NA
"2018-2019",950,"Journey Middle (Formerly: Jack Jouett Middle)","All Students","Algebra I",98.63,73
"2018-2019",950,"Journey Middle (Formerly: Jack Jouett Middle)","All Students","Geometry",100,41
"2018-2019",950,"Journey Middle (Formerly: Jack Jouett Middle)","All Students","Mathematics",61.84,76
"2018-2019",950,"Journey Middle (Formerly: Jack Jouett Middle)","Economically Advantaged","Algebra I",100,43
"2018-2019",950,"Journey Middle (Formerly: Jack Jouett Middle)","Economically Disadvantaged","Algebra I",96.67,30
"2018-2019",950,"Journey Middle (Formerly: Jack Jouett Middle)","Economically Advantaged","Geometry",100,34
"2018-2019",950,"Journey Middle (Formerly: Jack Jouett Middle)","Economically Disadvantaged","Geometry",NA,NA
"2018-2019",950,"Journey Middle (Formerly: Jack Jouett Middle)","Economically Advantaged","Mathematics",81.25,16
"2018-2019",950,"Journey Middle (Formerly: Jack Jouett Middle)","Economically Disadvantaged","Mathematics",56.67,60
"2018-2019",950,"Journey Middle (Formerly: Jack Jouett Middle)","Non-English Learners","Algebra I",98.41,63
"2018-2019",950,"Journey Middle (Formerly: Jack Jouett Middle)","English Learners","Algebra I",NA,NA
"2018-2019",950,"Journey Middle (Formerly: Jack Jouett Middle)","Non-English Learners","Geometry",100,41
"2018-2019",950,"Journey Middle (Formerly: Jack Jouett Middle)","Non-English Learners","Mathematics",61.4,57
"2018-2019",950,"Journey Middle (Formerly: Jack Jouett Middle)","English Learners","Mathematics",50,12
"2018-2019",950,"Journey Middle (Formerly: Jack Jouett Middle)","American Indian","Mathematics",NA,NA
"2018-2019",950,"Journey Middle (Formerly: Jack Jouett Middle)","Asian","Algebra I",NA,NA
"2018-2019",950,"Journey Middle (Formerly: Jack Jouett Middle)","Asian","Geometry",NA,NA
"2018-2019",950,"Journey Middle (Formerly: Jack Jouett Middle)","Asian","Mathematics",NA,NA
"2018-2019",950,"Journey Middle (Formerly: Jack Jouett Middle)","Black","Algebra I",91.67,12
"2018-2019",950,"Journey Middle (Formerly: Jack Jouett Middle)","Black","Geometry",NA,NA
"2018-2019",950,"Journey Middle (Formerly: Jack Jouett Middle)","Black","Mathematics",46.67,30
"2018-2019",950,"Journey Middle (Formerly: Jack Jouett Middle)","Hispanic","Algebra I",100,11
"2018-2019",950,"Journey Middle (Formerly: Jack Jouett Middle)","Hispanic","Geometry",NA,NA
"2018-2019",950,"Journey Middle (Formerly: Jack Jouett Middle)","Hispanic","Mathematics",78.95,19
"2018-2019",950,"Journey Middle (Formerly: Jack Jouett Middle)","Native Hawaiian  or Pacific Islander","Mathematics",NA,NA
"2018-2019",950,"Journey Middle (Formerly: Jack Jouett Middle)","Multiple Races","Algebra I",NA,NA
"2018-2019",950,"Journey Middle (Formerly: Jack Jouett Middle)","Multiple Races","Geometry",NA,NA
"2018-2019",950,"Journey Middle (Formerly: Jack Jouett Middle)","Multiple Races","Mathematics",NA,NA
"2018-2019",950,"Journey Middle (Formerly: Jack Jouett Middle)","White","Algebra I",100,41
"2018-2019",950,"Journey Middle (Formerly: Jack Jouett Middle)","White","Geometry",100,32
"2018-2019",950,"Journey Middle (Formerly: Jack Jouett Middle)","White","Mathematics",71.43,14
"2018-2019",69,"Jackson P. Burley Middle","All Students","Algebra I",95,60
"2018-2019",69,"Jackson P. Burley Middle","All Students","Geometry",100,43
"2018-2019",69,"Jackson P. Burley Middle","All Students","Mathematics",72.16,97
"2018-2019",69,"Jackson P. Burley Middle","Economically Advantaged","Algebra I",94.34,53
"2018-2019",69,"Jackson P. Burley Middle","Economically Disadvantaged","Algebra I",NA,NA
"2018-2019",69,"Jackson P. Burley Middle","Economically Advantaged","Geometry",100,39
"2018-2019",69,"Jackson P. Burley Middle","Economically Disadvantaged","Geometry",NA,NA
"2018-2019",69,"Jackson P. Burley Middle","Economically Advantaged","Mathematics",78.79,33
"2018-2019",69,"Jackson P. Burley Middle","Economically Disadvantaged","Mathematics",68.75,64
"2018-2019",69,"Jackson P. Burley Middle","Non-English Learners","Algebra I",95,60
"2018-2019",69,"Jackson P. Burley Middle","Non-English Learners","Geometry",100,43
"2018-2019",69,"Jackson P. Burley Middle","Non-English Learners","Mathematics",74.36,78
"2018-2019",69,"Jackson P. Burley Middle","English Learners","Mathematics",53.85,13
"2018-2019",69,"Jackson P. Burley Middle","Asian","Algebra I",NA,NA
"2018-2019",69,"Jackson P. Burley Middle","Asian","Geometry",NA,NA
"2018-2019",69,"Jackson P. Burley Middle","Asian","Mathematics",NA,NA
"2018-2019",69,"Jackson P. Burley Middle","Black","Algebra I",NA,NA
"2018-2019",69,"Jackson P. Burley Middle","Black","Geometry",NA,NA
"2018-2019",69,"Jackson P. Burley Middle","Black","Mathematics",64.71,34
"2018-2019",69,"Jackson P. Burley Middle","Hispanic","Algebra I",NA,NA
"2018-2019",69,"Jackson P. Burley Middle","Hispanic","Mathematics",68.97,29
"2018-2019",69,"Jackson P. Burley Middle","Multiple Races","Algebra I",NA,NA
"2018-2019",69,"Jackson P. Burley Middle","Multiple Races","Geometry",NA,NA
"2018-2019",69,"Jackson P. Burley Middle","Multiple Races","Mathematics",NA,NA
"2018-2019",69,"Jackson P. Burley Middle","White","Algebra I",93.33,45
"2018-2019",69,"Jackson P. Burley Middle","White","Geometry",100,31
"2018-2019",69,"Jackson P. Burley Middle","White","Mathematics",88.46,26
"2018-2019",942,"Joseph T. Henley Middle","All Students","Algebra I",98.73,157
"2018-2019",942,"Joseph T. Henley Middle","All Students","Geometry",100,84
"2018-2019",942,"Joseph T. Henley Middle","All Students","Mathematics",70.69,58
"2018-2019",942,"Joseph T. Henley Middle","Economically Advantaged","Algebra I",99.31,144
"2018-2019",942,"Joseph T. Henley Middle","Economically Disadvantaged","Algebra I",92.31,13
"2018-2019",942,"Joseph T. Henley Middle","Economically Advantaged","Geometry",100,81
"2018-2019",942,"Joseph T. Henley Middle","Economically Disadvantaged","Geometry",NA,NA
"2018-2019",942,"Joseph T. Henley Middle","Economically Advantaged","Mathematics",76.32,38
"2018-2019",942,"Joseph T. Henley Middle","Economically Disadvantaged","Mathematics",60,20
"2018-2019",942,"Joseph T. Henley Middle","Non-English Learners","Algebra I",98.71,155
"2018-2019",942,"Joseph T. Henley Middle","Non-English Learners","Geometry",100,84
"2018-2019",942,"Joseph T. Henley Middle","Non-English Learners","Mathematics",70.69,58
"2018-2019",942,"Joseph T. Henley Middle","Asian","Algebra I",NA,NA
"2018-2019",942,"Joseph T. Henley Middle","Asian","Geometry",NA,NA
"2018-2019",942,"Joseph T. Henley Middle","Asian","Mathematics",NA,NA
"2018-2019",942,"Joseph T. Henley Middle","Black","Algebra I",NA,NA
"2018-2019",942,"Joseph T. Henley Middle","Black","Mathematics",NA,NA
"2018-2019",942,"Joseph T. Henley Middle","Hispanic","Algebra I",100,10
"2018-2019",942,"Joseph T. Henley Middle","Hispanic","Geometry",NA,NA
"2018-2019",942,"Joseph T. Henley Middle","Hispanic","Mathematics",NA,NA
"2018-2019",942,"Joseph T. Henley Middle","Multiple Races","Algebra I",NA,NA
"2018-2019",942,"Joseph T. Henley Middle","Multiple Races","Geometry",NA,NA
"2018-2019",942,"Joseph T. Henley Middle","Multiple Races","Mathematics",NA,NA
"2018-2019",942,"Joseph T. Henley Middle","White","Algebra I",98.48,132
"2018-2019",942,"Joseph T. Henley Middle","White","Geometry",100,74
"2018-2019",942,"Joseph T. Henley Middle","White","Mathematics",75.51,49
"2018-2019",20,"Leslie H. Walton Middle","All Students","Algebra I",95.24,42
"2018-2019",20,"Leslie H. Walton Middle","All Students","Geometry",100,32
"2018-2019",20,"Leslie H. Walton Middle","All Students","Mathematics",71.7,53
"2018-2019",20,"Leslie H. Walton Middle","Economically Advantaged","Algebra I",100,30
"2018-2019",20,"Leslie H. Walton Middle","Economically Disadvantaged","Algebra I",83.33,12
"2018-2019",20,"Leslie H. Walton Middle","Economically Advantaged","Geometry",100,26
"2018-2019",20,"Leslie H. Walton Middle","Economically Disadvantaged","Geometry",NA,NA
"2018-2019",20,"Leslie H. Walton Middle","Economically Advantaged","Mathematics",76,25
"2018-2019",20,"Leslie H. Walton Middle","Economically Disadvantaged","Mathematics",67.86,28
"2018-2019",20,"Leslie H. Walton Middle","Non-English Learners","Algebra I",95.24,42
"2018-2019",20,"Leslie H. Walton Middle","Non-English Learners","Geometry",100,31
"2018-2019",20,"Leslie H. Walton Middle","Non-English Learners","Mathematics",72,50
"2018-2019",20,"Leslie H. Walton Middle","English Learners","Mathematics",NA,NA
"2018-2019",20,"Leslie H. Walton Middle","Asian","Algebra I",NA,NA
"2018-2019",20,"Leslie H. Walton Middle","Asian","Geometry",NA,NA
"2018-2019",20,"Leslie H. Walton Middle","Asian","Mathematics",NA,NA
"2018-2019",20,"Leslie H. Walton Middle","Black","Algebra I",NA,NA
"2018-2019",20,"Leslie H. Walton Middle","Black","Geometry",NA,NA
"2018-2019",20,"Leslie H. Walton Middle","Black","Mathematics",NA,NA
"2018-2019",20,"Leslie H. Walton Middle","Hispanic","Algebra I",NA,NA
"2018-2019",20,"Leslie H. Walton Middle","Hispanic","Geometry",NA,NA
"2018-2019",20,"Leslie H. Walton Middle","Hispanic","Mathematics",NA,NA
"2018-2019",20,"Leslie H. Walton Middle","Multiple Races","Algebra I",NA,NA
"2018-2019",20,"Leslie H. Walton Middle","Multiple Races","Geometry",NA,NA
"2018-2019",20,"Leslie H. Walton Middle","Multiple Races","Mathematics",NA,NA
"2018-2019",20,"Leslie H. Walton Middle","White","Algebra I",97.06,34
"2018-2019",20,"Leslie H. Walton Middle","White","Geometry",100,25
"2018-2019",20,"Leslie H. Walton Middle","White","Mathematics",68.29,41
"2018-2019",1051,"Lakeside Middle (Formerly: Mortimer Y. Sutherland Middle)","All Students","Algebra I",98.46,65
"2018-2019",1051,"Lakeside Middle (Formerly: Mortimer Y. Sutherland Middle)","All Students","Geometry",100,64
"2018-2019",1051,"Lakeside Middle (Formerly: Mortimer Y. Sutherland Middle)","All Students","Mathematics",53.66,41
"2018-2019",1051,"Lakeside Middle (Formerly: Mortimer Y. Sutherland Middle)","Economically Advantaged","Algebra I",98.25,57
"2018-2019",1051,"Lakeside Middle (Formerly: Mortimer Y. Sutherland Middle)","Economically Disadvantaged","Algebra I",NA,NA
"2018-2019",1051,"Lakeside Middle (Formerly: Mortimer Y. Sutherland Middle)","Economically Advantaged","Geometry",100,59
"2018-2019",1051,"Lakeside Middle (Formerly: Mortimer Y. Sutherland Middle)","Economically Disadvantaged","Geometry",NA,NA
"2018-2019",1051,"Lakeside Middle (Formerly: Mortimer Y. Sutherland Middle)","Economically Advantaged","Mathematics",56.52,23
"2018-2019",1051,"Lakeside Middle (Formerly: Mortimer Y. Sutherland Middle)","Economically Disadvantaged","Mathematics",50,18
"2018-2019",1051,"Lakeside Middle (Formerly: Mortimer Y. Sutherland Middle)","Non-English Learners","Algebra I",98.44,64
"2018-2019",1051,"Lakeside Middle (Formerly: Mortimer Y. Sutherland Middle)","English Learners","Algebra I",NA,NA
"2018-2019",1051,"Lakeside Middle (Formerly: Mortimer Y. Sutherland Middle)","Non-English Learners","Geometry",100,63
"2018-2019",1051,"Lakeside Middle (Formerly: Mortimer Y. Sutherland Middle)","Non-English Learners","Mathematics",56.41,39
"2018-2019",1051,"Lakeside Middle (Formerly: Mortimer Y. Sutherland Middle)","English Learners","Mathematics",NA,NA
"2018-2019",1051,"Lakeside Middle (Formerly: Mortimer Y. Sutherland Middle)","Asian","Algebra I",NA,NA
"2018-2019",1051,"Lakeside Middle (Formerly: Mortimer Y. Sutherland Middle)","Asian","Geometry",100,13
"2018-2019",1051,"Lakeside Middle (Formerly: Mortimer Y. Sutherland Middle)","Asian","Mathematics",NA,NA
"2018-2019",1051,"Lakeside Middle (Formerly: Mortimer Y. Sutherland Middle)","Black","Algebra I",NA,NA
"2018-2019",1051,"Lakeside Middle (Formerly: Mortimer Y. Sutherland Middle)","Black","Geometry",NA,NA
"2018-2019",1051,"Lakeside Middle (Formerly: Mortimer Y. Sutherland Middle)","Black","Mathematics",NA,NA
"2018-2019",1051,"Lakeside Middle (Formerly: Mortimer Y. Sutherland Middle)","Hispanic","Algebra I",NA,NA
"2018-2019",1051,"Lakeside Middle (Formerly: Mortimer Y. Sutherland Middle)","Hispanic","Mathematics",NA,NA
"2018-2019",1051,"Lakeside Middle (Formerly: Mortimer Y. Sutherland Middle)","Multiple Races","Algebra I",NA,NA
"2018-2019",1051,"Lakeside Middle (Formerly: Mortimer Y. Sutherland Middle)","Multiple Races","Geometry",NA,NA
"2018-2019",1051,"Lakeside Middle (Formerly: Mortimer Y. Sutherland Middle)","Multiple Races","Mathematics",NA,NA
"2018-2019",1051,"Lakeside Middle (Formerly: Mortimer Y. Sutherland Middle)","White","Algebra I",98.04,51
"2018-2019",1051,"Lakeside Middle (Formerly: Mortimer Y. Sutherland Middle)","White","Geometry",100,44
"2018-2019",1051,"Lakeside Middle (Formerly: Mortimer Y. Sutherland Middle)","White","Mathematics",52.38,21
"2018-2019",NA,"Virginia","All Students","Algebra I",94.38,35189
"2018-2019",NA,"Virginia","All Students","Geometry",98.87,13214
"2018-2019",NA,"Virginia","All Students","Mathematics",67.59,44854
"2018-2019",NA,"Virginia","Economically Advantaged","Algebra I",96.41,24146
"2018-2019",NA,"Virginia","Economically Advantaged","Geometry",99.32,11206
"2018-2019",NA,"Virginia","Economically Advantaged","Mathematics",75.74,20544
"2018-2019",NA,"Virginia","Economically Disadvantaged","Algebra I",89.93,11043
"2018-2019",NA,"Virginia","Economically Disadvantaged","Geometry",96.36,2008
"2018-2019",NA,"Virginia","Economically Disadvantaged","Mathematics",60.7,24310
"2018-2019",NA,"Virginia","Non-English Learners","Algebra I",94.92,33222
"2018-2019",NA,"Virginia","Non-English Learners","Geometry",98.87,13040
"2018-2019",NA,"Virginia","Non-English Learners","Mathematics",69.67,39028
"2018-2019",NA,"Virginia","English Learners","Algebra I",69.78,695
"2018-2019",NA,"Virginia","English Learners","Geometry",100,19
"2018-2019",NA,"Virginia","English Learners","Mathematics",40.89,3666
"2018-2019",NA,"Virginia","American Indian","Algebra I",95.24,84
"2018-2019",NA,"Virginia","American Indian","Geometry",93.33,30
"2018-2019",NA,"Virginia","American Indian","Mathematics",67.86,140
"2018-2019",NA,"Virginia","Asian","Algebra I",98.26,2873
"2018-2019",NA,"Virginia","Asian","Geometry",100,2387
"2018-2019",NA,"Virginia","Asian","Mathematics",81.23,1433
"2018-2019",NA,"Virginia","Black","Algebra I",90.58,6547
"2018-2019",NA,"Virginia","Black","Geometry",95.1,1388
"2018-2019",NA,"Virginia","Black","Mathematics",57.12,12487
"2018-2019",NA,"Virginia","Hispanic","Algebra I",89.89,4817
"2018-2019",NA,"Virginia","Hispanic","Geometry",98.79,906
"2018-2019",NA,"Virginia","Hispanic","Mathematics",62.24,8649
"2018-2019",NA,"Virginia","White","Algebra I",96.18,18850
"2018-2019",NA,"Virginia","White","Geometry",99.29,7639
"2018-2019",NA,"Virginia","White","Mathematics",75.29,19764
"2018-2019",NA,"Virginia","Native Hawaiian  or Pacific Islander","Algebra I",97.06,68
"2018-2019",NA,"Virginia","Native Hawaiian  or Pacific Islander","Geometry",96.43,28
"2018-2019",NA,"Virginia","Native Hawaiian  or Pacific Islander","Mathematics",69.64,56
"2018-2019",NA,"Virginia","Multiple Races","Algebra I",95.03,1950
"2018-2019",NA,"Virginia","Multiple Races","Geometry",99.16,836
"2018-2019",NA,"Virginia","Multiple Races","Mathematics",69.85,2325
"2020-2021",NA,"Albemarle County","All Students","Algebra I",71.63,208
"2020-2021",NA,"Albemarle County","All Students","Geometry",94.44,144
"2020-2021",NA,"Albemarle County","All Students","Mathematics",16.39,61
"2020-2021",NA,"Albemarle County","Economically Advantaged","Algebra I",71.92,146
"2020-2021",NA,"Albemarle County","Economically Advantaged","Geometry",94.12,136
"2020-2021",NA,"Albemarle County","Economically Advantaged","Mathematics",23.08,26
"2020-2021",NA,"Albemarle County","Economically Disadvantaged","Algebra I",70.97,62
"2020-2021",NA,"Albemarle County","Economically Disadvantaged","Geometry",NA,NA
"2020-2021",NA,"Albemarle County","Economically Disadvantaged","Mathematics",11.43,35
"2020-2021",NA,"Albemarle County","Non-English Learners","Algebra I",70.9,189
"2020-2021",NA,"Albemarle County","Non-English Learners","Geometry",94.41,143
"2020-2021",NA,"Albemarle County","Non-English Learners","Mathematics",21.95,41
"2020-2021",NA,"Albemarle County","English Learners","Algebra I",NA,NA
"2020-2021",NA,"Albemarle County","English Learners","Geometry",NA,NA
"2020-2021",NA,"Albemarle County","English Learners","Mathematics",NA,13
"2020-2021",NA,"Albemarle County","Asian","Algebra I",60,10
"2020-2021",NA,"Albemarle County","Asian","Geometry",100,24
"2020-2021",NA,"Albemarle County","Asian","Mathematics",NA,NA
"2020-2021",NA,"Albemarle County","Black","Algebra I",66.67,15
"2020-2021",NA,"Albemarle County","Black","Geometry",NA,NA
"2020-2021",NA,"Albemarle County","Black","Mathematics",NA,13
"2020-2021",NA,"Albemarle County","Hispanic","Algebra I",71.43,28
"2020-2021",NA,"Albemarle County","Hispanic","Geometry",NA,NA
"2020-2021",NA,"Albemarle County","Hispanic","Mathematics",NA,19
"2020-2021",NA,"Albemarle County","White","Algebra I",73.79,145
"2020-2021",NA,"Albemarle County","White","Geometry",95.24,105
"2020-2021",NA,"Albemarle County","White","Mathematics",38.1,21
"2020-2021",NA,"Albemarle County","Multiple Races","Algebra I",60,10
"2020-2021",NA,"Albemarle County","Multiple Races","Geometry",NA,NA
"2020-2021",NA,"Albemarle County","Multiple Races","Mathematics",NA,NA
"2020-2021",950,"Journey Middle (Formerly: Jack Jouett Middle)","All Students","Algebra I",97.92,48
"2020-2021",950,"Journey Middle (Formerly: Jack Jouett Middle)","All Students","Geometry",100,11
"2020-2021",950,"Journey Middle (Formerly: Jack Jouett Middle)","All Students","Mathematics",NA,NA
"2020-2021",950,"Journey Middle (Formerly: Jack Jouett Middle)","Economically Advantaged","Algebra I",100,28
"2020-2021",950,"Journey Middle (Formerly: Jack Jouett Middle)","Economically Disadvantaged","Algebra I",95,20
"2020-2021",950,"Journey Middle (Formerly: Jack Jouett Middle)","Economically Advantaged","Geometry",100,10
"2020-2021",950,"Journey Middle (Formerly: Jack Jouett Middle)","Economically Disadvantaged","Geometry",NA,NA
"2020-2021",950,"Journey Middle (Formerly: Jack Jouett Middle)","Economically Advantaged","Mathematics",NA,NA
"2020-2021",950,"Journey Middle (Formerly: Jack Jouett Middle)","Economically Disadvantaged","Mathematics",NA,NA
"2020-2021",950,"Journey Middle (Formerly: Jack Jouett Middle)","Non-English Learners","Algebra I",97.67,43
"2020-2021",950,"Journey Middle (Formerly: Jack Jouett Middle)","English Learners","Algebra I",NA,NA
"2020-2021",950,"Journey Middle (Formerly: Jack Jouett Middle)","Non-English Learners","Geometry",100,11
"2020-2021",950,"Journey Middle (Formerly: Jack Jouett Middle)","Non-English Learners","Mathematics",NA,NA
"2020-2021",950,"Journey Middle (Formerly: Jack Jouett Middle)","English Learners","Mathematics",NA,NA
"2020-2021",950,"Journey Middle (Formerly: Jack Jouett Middle)","Asian","Algebra I",NA,NA
"2020-2021",950,"Journey Middle (Formerly: Jack Jouett Middle)","Asian","Geometry",NA,NA
"2020-2021",950,"Journey Middle (Formerly: Jack Jouett Middle)","Asian","Mathematics",NA,NA
"2020-2021",950,"Journey Middle (Formerly: Jack Jouett Middle)","Black","Algebra I",NA,NA
"2020-2021",950,"Journey Middle (Formerly: Jack Jouett Middle)","Black","Geometry",NA,NA
"2020-2021",950,"Journey Middle (Formerly: Jack Jouett Middle)","Black","Mathematics",NA,NA
"2020-2021",950,"Journey Middle (Formerly: Jack Jouett Middle)","Hispanic","Algebra I",100,12
"2020-2021",950,"Journey Middle (Formerly: Jack Jouett Middle)","Hispanic","Mathematics",NA,NA
"2020-2021",950,"Journey Middle (Formerly: Jack Jouett Middle)","Multiple Races","Algebra I",NA,NA
"2020-2021",950,"Journey Middle (Formerly: Jack Jouett Middle)","Multiple Races","Geometry",NA,NA
"2020-2021",950,"Journey Middle (Formerly: Jack Jouett Middle)","Multiple Races","Mathematics",NA,NA
"2020-2021",950,"Journey Middle (Formerly: Jack Jouett Middle)","White","Algebra I",96.43,28
"2020-2021",950,"Journey Middle (Formerly: Jack Jouett Middle)","White","Geometry",NA,NA
"2020-2021",950,"Journey Middle (Formerly: Jack Jouett Middle)","White","Mathematics",NA,NA
"2020-2021",69,"Jackson P. Burley Middle","All Students","Algebra I",70,30
"2020-2021",69,"Jackson P. Burley Middle","All Students","Geometry",100,20
"2020-2021",69,"Jackson P. Burley Middle","All Students","Mathematics",NA,13
"2020-2021",69,"Jackson P. Burley Middle","Economically Advantaged","Algebra I",76.47,17
"2020-2021",69,"Jackson P. Burley Middle","Economically Disadvantaged","Algebra I",61.54,13
"2020-2021",69,"Jackson P. Burley Middle","Economically Advantaged","Geometry",100,16
"2020-2021",69,"Jackson P. Burley Middle","Economically Disadvantaged","Geometry",NA,NA
"2020-2021",69,"Jackson P. Burley Middle","Economically Advantaged","Mathematics",NA,NA
"2020-2021",69,"Jackson P. Burley Middle","Economically Disadvantaged","Mathematics",NA,11
"2020-2021",69,"Jackson P. Burley Middle","Non-English Learners","Algebra I",70.83,24
"2020-2021",69,"Jackson P. Burley Middle","Non-English Learners","Geometry",100,20
"2020-2021",69,"Jackson P. Burley Middle","Non-English Learners","Mathematics",NA,NA
"2020-2021",69,"Jackson P. Burley Middle","English Learners","Mathematics",NA,NA
"2020-2021",69,"Jackson P. Burley Middle","Asian","Algebra I",NA,NA
"2020-2021",69,"Jackson P. Burley Middle","Asian","Geometry",NA,NA
"2020-2021",69,"Jackson P. Burley Middle","Asian","Mathematics",NA,NA
"2020-2021",69,"Jackson P. Burley Middle","Black","Algebra I",NA,NA
"2020-2021",69,"Jackson P. Burley Middle","Black","Geometry",NA,NA
"2020-2021",69,"Jackson P. Burley Middle","Black","Mathematics",NA,NA
"2020-2021",69,"Jackson P. Burley Middle","Hispanic","Algebra I",NA,NA
"2020-2021",69,"Jackson P. Burley Middle","Hispanic","Mathematics",NA,NA
"2020-2021",69,"Jackson P. Burley Middle","Multiple Races","Algebra I",NA,NA
"2020-2021",69,"Jackson P. Burley Middle","White","Algebra I",68.75,16
"2020-2021",69,"Jackson P. Burley Middle","White","Geometry",100,13
"2020-2021",69,"Jackson P. Burley Middle","White","Mathematics",NA,NA
"2020-2021",942,"Joseph T. Henley Middle","All Students","Algebra I",60,45
"2020-2021",942,"Joseph T. Henley Middle","All Students","Geometry",100,34
"2020-2021",942,"Joseph T. Henley Middle","All Students","Mathematics",NA,NA
"2020-2021",942,"Joseph T. Henley Middle","Economically Advantaged","Algebra I",61.36,44
"2020-2021",942,"Joseph T. Henley Middle","Economically Disadvantaged","Algebra I",NA,NA
"2020-2021",942,"Joseph T. Henley Middle","Economically Advantaged","Geometry",100,33
"2020-2021",942,"Joseph T. Henley Middle","Economically Disadvantaged","Geometry",NA,NA
"2020-2021",942,"Joseph T. Henley Middle","Economically Advantaged","Mathematics",NA,NA
"2020-2021",942,"Joseph T. Henley Middle","Economically Disadvantaged","Mathematics",NA,NA
"2020-2021",942,"Joseph T. Henley Middle","Non-English Learners","Algebra I",61.36,44
"2020-2021",942,"Joseph T. Henley Middle","English Learners","Algebra I",NA,NA
"2020-2021",942,"Joseph T. Henley Middle","Non-English Learners","Geometry",100,34
"2020-2021",942,"Joseph T. Henley Middle","Non-English Learners","Mathematics",NA,NA
"2020-2021",942,"Joseph T. Henley Middle","English Learners","Mathematics",NA,NA
"2020-2021",942,"Joseph T. Henley Middle","Asian","Algebra I",NA,NA
"2020-2021",942,"Joseph T. Henley Middle","Asian","Geometry",NA,NA
"2020-2021",942,"Joseph T. Henley Middle","Hispanic","Algebra I",NA,NA
"2020-2021",942,"Joseph T. Henley Middle","Hispanic","Geometry",NA,NA
"2020-2021",942,"Joseph T. Henley Middle","Hispanic","Mathematics",NA,NA
"2020-2021",942,"Joseph T. Henley Middle","Multiple Races","Algebra I",NA,NA
"2020-2021",942,"Joseph T. Henley Middle","Multiple Races","Mathematics",NA,NA
"2020-2021",942,"Joseph T. Henley Middle","White","Algebra I",65.85,41
"2020-2021",942,"Joseph T. Henley Middle","White","Geometry",100,29
"2020-2021",942,"Joseph T. Henley Middle","White","Mathematics",NA,NA
"2020-2021",20,"Leslie H. Walton Middle","All Students","Algebra I",68.18,22
"2020-2021",20,"Leslie H. Walton Middle","All Students","Geometry",NA,NA
"2020-2021",20,"Leslie H. Walton Middle","All Students","Mathematics",NA,NA
"2020-2021",20,"Leslie H. Walton Middle","Economically Advantaged","Algebra I",58.33,12
"2020-2021",20,"Leslie H. Walton Middle","Economically Disadvantaged","Algebra I",80,10
"2020-2021",20,"Leslie H. Walton Middle","Economically Advantaged","Geometry",NA,NA
"2020-2021",20,"Leslie H. Walton Middle","Economically Disadvantaged","Mathematics",NA,NA
"2020-2021",20,"Leslie H. Walton Middle","Non-English Learners","Algebra I",66.67,21
"2020-2021",20,"Leslie H. Walton Middle","English Learners","Algebra I",NA,NA
"2020-2021",20,"Leslie H. Walton Middle","Non-English Learners","Geometry",NA,NA
"2020-2021",20,"Leslie H. Walton Middle","Non-English Learners","Mathematics",NA,NA
"2020-2021",20,"Leslie H. Walton Middle","Asian","Algebra I",NA,NA
"2020-2021",20,"Leslie H. Walton Middle","Black","Algebra I",NA,NA
"2020-2021",20,"Leslie H. Walton Middle","Black","Mathematics",NA,NA
"2020-2021",20,"Leslie H. Walton Middle","Hispanic","Algebra I",NA,NA
"2020-2021",20,"Leslie H. Walton Middle","Multiple Races","Algebra I",NA,NA
"2020-2021",20,"Leslie H. Walton Middle","White","Algebra I",77.78,18
"2020-2021",20,"Leslie H. Walton Middle","White","Geometry",NA,NA
"2020-2021",1051,"Lakeside Middle (Formerly: Mortimer Y. Sutherland Middle)","All Students","Algebra I",62.71,59
"2020-2021",1051,"Lakeside Middle (Formerly: Mortimer Y. Sutherland Middle)","All Students","Geometry",88.41,69
"2020-2021",1051,"Lakeside Middle (Formerly: Mortimer Y. Sutherland Middle)","All Students","Mathematics",19.05,21
"2020-2021",1051,"Lakeside Middle (Formerly: Mortimer Y. Sutherland Middle)","Economically Advantaged","Algebra I",66.67,42
"2020-2021",1051,"Lakeside Middle (Formerly: Mortimer Y. Sutherland Middle)","Economically Disadvantaged","Algebra I",52.94,17
"2020-2021",1051,"Lakeside Middle (Formerly: Mortimer Y. Sutherland Middle)","Economically Advantaged","Geometry",88.06,67
"2020-2021",1051,"Lakeside Middle (Formerly: Mortimer Y. Sutherland Middle)","Economically Disadvantaged","Geometry",NA,NA
"2020-2021",1051,"Lakeside Middle (Formerly: Mortimer Y. Sutherland Middle)","Economically Advantaged","Mathematics",NA,NA
"2020-2021",1051,"Lakeside Middle (Formerly: Mortimer Y. Sutherland Middle)","Economically Disadvantaged","Mathematics",NA,13
"2020-2021",1051,"Lakeside Middle (Formerly: Mortimer Y. Sutherland Middle)","Non-English Learners","Algebra I",60.38,53
"2020-2021",1051,"Lakeside Middle (Formerly: Mortimer Y. Sutherland Middle)","English Learners","Algebra I",NA,NA
"2020-2021",1051,"Lakeside Middle (Formerly: Mortimer Y. Sutherland Middle)","Non-English Learners","Geometry",88.24,68
"2020-2021",1051,"Lakeside Middle (Formerly: Mortimer Y. Sutherland Middle)","English Learners","Geometry",NA,NA
"2020-2021",1051,"Lakeside Middle (Formerly: Mortimer Y. Sutherland Middle)","Non-English Learners","Mathematics",NA,16
"2020-2021",1051,"Lakeside Middle (Formerly: Mortimer Y. Sutherland Middle)","English Learners","Mathematics",NA,NA
"2020-2021",1051,"Lakeside Middle (Formerly: Mortimer Y. Sutherland Middle)","Asian","Algebra I",NA,NA
"2020-2021",1051,"Lakeside Middle (Formerly: Mortimer Y. Sutherland Middle)","Asian","Geometry",100,13
"2020-2021",1051,"Lakeside Middle (Formerly: Mortimer Y. Sutherland Middle)","Black","Algebra I",NA,NA
"2020-2021",1051,"Lakeside Middle (Formerly: Mortimer Y. Sutherland Middle)","Black","Geometry",NA,NA
"2020-2021",1051,"Lakeside Middle (Formerly: Mortimer Y. Sutherland Middle)","Black","Mathematics",NA,NA
"2020-2021",1051,"Lakeside Middle (Formerly: Mortimer Y. Sutherland Middle)","Hispanic","Algebra I",NA,NA
"2020-2021",1051,"Lakeside Middle (Formerly: Mortimer Y. Sutherland Middle)","Hispanic","Geometry",NA,NA
"2020-2021",1051,"Lakeside Middle (Formerly: Mortimer Y. Sutherland Middle)","Hispanic","Mathematics",NA,NA
"2020-2021",1051,"Lakeside Middle (Formerly: Mortimer Y. Sutherland Middle)","Multiple Races","Algebra I",NA,NA
"2020-2021",1051,"Lakeside Middle (Formerly: Mortimer Y. Sutherland Middle)","Multiple Races","Geometry",NA,NA
"2020-2021",1051,"Lakeside Middle (Formerly: Mortimer Y. Sutherland Middle)","Multiple Races","Mathematics",NA,NA
"2020-2021",1051,"Lakeside Middle (Formerly: Mortimer Y. Sutherland Middle)","White","Algebra I",65,40
"2020-2021",1051,"Lakeside Middle (Formerly: Mortimer Y. Sutherland Middle)","White","Geometry",89.13,46
"2020-2021",1051,"Lakeside Middle (Formerly: Mortimer Y. Sutherland Middle)","White","Mathematics",NA,NA
"2020-2021",890,"Community Lab School (Formerly: Murray School, Murray High)","All Students","Algebra I",NA,NA
"2020-2021",890,"Community Lab School (Formerly: Murray School, Murray High)","All Students","Geometry",NA,NA
"2020-2021",890,"Community Lab School (Formerly: Murray School, Murray High)","All Students","Mathematics",NA,NA
"2020-2021",890,"Community Lab School (Formerly: Murray School, Murray High)","Economically Advantaged","Algebra I",NA,NA
"2020-2021",890,"Community Lab School (Formerly: Murray School, Murray High)","Economically Disadvantaged","Algebra I",NA,NA
"2020-2021",890,"Community Lab School (Formerly: Murray School, Murray High)","Economically Advantaged","Geometry",NA,NA
"2020-2021",890,"Community Lab School (Formerly: Murray School, Murray High)","Economically Advantaged","Mathematics",NA,NA
"2020-2021",890,"Community Lab School (Formerly: Murray School, Murray High)","Economically Disadvantaged","Mathematics",NA,NA
"2020-2021",890,"Community Lab School (Formerly: Murray School, Murray High)","Non-English Learners","Algebra I",NA,NA
"2020-2021",890,"Community Lab School (Formerly: Murray School, Murray High)","Non-English Learners","Geometry",NA,NA
"2020-2021",890,"Community Lab School (Formerly: Murray School, Murray High)","Non-English Learners","Mathematics",NA,NA
"2020-2021",890,"Community Lab School (Formerly: Murray School, Murray High)","Hispanic","Algebra I",NA,NA
"2020-2021",890,"Community Lab School (Formerly: Murray School, Murray High)","Hispanic","Mathematics",NA,NA
"2020-2021",890,"Community Lab School (Formerly: Murray School, Murray High)","Multiple Races","Algebra I",NA,NA
"2020-2021",890,"Community Lab School (Formerly: Murray School, Murray High)","Multiple Races","Geometry",NA,NA
"2020-2021",890,"Community Lab School (Formerly: Murray School, Murray High)","White","Algebra I",NA,NA
"2020-2021",890,"Community Lab School (Formerly: Murray School, Murray High)","White","Geometry",NA,NA
"2020-2021",890,"Community Lab School (Formerly: Murray School, Murray High)","White","Mathematics",NA,NA
"2020-2021",NA,"Virginia","All Students","Algebra I",74.22,26584
"2020-2021",NA,"Virginia","All Students","Geometry",90.81,10356
"2020-2021",NA,"Virginia","All Students","Mathematics",28.5,31921
"2020-2021",NA,"Virginia","Economically Advantaged","Algebra I",79.38,18256
"2020-2021",NA,"Virginia","Economically Advantaged","Geometry",92.74,8786
"2020-2021",NA,"Virginia","Economically Advantaged","Mathematics",35.91,14413
"2020-2021",NA,"Virginia","Economically Disadvantaged","Algebra I",62.92,8328
"2020-2021",NA,"Virginia","Economically Disadvantaged","Geometry",80,1570
"2020-2021",NA,"Virginia","Economically Disadvantaged","Mathematics",22.4,17508
"2020-2021",NA,"Virginia","Non-English Learners","Algebra I",75.29,25090
"2020-2021",NA,"Virginia","Non-English Learners","Geometry",90.85,10217
"2020-2021",NA,"Virginia","Non-English Learners","Mathematics",30.84,27393
"2020-2021",NA,"Virginia","English Learners","Algebra I",37.87,544
"2020-2021",NA,"Virginia","English Learners","Geometry",100,16
"2020-2021",NA,"Virginia","English Learners","Mathematics",9.42,3014
"2020-2021",NA,"Virginia","American Indian","Algebra I",80,60
"2020-2021",NA,"Virginia","American Indian","Geometry",92.31,13
"2020-2021",NA,"Virginia","American Indian","Mathematics",23.71,97
"2020-2021",NA,"Virginia","Asian","Algebra I",85.9,2206
"2020-2021",NA,"Virginia","Asian","Geometry",96.67,1980
"2020-2021",NA,"Virginia","Asian","Mathematics",39.09,926
"2020-2021",NA,"Virginia","Black","Algebra I",60.47,4738
"2020-2021",NA,"Virginia","Black","Geometry",74.64,1116
"2020-2021",NA,"Virginia","Black","Mathematics",16.56,7791
"2020-2021",NA,"Virginia","Hispanic","Algebra I",65.94,3826
"2020-2021",NA,"Virginia","Hispanic","Geometry",85.55,782
"2020-2021",NA,"Virginia","Hispanic","Mathematics",20.22,6495
"2020-2021",NA,"Virginia","White","Algebra I",79.21,14213
"2020-2021",NA,"Virginia","White","Geometry",92.46,5739
"2020-2021",NA,"Virginia","White","Mathematics",37.71,14875
"2020-2021",NA,"Virginia","Native Hawaiian  or Pacific Islander","Algebra I",78.05,41
"2020-2021",NA,"Virginia","Native Hawaiian  or Pacific Islander","Geometry",76.47,17
"2020-2021",NA,"Virginia","Native Hawaiian  or Pacific Islander","Mathematics",30.56,36
"2020-2021",NA,"Virginia","Multiple Races","Algebra I",74,1500
"2020-2021",NA,"Virginia","Multiple Races","Geometry",92.67,709
"2020-2021",NA,"Virginia","Multiple Races","Mathematics",28.69,1701
"2021-2022",NA,"Albemarle County","All Students","Algebra I",87.68,341
"2021-2022",NA,"Albemarle County","All Students","Geometry",98.68,303
"2021-2022",NA,"Albemarle County","All Students","Mathematics",30.4,398
"2021-2022",NA,"Albemarle County","Economically Advantaged","Algebra I",87.84,255
"2021-2022",NA,"Albemarle County","Economically Advantaged","Geometry",98.59,284
"2021-2022",NA,"Albemarle County","Economically Advantaged","Mathematics",38.97,195
"2021-2022",NA,"Albemarle County","Economically Disadvantaged","Algebra I",87.21,86
"2021-2022",NA,"Albemarle County","Economically Disadvantaged","Geometry",100,19
"2021-2022",NA,"Albemarle County","Economically Disadvantaged","Mathematics",22.17,203
"2021-2022",NA,"Albemarle County","Non-English Learners","Algebra I",86.93,306
"2021-2022",NA,"Albemarle County","Non-English Learners","Geometry",98.65,296
"2021-2022",NA,"Albemarle County","Non-English Learners","Mathematics",34.65,303
"2021-2022",NA,"Albemarle County","English Learners","Algebra I",NA,NA
"2021-2022",NA,"Albemarle County","English Learners","Geometry",NA,NA
"2021-2022",NA,"Albemarle County","English Learners","Mathematics",8.33,72
"2021-2022",NA,"Albemarle County","American Indian","Algebra I",NA,NA
"2021-2022",NA,"Albemarle County","American Indian","Geometry",NA,NA
"2021-2022",NA,"Albemarle County","American Indian","Mathematics",NA,NA
"2021-2022",NA,"Albemarle County","Asian","Algebra I",100,16
"2021-2022",NA,"Albemarle County","Asian","Geometry",100,27
"2021-2022",NA,"Albemarle County","Asian","Mathematics",NA,NA
"2021-2022",NA,"Albemarle County","Black","Algebra I",82.86,35
"2021-2022",NA,"Albemarle County","Black","Geometry",NA,NA
"2021-2022",NA,"Albemarle County","Black","Mathematics",16.88,77
"2021-2022",NA,"Albemarle County","Hispanic","Algebra I",87.5,56
"2021-2022",NA,"Albemarle County","Hispanic","Geometry",NA,NA
"2021-2022",NA,"Albemarle County","Hispanic","Mathematics",25.25,99
"2021-2022",NA,"Albemarle County","White","Algebra I",86.38,213
"2021-2022",NA,"Albemarle County","White","Geometry",98.32,238
"2021-2022",NA,"Albemarle County","White","Mathematics",38.64,176
"2021-2022",NA,"Albemarle County","Native Hawaiian  or Pacific Islander","Geometry",NA,NA
"2021-2022",NA,"Albemarle County","Multiple Races","Algebra I",100,20
"2021-2022",NA,"Albemarle County","Multiple Races","Geometry",100,19
"2021-2022",NA,"Albemarle County","Multiple Races","Mathematics",38.89,36
"2021-2022",890,"Community Lab School (Formerly: Murray School, Murray High)","All Students","Algebra I",NA,NA
"2021-2022",890,"Community Lab School (Formerly: Murray School, Murray High)","All Students","Geometry",NA,NA
"2021-2022",890,"Community Lab School (Formerly: Murray School, Murray High)","All Students","Mathematics",91.67,12
"2021-2022",890,"Community Lab School (Formerly: Murray School, Murray High)","Economically Advantaged","Algebra I",NA,NA
"2021-2022",890,"Community Lab School (Formerly: Murray School, Murray High)","Economically Disadvantaged","Algebra I",NA,NA
"2021-2022",890,"Community Lab School (Formerly: Murray School, Murray High)","Economically Advantaged","Geometry",NA,NA
"2021-2022",890,"Community Lab School (Formerly: Murray School, Murray High)","Economically Advantaged","Mathematics",90.91,11
"2021-2022",890,"Community Lab School (Formerly: Murray School, Murray High)","Economically Disadvantaged","Mathematics",NA,NA
"2021-2022",890,"Community Lab School (Formerly: Murray School, Murray High)","Non-English Learners","Algebra I",NA,NA
"2021-2022",890,"Community Lab School (Formerly: Murray School, Murray High)","Non-English Learners","Geometry",NA,NA
"2021-2022",890,"Community Lab School (Formerly: Murray School, Murray High)","Non-English Learners","Mathematics",100,10
"2021-2022",890,"Community Lab School (Formerly: Murray School, Murray High)","English Learners","Mathematics",NA,NA
"2021-2022",890,"Community Lab School (Formerly: Murray School, Murray High)","Black","Mathematics",NA,NA
"2021-2022",890,"Community Lab School (Formerly: Murray School, Murray High)","Hispanic","Algebra I",NA,NA
"2021-2022",890,"Community Lab School (Formerly: Murray School, Murray High)","Hispanic","Mathematics",NA,NA
"2021-2022",890,"Community Lab School (Formerly: Murray School, Murray High)","Multiple Races","Mathematics",NA,NA
"2021-2022",890,"Community Lab School (Formerly: Murray School, Murray High)","White","Algebra I",NA,NA
"2021-2022",890,"Community Lab School (Formerly: Murray School, Murray High)","White","Geometry",NA,NA
"2021-2022",890,"Community Lab School (Formerly: Murray School, Murray High)","White","Mathematics",NA,NA
"2021-2022",950,"Journey Middle (Formerly: Jack Jouett Middle)","All Students","Algebra I",92.05,88
"2021-2022",950,"Journey Middle (Formerly: Jack Jouett Middle)","All Students","Geometry",96.88,32
"2021-2022",950,"Journey Middle (Formerly: Jack Jouett Middle)","All Students","Mathematics",20.34,118
"2021-2022",950,"Journey Middle (Formerly: Jack Jouett Middle)","Economically Advantaged","Algebra I",92.59,54
"2021-2022",950,"Journey Middle (Formerly: Jack Jouett Middle)","Economically Disadvantaged","Algebra I",91.18,34
"2021-2022",950,"Journey Middle (Formerly: Jack Jouett Middle)","Economically Advantaged","Geometry",96.67,30
"2021-2022",950,"Journey Middle (Formerly: Jack Jouett Middle)","Economically Disadvantaged","Geometry",NA,NA
"2021-2022",950,"Journey Middle (Formerly: Jack Jouett Middle)","Economically Advantaged","Mathematics",30.61,49
"2021-2022",950,"Journey Middle (Formerly: Jack Jouett Middle)","Economically Disadvantaged","Mathematics",13.04,69
"2021-2022",950,"Journey Middle (Formerly: Jack Jouett Middle)","Non-English Learners","Algebra I",90.67,75
"2021-2022",950,"Journey Middle (Formerly: Jack Jouett Middle)","English Learners","Algebra I",NA,NA
"2021-2022",950,"Journey Middle (Formerly: Jack Jouett Middle)","Non-English Learners","Geometry",96.88,32
"2021-2022",950,"Journey Middle (Formerly: Jack Jouett Middle)","Non-English Learners","Mathematics",31.82,66
"2021-2022",950,"Journey Middle (Formerly: Jack Jouett Middle)","English Learners","Mathematics",0,44
"2021-2022",950,"Journey Middle (Formerly: Jack Jouett Middle)","American Indian","Algebra I",NA,NA
"2021-2022",950,"Journey Middle (Formerly: Jack Jouett Middle)","Asian","Algebra I",NA,NA
"2021-2022",950,"Journey Middle (Formerly: Jack Jouett Middle)","Asian","Geometry",NA,NA
"2021-2022",950,"Journey Middle (Formerly: Jack Jouett Middle)","Asian","Mathematics",NA,NA
"2021-2022",950,"Journey Middle (Formerly: Jack Jouett Middle)","Black","Algebra I",80,10
"2021-2022",950,"Journey Middle (Formerly: Jack Jouett Middle)","Black","Geometry",NA,NA
"2021-2022",950,"Journey Middle (Formerly: Jack Jouett Middle)","Black","Mathematics",13.33,30
"2021-2022",950,"Journey Middle (Formerly: Jack Jouett Middle)","Hispanic","Algebra I",84.21,19
"2021-2022",950,"Journey Middle (Formerly: Jack Jouett Middle)","Hispanic","Mathematics",9.09,44
"2021-2022",950,"Journey Middle (Formerly: Jack Jouett Middle)","Multiple Races","Algebra I",NA,NA
"2021-2022",950,"Journey Middle (Formerly: Jack Jouett Middle)","Multiple Races","Geometry",NA,NA
"2021-2022",950,"Journey Middle (Formerly: Jack Jouett Middle)","Multiple Races","Mathematics",NA,13
"2021-2022",950,"Journey Middle (Formerly: Jack Jouett Middle)","White","Algebra I",95.35,43
"2021-2022",950,"Journey Middle (Formerly: Jack Jouett Middle)","White","Geometry",96.43,28
"2021-2022",950,"Journey Middle (Formerly: Jack Jouett Middle)","White","Mathematics",46.15,26
"2021-2022",69,"Jackson P. Burley Middle","All Students","Algebra I",87.14,70
"2021-2022",69,"Jackson P. Burley Middle","All Students","Geometry",100,45
"2021-2022",69,"Jackson P. Burley Middle","All Students","Mathematics",13.1,84
"2021-2022",69,"Jackson P. Burley Middle","Economically Advantaged","Algebra I",91.67,48
"2021-2022",69,"Jackson P. Burley Middle","Economically Disadvantaged","Algebra I",77.27,22
"2021-2022",69,"Jackson P. Burley Middle","Economically Advantaged","Geometry",100,39
"2021-2022",69,"Jackson P. Burley Middle","Economically Disadvantaged","Geometry",NA,NA
"2021-2022",69,"Jackson P. Burley Middle","Economically Advantaged","Mathematics",13.51,37
"2021-2022",69,"Jackson P. Burley Middle","Economically Disadvantaged","Mathematics",12.77,47
"2021-2022",69,"Jackson P. Burley Middle","Non-English Learners","Algebra I",88.14,59
"2021-2022",69,"Jackson P. Burley Middle","English Learners","Algebra I",NA,NA
"2021-2022",69,"Jackson P. Burley Middle","Non-English Learners","Geometry",100,42
"2021-2022",69,"Jackson P. Burley Middle","English Learners","Geometry",NA,NA
"2021-2022",69,"Jackson P. Burley Middle","Non-English Learners","Mathematics",13.11,61
"2021-2022",69,"Jackson P. Burley Middle","English Learners","Mathematics",NA,14
"2021-2022",69,"Jackson P. Burley Middle","Asian","Algebra I",NA,NA
"2021-2022",69,"Jackson P. Burley Middle","Asian","Geometry",NA,NA
"2021-2022",69,"Jackson P. Burley Middle","Asian","Mathematics",NA,NA
"2021-2022",69,"Jackson P. Burley Middle","Black","Algebra I",76.92,13
"2021-2022",69,"Jackson P. Burley Middle","Black","Geometry",NA,NA
"2021-2022",69,"Jackson P. Burley Middle","Black","Mathematics",3.57,28
"2021-2022",69,"Jackson P. Burley Middle","Hispanic","Algebra I",93.75,16
"2021-2022",69,"Jackson P. Burley Middle","Hispanic","Geometry",NA,NA
"2021-2022",69,"Jackson P. Burley Middle","Hispanic","Mathematics",19.23,26
"2021-2022",69,"Jackson P. Burley Middle","Multiple Races","Algebra I",NA,NA
"2021-2022",69,"Jackson P. Burley Middle","Multiple Races","Geometry",NA,NA
"2021-2022",69,"Jackson P. Burley Middle","Multiple Races","Mathematics",NA,NA
"2021-2022",69,"Jackson P. Burley Middle","White","Algebra I",85.71,35
"2021-2022",69,"Jackson P. Burley Middle","White","Geometry",100,33
"2021-2022",69,"Jackson P. Burley Middle","White","Mathematics",17.39,23
"2021-2022",942,"Joseph T. Henley Middle","All Students","Algebra I",83.33,78
"2021-2022",942,"Joseph T. Henley Middle","All Students","Geometry",99.19,123
"2021-2022",942,"Joseph T. Henley Middle","All Students","Mathematics",31.11,90
"2021-2022",942,"Joseph T. Henley Middle","Economically Advantaged","Algebra I",82.19,73
"2021-2022",942,"Joseph T. Henley Middle","Economically Disadvantaged","Algebra I",NA,NA
"2021-2022",942,"Joseph T. Henley Middle","Economically Advantaged","Geometry",99.17,121
"2021-2022",942,"Joseph T. Henley Middle","Economically Disadvantaged","Geometry",NA,NA
"2021-2022",942,"Joseph T. Henley Middle","Economically Advantaged","Mathematics",43.4,53
"2021-2022",942,"Joseph T. Henley Middle","Economically Disadvantaged","Mathematics",13.51,37
"2021-2022",942,"Joseph T. Henley Middle","Non-English Learners","Algebra I",83.12,77
"2021-2022",942,"Joseph T. Henley Middle","Non-English Learners","Geometry",99.19,123
"2021-2022",942,"Joseph T. Henley Middle","Non-English Learners","Mathematics",30.59,85
"2021-2022",942,"Joseph T. Henley Middle","English Learners","Mathematics",NA,NA
"2021-2022",942,"Joseph T. Henley Middle","American Indian","Mathematics",NA,NA
"2021-2022",942,"Joseph T. Henley Middle","Asian","Algebra I",NA,NA
"2021-2022",942,"Joseph T. Henley Middle","Asian","Geometry",NA,NA
"2021-2022",942,"Joseph T. Henley Middle","Black","Algebra I",NA,NA
"2021-2022",942,"Joseph T. Henley Middle","Black","Geometry",NA,NA
"2021-2022",942,"Joseph T. Henley Middle","Black","Mathematics",NA,NA
"2021-2022",942,"Joseph T. Henley Middle","Hispanic","Algebra I",NA,NA
"2021-2022",942,"Joseph T. Henley Middle","Hispanic","Geometry",NA,NA
"2021-2022",942,"Joseph T. Henley Middle","Hispanic","Mathematics",NA,11
"2021-2022",942,"Joseph T. Henley Middle","Native Hawaiian  or Pacific Islander","Geometry",NA,NA
"2021-2022",942,"Joseph T. Henley Middle","Multiple Races","Algebra I",NA,NA
"2021-2022",942,"Joseph T. Henley Middle","Multiple Races","Geometry",NA,NA
"2021-2022",942,"Joseph T. Henley Middle","Multiple Races","Mathematics",NA,NA
"2021-2022",942,"Joseph T. Henley Middle","White","Algebra I",80,65
"2021-2022",942,"Joseph T. Henley Middle","White","Geometry",99.03,103
"2021-2022",942,"Joseph T. Henley Middle","White","Mathematics",31.82,66
"2021-2022",1051,"Lakeside Middle (Formerly: Mortimer Y. Sutherland Middle)","All Students","Algebra I",91.04,67
"2021-2022",1051,"Lakeside Middle (Formerly: Mortimer Y. Sutherland Middle)","All Students","Geometry",98.63,73
"2021-2022",1051,"Lakeside Middle (Formerly: Mortimer Y. Sutherland Middle)","All Students","Mathematics",50,40
"2021-2022",1051,"Lakeside Middle (Formerly: Mortimer Y. Sutherland Middle)","Economically Advantaged","Algebra I",90.38,52
"2021-2022",1051,"Lakeside Middle (Formerly: Mortimer Y. Sutherland Middle)","Economically Disadvantaged","Algebra I",93.33,15
"2021-2022",1051,"Lakeside Middle (Formerly: Mortimer Y. Sutherland Middle)","Economically Advantaged","Geometry",98.53,68
"2021-2022",1051,"Lakeside Middle (Formerly: Mortimer Y. Sutherland Middle)","Economically Disadvantaged","Geometry",NA,NA
"2021-2022",1051,"Lakeside Middle (Formerly: Mortimer Y. Sutherland Middle)","Economically Advantaged","Mathematics",44,25
"2021-2022",1051,"Lakeside Middle (Formerly: Mortimer Y. Sutherland Middle)","Economically Disadvantaged","Mathematics",60,15
"2021-2022",1051,"Lakeside Middle (Formerly: Mortimer Y. Sutherland Middle)","Non-English Learners","Algebra I",89.83,59
"2021-2022",1051,"Lakeside Middle (Formerly: Mortimer Y. Sutherland Middle)","English Learners","Algebra I",NA,NA
"2021-2022",1051,"Lakeside Middle (Formerly: Mortimer Y. Sutherland Middle)","Non-English Learners","Geometry",98.57,70
"2021-2022",1051,"Lakeside Middle (Formerly: Mortimer Y. Sutherland Middle)","English Learners","Geometry",NA,NA
"2021-2022",1051,"Lakeside Middle (Formerly: Mortimer Y. Sutherland Middle)","Non-English Learners","Mathematics",51.52,33
"2021-2022",1051,"Lakeside Middle (Formerly: Mortimer Y. Sutherland Middle)","English Learners","Mathematics",NA,NA
"2021-2022",1051,"Lakeside Middle (Formerly: Mortimer Y. Sutherland Middle)","American Indian","Geometry",NA,NA
"2021-2022",1051,"Lakeside Middle (Formerly: Mortimer Y. Sutherland Middle)","Asian","Algebra I",NA,NA
"2021-2022",1051,"Lakeside Middle (Formerly: Mortimer Y. Sutherland Middle)","Asian","Geometry",100,10
"2021-2022",1051,"Lakeside Middle (Formerly: Mortimer Y. Sutherland Middle)","Asian","Mathematics",NA,NA
"2021-2022",1051,"Lakeside Middle (Formerly: Mortimer Y. Sutherland Middle)","Black","Algebra I",NA,NA
"2021-2022",1051,"Lakeside Middle (Formerly: Mortimer Y. Sutherland Middle)","Black","Geometry",NA,NA
"2021-2022",1051,"Lakeside Middle (Formerly: Mortimer Y. Sutherland Middle)","Black","Mathematics",NA,NA
"2021-2022",1051,"Lakeside Middle (Formerly: Mortimer Y. Sutherland Middle)","Hispanic","Algebra I",81.82,11
"2021-2022",1051,"Lakeside Middle (Formerly: Mortimer Y. Sutherland Middle)","Hispanic","Geometry",NA,NA
"2021-2022",1051,"Lakeside Middle (Formerly: Mortimer Y. Sutherland Middle)","Hispanic","Mathematics",NA,NA
"2021-2022",1051,"Lakeside Middle (Formerly: Mortimer Y. Sutherland Middle)","Multiple Races","Algebra I",NA,NA
"2021-2022",1051,"Lakeside Middle (Formerly: Mortimer Y. Sutherland Middle)","Multiple Races","Geometry",NA,NA
"2021-2022",1051,"Lakeside Middle (Formerly: Mortimer Y. Sutherland Middle)","Multiple Races","Mathematics",NA,NA
"2021-2022",1051,"Lakeside Middle (Formerly: Mortimer Y. Sutherland Middle)","White","Algebra I",89.74,39
"2021-2022",1051,"Lakeside Middle (Formerly: Mortimer Y. Sutherland Middle)","White","Geometry",97.87,47
"2021-2022",1051,"Lakeside Middle (Formerly: Mortimer Y. Sutherland Middle)","White","Mathematics",51.85,27
"2021-2022",20,"Leslie H. Walton Middle","All Students","Algebra I",80.65,31
"2021-2022",20,"Leslie H. Walton Middle","All Students","Geometry",96,25
"2021-2022",20,"Leslie H. Walton Middle","All Students","Mathematics",60,45
"2021-2022",20,"Leslie H. Walton Middle","Economically Advantaged","Algebra I",81.82,22
"2021-2022",20,"Leslie H. Walton Middle","Economically Disadvantaged","Algebra I",NA,NA
"2021-2022",20,"Leslie H. Walton Middle","Economically Advantaged","Geometry",95.24,21
"2021-2022",20,"Leslie H. Walton Middle","Economically Disadvantaged","Geometry",NA,NA
"2021-2022",20,"Leslie H. Walton Middle","Economically Advantaged","Mathematics",66.67,18
"2021-2022",20,"Leslie H. Walton Middle","Economically Disadvantaged","Mathematics",55.56,27
"2021-2022",20,"Leslie H. Walton Middle","Non-English Learners","Algebra I",79.31,29
"2021-2022",20,"Leslie H. Walton Middle","Non-English Learners","Geometry",95.83,24
"2021-2022",20,"Leslie H. Walton Middle","Non-English Learners","Mathematics",58.97,39
"2021-2022",20,"Leslie H. Walton Middle","English Learners","Mathematics",NA,NA
"2021-2022",20,"Leslie H. Walton Middle","Asian","Geometry",NA,NA
"2021-2022",20,"Leslie H. Walton Middle","Asian","Mathematics",NA,NA
"2021-2022",20,"Leslie H. Walton Middle","Black","Algebra I",NA,NA
"2021-2022",20,"Leslie H. Walton Middle","Black","Mathematics",NA,NA
"2021-2022",20,"Leslie H. Walton Middle","Hispanic","Algebra I",NA,NA
"2021-2022",20,"Leslie H. Walton Middle","Hispanic","Mathematics",NA,NA
"2021-2022",20,"Leslie H. Walton Middle","Multiple Races","Algebra I",NA,NA
"2021-2022",20,"Leslie H. Walton Middle","Multiple Races","Geometry",NA,NA
"2021-2022",20,"Leslie H. Walton Middle","Multiple Races","Mathematics",NA,NA
"2021-2022",20,"Leslie H. Walton Middle","White","Algebra I",84,25
"2021-2022",20,"Leslie H. Walton Middle","White","Geometry",95.45,22
"2021-2022",20,"Leslie H. Walton Middle","White","Mathematics",46.15,26
"2021-2022",NA,"Virginia","All Students","Algebra I",89.48,30796
"2021-2022",NA,"Virginia","All Students","Geometry",95.76,11836
"2021-2022",NA,"Virginia","All Students","Mathematics",46.02,52820
"2021-2022",NA,"Virginia","Economically Advantaged","Algebra I",92.73,20935
"2021-2022",NA,"Virginia","Economically Advantaged","Geometry",96.77,10012
"2021-2022",NA,"Virginia","Economically Advantaged","Mathematics",55.29,23854
"2021-2022",NA,"Virginia","Economically Disadvantaged","Algebra I",82.57,9861
"2021-2022",NA,"Virginia","Economically Disadvantaged","Geometry",90.19,1824
"2021-2022",NA,"Virginia","Economically Disadvantaged","Mathematics",38.38,28966
"2021-2022",NA,"Virginia","Non-English Learners","Algebra I",90.9,27798
"2021-2022",NA,"Virginia","Non-English Learners","Geometry",95.81,11492
"2021-2022",NA,"Virginia","Non-English Learners","Mathematics",49.24,43411
"2021-2022",NA,"Virginia","English Learners","Algebra I",52.44,944
"2021-2022",NA,"Virginia","English Learners","Geometry",79.55,44
"2021-2022",NA,"Virginia","English Learners","Mathematics",19.51,5719
"2021-2022",NA,"Virginia","American Indian","Algebra I",87.88,66
"2021-2022",NA,"Virginia","American Indian","Geometry",100,35
"2021-2022",NA,"Virginia","American Indian","Mathematics",42.76,145
"2021-2022",NA,"Virginia","Asian","Algebra I",95.68,2871
"2021-2022",NA,"Virginia","Asian","Geometry",97.36,2647
"2021-2022",NA,"Virginia","Asian","Mathematics",61.09,1858
"2021-2022",NA,"Virginia","Black","Algebra I",81.22,5703
"2021-2022",NA,"Virginia","Black","Geometry",85.85,1286
"2021-2022",NA,"Virginia","Black","Mathematics",35.02,13981
"2021-2022",NA,"Virginia","Hispanic","Algebra I",82.45,4776
"2021-2022",NA,"Virginia","Hispanic","Geometry",94.46,885
"2021-2022",NA,"Virginia","Hispanic","Mathematics",37.48,11691
"2021-2022",NA,"Virginia","White","Algebra I",93.3,15477
"2021-2022",NA,"Virginia","White","Geometry",97.15,6107
"2021-2022",NA,"Virginia","White","Mathematics",55.91,21969
"2021-2022",NA,"Virginia","Native Hawaiian  or Pacific Islander","Algebra I",98,50
"2021-2022",NA,"Virginia","Native Hawaiian  or Pacific Islander","Geometry",90.48,21
"2021-2022",NA,"Virginia","Native Hawaiian  or Pacific Islander","Mathematics",49.45,91
"2021-2022",NA,"Virginia","Multiple Races","Algebra I",91.26,1853
"2021-2022",NA,"Virginia","Multiple Races","Geometry",97.08,855
"2021-2022",NA,"Virginia","Multiple Races","Mathematics",48.75,3085
"2022-2023",NA,"Albemarle County","All Students","Algebra I",90.09,323
"2022-2023",NA,"Albemarle County","All Students","Geometry",98.9,273
"2022-2023",NA,"Albemarle County","All Students","Mathematics",37.79,434
"2022-2023",NA,"Albemarle County","Economically Advantaged","Algebra I",92.18,243
"2022-2023",NA,"Albemarle County","Economically Advantaged","Geometry",99.2,251
"2022-2023",NA,"Albemarle County","Economically Advantaged","Mathematics",52.36,191
"2022-2023",NA,"Albemarle County","Economically Disadvantaged","Algebra I",83.75,80
"2022-2023",NA,"Albemarle County","Economically Disadvantaged","Geometry",95.45,22
"2022-2023",NA,"Albemarle County","Economically Disadvantaged","Mathematics",26.34,243
"2022-2023",NA,"Albemarle County","Non-English Learners","Algebra I",90,300
"2022-2023",NA,"Albemarle County","Non-English Learners","Geometry",98.89,270
"2022-2023",NA,"Albemarle County","Non-English Learners","Mathematics",43.28,335
"2022-2023",NA,"Albemarle County","English Learners","Algebra I",NA,NA
"2022-2023",NA,"Albemarle County","English Learners","Geometry",NA,NA
"2022-2023",NA,"Albemarle County","English Learners","Mathematics",12.68,71
"2022-2023",NA,"Albemarle County","American Indian","Algebra I",NA,NA
"2022-2023",NA,"Albemarle County","Asian","Algebra I",94.74,19
"2022-2023",NA,"Albemarle County","Asian","Geometry",100,24
"2022-2023",NA,"Albemarle County","Asian","Mathematics",NA,16
"2022-2023",NA,"Albemarle County","Black","Algebra I",81.48,27
"2022-2023",NA,"Albemarle County","Black","Geometry",NA,NA
"2022-2023",NA,"Albemarle County","Black","Mathematics",25,88
"2022-2023",NA,"Albemarle County","Hispanic","Algebra I",85,40
"2022-2023",NA,"Albemarle County","Hispanic","Geometry",100,10
"2022-2023",NA,"Albemarle County","Hispanic","Mathematics",27.19,114
"2022-2023",NA,"Albemarle County","White","Algebra I",92.56,215
"2022-2023",NA,"Albemarle County","White","Geometry",99.08,217
"2022-2023",NA,"Albemarle County","White","Mathematics",51.93,181
"2022-2023",NA,"Albemarle County","Native Hawaiian  or Pacific Islander","Algebra I",NA,NA
"2022-2023",NA,"Albemarle County","Multiple Races","Algebra I",84.21,19
"2022-2023",NA,"Albemarle County","Multiple Races","Geometry",100,14
"2022-2023",NA,"Albemarle County","Multiple Races","Mathematics",31.43,35
"2022-2023",890,"Community Lab School (Formerly: Murray School, Murray High)","All Students","Algebra I",NA,NA
"2022-2023",890,"Community Lab School (Formerly: Murray School, Murray High)","All Students","Geometry",100,15
"2022-2023",890,"Community Lab School (Formerly: Murray School, Murray High)","All Students","Mathematics",92.31,13
"2022-2023",890,"Community Lab School (Formerly: Murray School, Murray High)","Economically Advantaged","Algebra I",NA,NA
"2022-2023",890,"Community Lab School (Formerly: Murray School, Murray High)","Economically Advantaged","Geometry",100,14
"2022-2023",890,"Community Lab School (Formerly: Murray School, Murray High)","Economically Disadvantaged","Geometry",NA,NA
"2022-2023",890,"Community Lab School (Formerly: Murray School, Murray High)","Economically Advantaged","Mathematics",90.91,11
"2022-2023",890,"Community Lab School (Formerly: Murray School, Murray High)","Economically Disadvantaged","Mathematics",NA,NA
"2022-2023",890,"Community Lab School (Formerly: Murray School, Murray High)","Non-English Learners","Algebra I",NA,NA
"2022-2023",890,"Community Lab School (Formerly: Murray School, Murray High)","Non-English Learners","Geometry",100,15
"2022-2023",890,"Community Lab School (Formerly: Murray School, Murray High)","Non-English Learners","Mathematics",91.67,12
"2022-2023",890,"Community Lab School (Formerly: Murray School, Murray High)","Asian","Geometry",NA,NA
"2022-2023",890,"Community Lab School (Formerly: Murray School, Murray High)","Black","Mathematics",NA,NA
"2022-2023",890,"Community Lab School (Formerly: Murray School, Murray High)","Hispanic","Algebra I",NA,NA
"2022-2023",890,"Community Lab School (Formerly: Murray School, Murray High)","Hispanic","Geometry",NA,NA
"2022-2023",890,"Community Lab School (Formerly: Murray School, Murray High)","Hispanic","Mathematics",NA,NA
"2022-2023",890,"Community Lab School (Formerly: Murray School, Murray High)","Multiple Races","Algebra I",NA,NA
"2022-2023",890,"Community Lab School (Formerly: Murray School, Murray High)","Multiple Races","Mathematics",NA,NA
"2022-2023",890,"Community Lab School (Formerly: Murray School, Murray High)","White","Algebra I",NA,NA
"2022-2023",890,"Community Lab School (Formerly: Murray School, Murray High)","White","Geometry",100,13
"2022-2023",890,"Community Lab School (Formerly: Murray School, Murray High)","White","Mathematics",NA,NA
"2022-2023",69,"Jackson P. Burley Middle","All Students","Algebra I",100,46
"2022-2023",69,"Jackson P. Burley Middle","All Students","Geometry",100,56
"2022-2023",69,"Jackson P. Burley Middle","All Students","Mathematics",31.19,109
"2022-2023",69,"Jackson P. Burley Middle","Economically Advantaged","Algebra I",100,28
"2022-2023",69,"Jackson P. Burley Middle","Economically Disadvantaged","Algebra I",100,18
"2022-2023",69,"Jackson P. Burley Middle","Economically Advantaged","Geometry",100,50
"2022-2023",69,"Jackson P. Burley Middle","Economically Disadvantaged","Geometry",NA,NA
"2022-2023",69,"Jackson P. Burley Middle","Economically Advantaged","Mathematics",52.78,36
"2022-2023",69,"Jackson P. Burley Middle","Economically Disadvantaged","Mathematics",20.55,73
"2022-2023",69,"Jackson P. Burley Middle","Non-English Learners","Algebra I",100,40
"2022-2023",69,"Jackson P. Burley Middle","English Learners","Algebra I",NA,NA
"2022-2023",69,"Jackson P. Burley Middle","Non-English Learners","Geometry",100,56
"2022-2023",69,"Jackson P. Burley Middle","Non-English Learners","Mathematics",35.82,67
"2022-2023",69,"Jackson P. Burley Middle","English Learners","Mathematics",14.81,27
"2022-2023",69,"Jackson P. Burley Middle","Asian","Algebra I",NA,NA
"2022-2023",69,"Jackson P. Burley Middle","Asian","Geometry",NA,NA
"2022-2023",69,"Jackson P. Burley Middle","Asian","Mathematics",NA,NA
"2022-2023",69,"Jackson P. Burley Middle","Black","Algebra I",NA,NA
"2022-2023",69,"Jackson P. Burley Middle","Black","Geometry",NA,NA
"2022-2023",69,"Jackson P. Burley Middle","Black","Mathematics",26.09,23
"2022-2023",69,"Jackson P. Burley Middle","Hispanic","Algebra I",NA,NA
"2022-2023",69,"Jackson P. Burley Middle","Hispanic","Geometry",NA,NA
"2022-2023",69,"Jackson P. Burley Middle","Hispanic","Mathematics",23.91,46
"2022-2023",69,"Jackson P. Burley Middle","Native Hawaiian  or Pacific Islander","Algebra I",NA,NA
"2022-2023",69,"Jackson P. Burley Middle","Multiple Races","Algebra I",NA,NA
"2022-2023",69,"Jackson P. Burley Middle","Multiple Races","Geometry",NA,NA
"2022-2023",69,"Jackson P. Burley Middle","Multiple Races","Mathematics",NA,10
"2022-2023",69,"Jackson P. Burley Middle","White","Algebra I",100,23
"2022-2023",69,"Jackson P. Burley Middle","White","Geometry",100,43
"2022-2023",69,"Jackson P. Burley Middle","White","Mathematics",54.17,24
"2022-2023",942,"Joseph T. Henley Middle","All Students","Algebra I",95.24,105
"2022-2023",942,"Joseph T. Henley Middle","All Students","Geometry",98.53,68
"2022-2023",942,"Joseph T. Henley Middle","All Students","Mathematics",44.94,89
"2022-2023",942,"Joseph T. Henley Middle","Economically Advantaged","Algebra I",94.79,96
"2022-2023",942,"Joseph T. Henley Middle","Economically Disadvantaged","Algebra I",NA,NA
"2022-2023",942,"Joseph T. Henley Middle","Economically Advantaged","Geometry",98.53,68
"2022-2023",942,"Joseph T. Henley Middle","Economically Advantaged","Mathematics",52.38,63
"2022-2023",942,"Joseph T. Henley Middle","Economically Disadvantaged","Mathematics",26.92,26
"2022-2023",942,"Joseph T. Henley Middle","Non-English Learners","Algebra I",95.24,105
"2022-2023",942,"Joseph T. Henley Middle","Non-English Learners","Geometry",98.53,68
"2022-2023",942,"Joseph T. Henley Middle","Non-English Learners","Mathematics",47.06,85
"2022-2023",942,"Joseph T. Henley Middle","English Learners","Mathematics",NA,NA
"2022-2023",942,"Joseph T. Henley Middle","Asian","Algebra I",NA,NA
"2022-2023",942,"Joseph T. Henley Middle","Asian","Geometry",NA,NA
"2022-2023",942,"Joseph T. Henley Middle","Asian","Mathematics",NA,NA
"2022-2023",942,"Joseph T. Henley Middle","Black","Algebra I",NA,NA
"2022-2023",942,"Joseph T. Henley Middle","Black","Mathematics",NA,NA
"2022-2023",942,"Joseph T. Henley Middle","Hispanic","Algebra I",NA,NA
"2022-2023",942,"Joseph T. Henley Middle","Hispanic","Geometry",NA,NA
"2022-2023",942,"Joseph T. Henley Middle","Hispanic","Mathematics",NA,10
"2022-2023",942,"Joseph T. Henley Middle","Multiple Races","Algebra I",NA,NA
"2022-2023",942,"Joseph T. Henley Middle","Multiple Races","Geometry",NA,NA
"2022-2023",942,"Joseph T. Henley Middle","Multiple Races","Mathematics",NA,NA
"2022-2023",942,"Joseph T. Henley Middle","White","Algebra I",95.6,91
"2022-2023",942,"Joseph T. Henley Middle","White","Geometry",98.31,59
"2022-2023",942,"Joseph T. Henley Middle","White","Mathematics",47.3,74
"2022-2023",950,"Journey Middle (Formerly: Jack Jouett Middle)","All Students","Algebra I",80.88,68
"2022-2023",950,"Journey Middle (Formerly: Jack Jouett Middle)","All Students","Geometry",97.62,42
"2022-2023",950,"Journey Middle (Formerly: Jack Jouett Middle)","All Students","Mathematics",25.42,118
"2022-2023",950,"Journey Middle (Formerly: Jack Jouett Middle)","Economically Advantaged","Algebra I",84.62,39
"2022-2023",950,"Journey Middle (Formerly: Jack Jouett Middle)","Economically Disadvantaged","Algebra I",75.86,29
"2022-2023",950,"Journey Middle (Formerly: Jack Jouett Middle)","Economically Advantaged","Geometry",100,33
"2022-2023",950,"Journey Middle (Formerly: Jack Jouett Middle)","Economically Disadvantaged","Geometry",NA,NA
"2022-2023",950,"Journey Middle (Formerly: Jack Jouett Middle)","Economically Advantaged","Mathematics",30,30
"2022-2023",950,"Journey Middle (Formerly: Jack Jouett Middle)","Economically Disadvantaged","Mathematics",23.86,88
"2022-2023",950,"Journey Middle (Formerly: Jack Jouett Middle)","Non-English Learners","Algebra I",78.95,57
"2022-2023",950,"Journey Middle (Formerly: Jack Jouett Middle)","English Learners","Algebra I",NA,NA
"2022-2023",950,"Journey Middle (Formerly: Jack Jouett Middle)","Non-English Learners","Geometry",97.56,41
"2022-2023",950,"Journey Middle (Formerly: Jack Jouett Middle)","Non-English Learners","Mathematics",30.38,79
"2022-2023",950,"Journey Middle (Formerly: Jack Jouett Middle)","English Learners","Mathematics",13.33,30
"2022-2023",950,"Journey Middle (Formerly: Jack Jouett Middle)","American Indian","Algebra I",NA,NA
"2022-2023",950,"Journey Middle (Formerly: Jack Jouett Middle)","Asian","Algebra I",NA,NA
"2022-2023",950,"Journey Middle (Formerly: Jack Jouett Middle)","Asian","Geometry",NA,NA
"2022-2023",950,"Journey Middle (Formerly: Jack Jouett Middle)","Asian","Mathematics",NA,NA
"2022-2023",950,"Journey Middle (Formerly: Jack Jouett Middle)","Black","Algebra I",61.54,13
"2022-2023",950,"Journey Middle (Formerly: Jack Jouett Middle)","Black","Geometry",NA,NA
"2022-2023",950,"Journey Middle (Formerly: Jack Jouett Middle)","Black","Mathematics",17.5,40
"2022-2023",950,"Journey Middle (Formerly: Jack Jouett Middle)","Hispanic","Algebra I",88.24,17
"2022-2023",950,"Journey Middle (Formerly: Jack Jouett Middle)","Hispanic","Geometry",NA,NA
"2022-2023",950,"Journey Middle (Formerly: Jack Jouett Middle)","Hispanic","Mathematics",28.95,38
"2022-2023",950,"Journey Middle (Formerly: Jack Jouett Middle)","Multiple Races","Algebra I",NA,NA
"2022-2023",950,"Journey Middle (Formerly: Jack Jouett Middle)","Multiple Races","Geometry",NA,NA
"2022-2023",950,"Journey Middle (Formerly: Jack Jouett Middle)","Multiple Races","Mathematics",NA,17
"2022-2023",950,"Journey Middle (Formerly: Jack Jouett Middle)","White","Algebra I",82.76,29
"2022-2023",950,"Journey Middle (Formerly: Jack Jouett Middle)","White","Geometry",100,31
"2022-2023",950,"Journey Middle (Formerly: Jack Jouett Middle)","White","Mathematics",NA,17
"2022-2023",1051,"Lakeside Middle (Formerly: Mortimer Y. Sutherland Middle)","All Students","Algebra I",95.16,62
"2022-2023",1051,"Lakeside Middle (Formerly: Mortimer Y. Sutherland Middle)","All Students","Geometry",100,55
"2022-2023",1051,"Lakeside Middle (Formerly: Mortimer Y. Sutherland Middle)","All Students","Mathematics",40.35,57
"2022-2023",1051,"Lakeside Middle (Formerly: Mortimer Y. Sutherland Middle)","Economically Advantaged","Algebra I",93.88,49
"2022-2023",1051,"Lakeside Middle (Formerly: Mortimer Y. Sutherland Middle)","Economically Disadvantaged","Algebra I",100,13
"2022-2023",1051,"Lakeside Middle (Formerly: Mortimer Y. Sutherland Middle)","Economically Advantaged","Geometry",100,53
"2022-2023",1051,"Lakeside Middle (Formerly: Mortimer Y. Sutherland Middle)","Economically Disadvantaged","Geometry",NA,NA
"2022-2023",1051,"Lakeside Middle (Formerly: Mortimer Y. Sutherland Middle)","Economically Advantaged","Mathematics",51.85,27
"2022-2023",1051,"Lakeside Middle (Formerly: Mortimer Y. Sutherland Middle)","Economically Disadvantaged","Mathematics",30,30
"2022-2023",1051,"Lakeside Middle (Formerly: Mortimer Y. Sutherland Middle)","Non-English Learners","Algebra I",94.74,57
"2022-2023",1051,"Lakeside Middle (Formerly: Mortimer Y. Sutherland Middle)","English Learners","Algebra I",NA,NA
"2022-2023",1051,"Lakeside Middle (Formerly: Mortimer Y. Sutherland Middle)","Non-English Learners","Geometry",100,54
"2022-2023",1051,"Lakeside Middle (Formerly: Mortimer Y. Sutherland Middle)","English Learners","Geometry",NA,NA
"2022-2023",1051,"Lakeside Middle (Formerly: Mortimer Y. Sutherland Middle)","Non-English Learners","Mathematics",47.92,48
"2022-2023",1051,"Lakeside Middle (Formerly: Mortimer Y. Sutherland Middle)","English Learners","Mathematics",NA,NA
"2022-2023",1051,"Lakeside Middle (Formerly: Mortimer Y. Sutherland Middle)","Asian","Algebra I",NA,NA
"2022-2023",1051,"Lakeside Middle (Formerly: Mortimer Y. Sutherland Middle)","Asian","Geometry",100,10
"2022-2023",1051,"Lakeside Middle (Formerly: Mortimer Y. Sutherland Middle)","Asian","Mathematics",NA,NA
"2022-2023",1051,"Lakeside Middle (Formerly: Mortimer Y. Sutherland Middle)","Black","Algebra I",NA,NA
"2022-2023",1051,"Lakeside Middle (Formerly: Mortimer Y. Sutherland Middle)","Black","Geometry",NA,NA
"2022-2023",1051,"Lakeside Middle (Formerly: Mortimer Y. Sutherland Middle)","Black","Mathematics",NA,13
"2022-2023",1051,"Lakeside Middle (Formerly: Mortimer Y. Sutherland Middle)","Hispanic","Algebra I",NA,NA
"2022-2023",1051,"Lakeside Middle (Formerly: Mortimer Y. Sutherland Middle)","Hispanic","Geometry",NA,NA
"2022-2023",1051,"Lakeside Middle (Formerly: Mortimer Y. Sutherland Middle)","Hispanic","Mathematics",NA,12
"2022-2023",1051,"Lakeside Middle (Formerly: Mortimer Y. Sutherland Middle)","Multiple Races","Algebra I",NA,NA
"2022-2023",1051,"Lakeside Middle (Formerly: Mortimer Y. Sutherland Middle)","Multiple Races","Geometry",NA,NA
"2022-2023",1051,"Lakeside Middle (Formerly: Mortimer Y. Sutherland Middle)","White","Algebra I",97.67,43
"2022-2023",1051,"Lakeside Middle (Formerly: Mortimer Y. Sutherland Middle)","White","Geometry",100,38
"2022-2023",1051,"Lakeside Middle (Formerly: Mortimer Y. Sutherland Middle)","White","Mathematics",58.62,29
"2022-2023",20,"Leslie H. Walton Middle","All Students","Algebra I",69.44,36
"2022-2023",20,"Leslie H. Walton Middle","All Students","Geometry",97.3,37
"2022-2023",20,"Leslie H. Walton Middle","All Students","Mathematics",59.52,42
"2022-2023",20,"Leslie H. Walton Middle","Economically Advantaged","Algebra I",80,25
"2022-2023",20,"Leslie H. Walton Middle","Economically Disadvantaged","Algebra I",NA,11
"2022-2023",20,"Leslie H. Walton Middle","Economically Advantaged","Geometry",96.97,33
"2022-2023",20,"Leslie H. Walton Middle","Economically Disadvantaged","Geometry",NA,NA
"2022-2023",20,"Leslie H. Walton Middle","Economically Advantaged","Mathematics",78.95,19
"2022-2023",20,"Leslie H. Walton Middle","Economically Disadvantaged","Mathematics",43.48,23
"2022-2023",20,"Leslie H. Walton Middle","Non-English Learners","Algebra I",71.43,35
"2022-2023",20,"Leslie H. Walton Middle","Non-English Learners","Geometry",97.22,36
"2022-2023",20,"Leslie H. Walton Middle","Non-English Learners","Mathematics",60.53,38
"2022-2023",20,"Leslie H. Walton Middle","English Learners","Mathematics",NA,NA
"2022-2023",20,"Leslie H. Walton Middle","Black","Algebra I",NA,NA
"2022-2023",20,"Leslie H. Walton Middle","Black","Geometry",NA,NA
"2022-2023",20,"Leslie H. Walton Middle","Black","Mathematics",NA,NA
"2022-2023",20,"Leslie H. Walton Middle","Hispanic","Algebra I",NA,NA
"2022-2023",20,"Leslie H. Walton Middle","Hispanic","Geometry",NA,NA
"2022-2023",20,"Leslie H. Walton Middle","Hispanic","Mathematics",NA,NA
"2022-2023",20,"Leslie H. Walton Middle","Native Hawaiian  or Pacific Islander","Algebra I",NA,NA
"2022-2023",20,"Leslie H. Walton Middle","Multiple Races","Algebra I",NA,NA
"2022-2023",20,"Leslie H. Walton Middle","Multiple Races","Geometry",NA,NA
"2022-2023",20,"Leslie H. Walton Middle","Multiple Races","Mathematics",NA,NA
"2022-2023",20,"Leslie H. Walton Middle","White","Algebra I",76.92,26
"2022-2023",20,"Leslie H. Walton Middle","White","Geometry",96.97,33
"2022-2023",20,"Leslie H. Walton Middle","White","Mathematics",56.67,30
"2022-2023",NA,"Virginia","All Students","Algebra I",89.58,32299
"2022-2023",NA,"Virginia","All Students","Geometry",95.17,10426
"2022-2023",NA,"Virginia","All Students","Mathematics",48.42,50461
"2022-2023",NA,"Virginia","Economically Advantaged","Algebra I",93.22,21988
"2022-2023",NA,"Virginia","Economically Advantaged","Geometry",96.83,8837
"2022-2023",NA,"Virginia","Economically Advantaged","Mathematics",57.73,22451
"2022-2023",NA,"Virginia","Economically Disadvantaged","Algebra I",81.83,10311
"2022-2023",NA,"Virginia","Economically Disadvantaged","Geometry",85.9,1589
"2022-2023",NA,"Virginia","Economically Disadvantaged","Mathematics",40.96,28010
"2022-2023",NA,"Virginia","Non-English Learners","Algebra I",91.12,28853
"2022-2023",NA,"Virginia","Non-English Learners","Geometry",95.39,10160
"2022-2023",NA,"Virginia","Non-English Learners","Mathematics",52.34,40973
"2022-2023",NA,"Virginia","English Learners","Algebra I",58.22,1283
"2022-2023",NA,"Virginia","English Learners","Geometry",63.41,41
"2022-2023",NA,"Virginia","English Learners","Mathematics",19.2,5777
"2022-2023",NA,"Virginia","American Indian","Algebra I",82.35,85
"2022-2023",NA,"Virginia","American Indian","Geometry",92.31,26
"2022-2023",NA,"Virginia","American Indian","Mathematics",43.92,148
"2022-2023",NA,"Virginia","Asian","Algebra I",96.46,3026
"2022-2023",NA,"Virginia","Asian","Geometry",97.85,2274
"2022-2023",NA,"Virginia","Asian","Mathematics",57.85,1898
"2022-2023",NA,"Virginia","Black","Algebra I",80.13,6005
"2022-2023",NA,"Virginia","Black","Geometry",82.95,1120
"2022-2023",NA,"Virginia","Black","Mathematics",38.61,13019
"2022-2023",NA,"Virginia","Hispanic","Algebra I",81.68,5299
"2022-2023",NA,"Virginia","Hispanic","Geometry",90.54,867
"2022-2023",NA,"Virginia","Hispanic","Mathematics",38.33,11516
"2022-2023",NA,"Virginia","White","Algebra I",94.2,15778
"2022-2023",NA,"Virginia","White","Geometry",97.27,5385
"2022-2023",NA,"Virginia","White","Mathematics",58.82,20679
"2022-2023",NA,"Virginia","Native Hawaiian  or Pacific Islander","Algebra I",91.23,57
"2022-2023",NA,"Virginia","Native Hawaiian  or Pacific Islander","Geometry",95.24,21
"2022-2023",NA,"Virginia","Native Hawaiian  or Pacific Islander","Mathematics",61.7,94
"2022-2023",NA,"Virginia","Multiple Races","Algebra I",92.29,2049
"2022-2023",NA,"Virginia","Multiple Races","Geometry",95.63,733
"2022-2023",NA,"Virginia","Multiple Races","Mathematics",51.82,3107
"2023-2024",NA,"Albemarle County","All Students","Algebra I",90.42,240
"2023-2024",NA,"Albemarle County","All Students","Geometry",95.96,297
"2023-2024",NA,"Albemarle County","All Students","Mathematics",41.44,403
"2023-2024",NA,"Albemarle County","Economically Advantaged","Algebra I",93.75,192
"2023-2024",NA,"Albemarle County","Economically Advantaged","Geometry",98.48,264
"2023-2024",NA,"Albemarle County","Economically Advantaged","Mathematics",51.16,172
"2023-2024",NA,"Albemarle County","Economically Disadvantaged","Algebra I",77.08,48
"2023-2024",NA,"Albemarle County","Economically Disadvantaged","Geometry",75.76,33
"2023-2024",NA,"Albemarle County","Economically Disadvantaged","Mathematics",34.2,231
"2023-2024",NA,"Albemarle County","Non-English Learners","Algebra I",92.13,216
"2023-2024",NA,"Albemarle County","Non-English Learners","Geometry",96.22,291
"2023-2024",NA,"Albemarle County","Non-English Learners","Mathematics",44.9,314
"2023-2024",NA,"Albemarle County","English Learners","Algebra I",75,24
"2023-2024",NA,"Albemarle County","English Learners","Geometry",NA,NA
"2023-2024",NA,"Albemarle County","English Learners","Mathematics",29.21,89
"2023-2024",NA,"Albemarle County","Asian","Algebra I",100,10
"2023-2024",NA,"Albemarle County","Asian","Geometry",100,21
"2023-2024",NA,"Albemarle County","Asian","Mathematics",NA,17
"2023-2024",NA,"Albemarle County","Black","Algebra I",82.35,17
"2023-2024",NA,"Albemarle County","Black","Geometry",80,10
"2023-2024",NA,"Albemarle County","Black","Mathematics",30.26,76
"2023-2024",NA,"Albemarle County","Hispanic","Algebra I",83.87,31
"2023-2024",NA,"Albemarle County","Hispanic","Geometry",80,25
"2023-2024",NA,"Albemarle County","Hispanic","Mathematics",32.11,109
"2023-2024",NA,"Albemarle County","White","Algebra I",92.94,170
"2023-2024",NA,"Albemarle County","White","Geometry",98.21,224
"2023-2024",NA,"Albemarle County","White","Mathematics",54.02,174
"2023-2024",NA,"Albemarle County","Multiple Races","Algebra I",75,12
"2023-2024",NA,"Albemarle County","Multiple Races","Geometry",94.12,17
"2023-2024",NA,"Albemarle County","Multiple Races","Mathematics",25.93,27
"2023-2024",890,"Community Lab School (Formerly: Murray School, Murray High)","All Students","Algebra I",NA,NA
"2023-2024",890,"Community Lab School (Formerly: Murray School, Murray High)","All Students","Geometry",100,17
"2023-2024",890,"Community Lab School (Formerly: Murray School, Murray High)","All Students","Mathematics",NA,NA
"2023-2024",890,"Community Lab School (Formerly: Murray School, Murray High)","Economically Advantaged","Algebra I",NA,NA
"2023-2024",890,"Community Lab School (Formerly: Murray School, Murray High)","Economically Advantaged","Geometry",100,16
"2023-2024",890,"Community Lab School (Formerly: Murray School, Murray High)","Economically Disadvantaged","Geometry",NA,NA
"2023-2024",890,"Community Lab School (Formerly: Murray School, Murray High)","Economically Advantaged","Mathematics",NA,NA
"2023-2024",890,"Community Lab School (Formerly: Murray School, Murray High)","Economically Disadvantaged","Mathematics",NA,NA
"2023-2024",890,"Community Lab School (Formerly: Murray School, Murray High)","Non-English Learners","Algebra I",NA,NA
"2023-2024",890,"Community Lab School (Formerly: Murray School, Murray High)","Non-English Learners","Geometry",100,17
"2023-2024",890,"Community Lab School (Formerly: Murray School, Murray High)","Non-English Learners","Mathematics",NA,NA
"2023-2024",890,"Community Lab School (Formerly: Murray School, Murray High)","Asian","Mathematics",NA,NA
"2023-2024",890,"Community Lab School (Formerly: Murray School, Murray High)","Black","Mathematics",NA,NA
"2023-2024",890,"Community Lab School (Formerly: Murray School, Murray High)","Hispanic","Geometry",NA,NA
"2023-2024",890,"Community Lab School (Formerly: Murray School, Murray High)","Hispanic","Mathematics",NA,NA
"2023-2024",890,"Community Lab School (Formerly: Murray School, Murray High)","Multiple Races","Geometry",NA,NA
"2023-2024",890,"Community Lab School (Formerly: Murray School, Murray High)","Multiple Races","Mathematics",NA,NA
"2023-2024",890,"Community Lab School (Formerly: Murray School, Murray High)","White","Algebra I",NA,NA
"2023-2024",890,"Community Lab School (Formerly: Murray School, Murray High)","White","Geometry",100,14
"2023-2024",890,"Community Lab School (Formerly: Murray School, Murray High)","White","Mathematics",NA,NA
"2023-2024",69,"Jackson P. Burley Middle","All Students","Algebra I",96.15,26
"2023-2024",69,"Jackson P. Burley Middle","All Students","Geometry",100,46
"2023-2024",69,"Jackson P. Burley Middle","All Students","Mathematics",40.2,102
"2023-2024",69,"Jackson P. Burley Middle","Economically Advantaged","Algebra I",95.24,21
"2023-2024",69,"Jackson P. Burley Middle","Economically Disadvantaged","Algebra I",NA,NA
"2023-2024",69,"Jackson P. Burley Middle","Economically Advantaged","Geometry",100,37
"2023-2024",69,"Jackson P. Burley Middle","Economically Disadvantaged","Geometry",NA,NA
"2023-2024",69,"Jackson P. Burley Middle","Economically Advantaged","Mathematics",48.39,31
"2023-2024",69,"Jackson P. Burley Middle","Economically Disadvantaged","Mathematics",36.62,71
"2023-2024",69,"Jackson P. Burley Middle","Non-English Learners","Algebra I",95.83,24
"2023-2024",69,"Jackson P. Burley Middle","English Learners","Algebra I",NA,NA
"2023-2024",69,"Jackson P. Burley Middle","Non-English Learners","Geometry",100,44
"2023-2024",69,"Jackson P. Burley Middle","English Learners","Geometry",NA,NA
"2023-2024",69,"Jackson P. Burley Middle","Non-English Learners","Mathematics",41.03,78
"2023-2024",69,"Jackson P. Burley Middle","English Learners","Mathematics",37.5,24
"2023-2024",69,"Jackson P. Burley Middle","Asian","Algebra I",NA,NA
"2023-2024",69,"Jackson P. Burley Middle","Asian","Geometry",NA,NA
"2023-2024",69,"Jackson P. Burley Middle","Asian","Mathematics",NA,NA
"2023-2024",69,"Jackson P. Burley Middle","Black","Algebra I",NA,NA
"2023-2024",69,"Jackson P. Burley Middle","Black","Geometry",NA,NA
"2023-2024",69,"Jackson P. Burley Middle","Black","Mathematics",36,25
"2023-2024",69,"Jackson P. Burley Middle","Hispanic","Algebra I",NA,NA
"2023-2024",69,"Jackson P. Burley Middle","Hispanic","Geometry",100,11
"2023-2024",69,"Jackson P. Burley Middle","Hispanic","Mathematics",42.5,40
"2023-2024",69,"Jackson P. Burley Middle","Multiple Races","Algebra I",NA,NA
"2023-2024",69,"Jackson P. Burley Middle","Multiple Races","Geometry",NA,NA
"2023-2024",69,"Jackson P. Burley Middle","Multiple Races","Mathematics",NA,NA
"2023-2024",69,"Jackson P. Burley Middle","White","Algebra I",100,16
"2023-2024",69,"Jackson P. Burley Middle","White","Geometry",100,30
"2023-2024",69,"Jackson P. Burley Middle","White","Mathematics",41.38,29
"2023-2024",942,"Joseph T. Henley Middle","All Students","Algebra I",94.17,103
"2023-2024",942,"Joseph T. Henley Middle","All Students","Geometry",100,85
"2023-2024",942,"Joseph T. Henley Middle","All Students","Mathematics",53.66,82
"2023-2024",942,"Joseph T. Henley Middle","Economically Advantaged","Algebra I",93.62,94
"2023-2024",942,"Joseph T. Henley Middle","Economically Disadvantaged","Algebra I",NA,NA
"2023-2024",942,"Joseph T. Henley Middle","Economically Advantaged","Geometry",100,84
"2023-2024",942,"Joseph T. Henley Middle","Economically Disadvantaged","Geometry",NA,NA
"2023-2024",942,"Joseph T. Henley Middle","Economically Advantaged","Mathematics",66,50
"2023-2024",942,"Joseph T. Henley Middle","Economically Disadvantaged","Mathematics",34.38,32
"2023-2024",942,"Joseph T. Henley Middle","Non-English Learners","Algebra I",93.94,99
"2023-2024",942,"Joseph T. Henley Middle","English Learners","Algebra I",NA,NA
"2023-2024",942,"Joseph T. Henley Middle","Non-English Learners","Geometry",100,85
"2023-2024",942,"Joseph T. Henley Middle","Non-English Learners","Mathematics",55.26,76
"2023-2024",942,"Joseph T. Henley Middle","English Learners","Mathematics",NA,NA
"2023-2024",942,"Joseph T. Henley Middle","Asian","Algebra I",NA,NA
"2023-2024",942,"Joseph T. Henley Middle","Asian","Geometry",NA,NA
"2023-2024",942,"Joseph T. Henley Middle","Black","Algebra I",NA,NA
"2023-2024",942,"Joseph T. Henley Middle","Black","Mathematics",NA,NA
"2023-2024",942,"Joseph T. Henley Middle","Hispanic","Algebra I",NA,NA
"2023-2024",942,"Joseph T. Henley Middle","Hispanic","Geometry",NA,NA
"2023-2024",942,"Joseph T. Henley Middle","Hispanic","Mathematics",NA,13
"2023-2024",942,"Joseph T. Henley Middle","Multiple Races","Algebra I",NA,NA
"2023-2024",942,"Joseph T. Henley Middle","Multiple Races","Geometry",NA,NA
"2023-2024",942,"Joseph T. Henley Middle","Multiple Races","Mathematics",NA,NA
"2023-2024",942,"Joseph T. Henley Middle","White","Algebra I",93.1,87
"2023-2024",942,"Joseph T. Henley Middle","White","Geometry",100,74
"2023-2024",942,"Joseph T. Henley Middle","White","Mathematics",59.02,61
"2023-2024",950,"Journey Middle (Formerly: Jack Jouett Middle)","All Students","Algebra I",77.27,44
"2023-2024",950,"Journey Middle (Formerly: Jack Jouett Middle)","All Students","Geometry",84,50
"2023-2024",950,"Journey Middle (Formerly: Jack Jouett Middle)","All Students","Mathematics",22.22,99
"2023-2024",950,"Journey Middle (Formerly: Jack Jouett Middle)","Economically Advantaged","Algebra I",92.31,26
"2023-2024",950,"Journey Middle (Formerly: Jack Jouett Middle)","Economically Disadvantaged","Algebra I",55.56,18
"2023-2024",950,"Journey Middle (Formerly: Jack Jouett Middle)","Economically Advantaged","Geometry",91.89,37
"2023-2024",950,"Journey Middle (Formerly: Jack Jouett Middle)","Economically Disadvantaged","Geometry",61.54,13
"2023-2024",950,"Journey Middle (Formerly: Jack Jouett Middle)","Economically Advantaged","Mathematics",29.03,31
"2023-2024",950,"Journey Middle (Formerly: Jack Jouett Middle)","Economically Disadvantaged","Mathematics",19.12,68
"2023-2024",950,"Journey Middle (Formerly: Jack Jouett Middle)","Non-English Learners","Algebra I",82.76,29
"2023-2024",950,"Journey Middle (Formerly: Jack Jouett Middle)","English Learners","Algebra I",66.67,15
"2023-2024",950,"Journey Middle (Formerly: Jack Jouett Middle)","Non-English Learners","Geometry",85.42,48
"2023-2024",950,"Journey Middle (Formerly: Jack Jouett Middle)","English Learners","Geometry",NA,NA
"2023-2024",950,"Journey Middle (Formerly: Jack Jouett Middle)","Non-English Learners","Mathematics",26.32,57
"2023-2024",950,"Journey Middle (Formerly: Jack Jouett Middle)","English Learners","Mathematics",16.67,42
"2023-2024",950,"Journey Middle (Formerly: Jack Jouett Middle)","Asian","Algebra I",NA,NA
"2023-2024",950,"Journey Middle (Formerly: Jack Jouett Middle)","Asian","Geometry",NA,NA
"2023-2024",950,"Journey Middle (Formerly: Jack Jouett Middle)","Asian","Mathematics",NA,NA
"2023-2024",950,"Journey Middle (Formerly: Jack Jouett Middle)","Black","Algebra I",NA,NA
"2023-2024",950,"Journey Middle (Formerly: Jack Jouett Middle)","Black","Geometry",NA,NA
"2023-2024",950,"Journey Middle (Formerly: Jack Jouett Middle)","Black","Mathematics",20.69,29
"2023-2024",950,"Journey Middle (Formerly: Jack Jouett Middle)","Hispanic","Algebra I",72.73,11
"2023-2024",950,"Journey Middle (Formerly: Jack Jouett Middle)","Hispanic","Geometry",NA,NA
"2023-2024",950,"Journey Middle (Formerly: Jack Jouett Middle)","Hispanic","Mathematics",12.82,39
"2023-2024",950,"Journey Middle (Formerly: Jack Jouett Middle)","Multiple Races","Algebra I",NA,NA
"2023-2024",950,"Journey Middle (Formerly: Jack Jouett Middle)","Multiple Races","Geometry",NA,NA
"2023-2024",950,"Journey Middle (Formerly: Jack Jouett Middle)","Multiple Races","Mathematics",NA,NA
"2023-2024",950,"Journey Middle (Formerly: Jack Jouett Middle)","White","Algebra I",82.35,17
"2023-2024",950,"Journey Middle (Formerly: Jack Jouett Middle)","White","Geometry",91.89,37
"2023-2024",950,"Journey Middle (Formerly: Jack Jouett Middle)","White","Mathematics",NA,18
"2023-2024",1051,"Lakeside Middle (Formerly: Mortimer Y. Sutherland Middle)","All Students","Algebra I",97.14,35
"2023-2024",1051,"Lakeside Middle (Formerly: Mortimer Y. Sutherland Middle)","All Students","Geometry",96.25,80
"2023-2024",1051,"Lakeside Middle (Formerly: Mortimer Y. Sutherland Middle)","All Students","Mathematics",48.89,45
"2023-2024",1051,"Lakeside Middle (Formerly: Mortimer Y. Sutherland Middle)","Economically Advantaged","Algebra I",96.3,27
"2023-2024",1051,"Lakeside Middle (Formerly: Mortimer Y. Sutherland Middle)","Economically Disadvantaged","Algebra I",NA,NA
"2023-2024",1051,"Lakeside Middle (Formerly: Mortimer Y. Sutherland Middle)","Economically Advantaged","Geometry",98.63,73
"2023-2024",1051,"Lakeside Middle (Formerly: Mortimer Y. Sutherland Middle)","Economically Disadvantaged","Geometry",NA,NA
"2023-2024",1051,"Lakeside Middle (Formerly: Mortimer Y. Sutherland Middle)","Economically Advantaged","Mathematics",45.83,24
"2023-2024",1051,"Lakeside Middle (Formerly: Mortimer Y. Sutherland Middle)","Economically Disadvantaged","Mathematics",52.38,21
"2023-2024",1051,"Lakeside Middle (Formerly: Mortimer Y. Sutherland Middle)","Non-English Learners","Algebra I",96.97,33
"2023-2024",1051,"Lakeside Middle (Formerly: Mortimer Y. Sutherland Middle)","English Learners","Algebra I",NA,NA
"2023-2024",1051,"Lakeside Middle (Formerly: Mortimer Y. Sutherland Middle)","Non-English Learners","Geometry",96.15,78
"2023-2024",1051,"Lakeside Middle (Formerly: Mortimer Y. Sutherland Middle)","English Learners","Geometry",NA,NA
"2023-2024",1051,"Lakeside Middle (Formerly: Mortimer Y. Sutherland Middle)","Non-English Learners","Mathematics",48.39,31
"2023-2024",1051,"Lakeside Middle (Formerly: Mortimer Y. Sutherland Middle)","English Learners","Mathematics",50,14
"2023-2024",1051,"Lakeside Middle (Formerly: Mortimer Y. Sutherland Middle)","Asian","Algebra I",NA,NA
"2023-2024",1051,"Lakeside Middle (Formerly: Mortimer Y. Sutherland Middle)","Asian","Geometry",100,10
"2023-2024",1051,"Lakeside Middle (Formerly: Mortimer Y. Sutherland Middle)","Asian","Mathematics",NA,NA
"2023-2024",1051,"Lakeside Middle (Formerly: Mortimer Y. Sutherland Middle)","Black","Algebra I",NA,NA
"2023-2024",1051,"Lakeside Middle (Formerly: Mortimer Y. Sutherland Middle)","Black","Geometry",NA,NA
"2023-2024",1051,"Lakeside Middle (Formerly: Mortimer Y. Sutherland Middle)","Black","Mathematics",NA,NA
"2023-2024",1051,"Lakeside Middle (Formerly: Mortimer Y. Sutherland Middle)","Hispanic","Algebra I",NA,NA
"2023-2024",1051,"Lakeside Middle (Formerly: Mortimer Y. Sutherland Middle)","Hispanic","Geometry",NA,NA
"2023-2024",1051,"Lakeside Middle (Formerly: Mortimer Y. Sutherland Middle)","Hispanic","Mathematics",NA,13
"2023-2024",1051,"Lakeside Middle (Formerly: Mortimer Y. Sutherland Middle)","Multiple Races","Algebra I",NA,NA
"2023-2024",1051,"Lakeside Middle (Formerly: Mortimer Y. Sutherland Middle)","Multiple Races","Geometry",NA,NA
"2023-2024",1051,"Lakeside Middle (Formerly: Mortimer Y. Sutherland Middle)","Multiple Races","Mathematics",NA,NA
"2023-2024",1051,"Lakeside Middle (Formerly: Mortimer Y. Sutherland Middle)","White","Algebra I",96.3,27
"2023-2024",1051,"Lakeside Middle (Formerly: Mortimer Y. Sutherland Middle)","White","Geometry",98.15,54
"2023-2024",1051,"Lakeside Middle (Formerly: Mortimer Y. Sutherland Middle)","White","Mathematics",62.5,16
"2023-2024",20,"Leslie H. Walton Middle","All Students","Algebra I",84,25
"2023-2024",20,"Leslie H. Walton Middle","All Students","Geometry",94.74,19
"2023-2024",20,"Leslie H. Walton Middle","All Students","Mathematics",54.24,59
"2023-2024",20,"Leslie H. Walton Middle","Economically Advantaged","Algebra I",94.12,17
"2023-2024",20,"Leslie H. Walton Middle","Economically Disadvantaged","Algebra I",NA,NA
"2023-2024",20,"Leslie H. Walton Middle","Economically Advantaged","Geometry",100,17
"2023-2024",20,"Leslie H. Walton Middle","Economically Disadvantaged","Geometry",NA,NA
"2023-2024",20,"Leslie H. Walton Middle","Economically Advantaged","Mathematics",62.5,24
"2023-2024",20,"Leslie H. Walton Middle","Economically Disadvantaged","Mathematics",48.57,35
"2023-2024",20,"Leslie H. Walton Middle","Non-English Learners","Algebra I",87.5,24
"2023-2024",20,"Leslie H. Walton Middle","English Learners","Algebra I",NA,NA
"2023-2024",20,"Leslie H. Walton Middle","Non-English Learners","Geometry",94.74,19
"2023-2024",20,"Leslie H. Walton Middle","Non-English Learners","Mathematics",54.39,57
"2023-2024",20,"Leslie H. Walton Middle","English Learners","Mathematics",NA,NA
"2023-2024",20,"Leslie H. Walton Middle","Asian","Geometry",NA,NA
"2023-2024",20,"Leslie H. Walton Middle","Asian","Mathematics",NA,NA
"2023-2024",20,"Leslie H. Walton Middle","Black","Algebra I",NA,NA
"2023-2024",20,"Leslie H. Walton Middle","Black","Geometry",NA,NA
"2023-2024",20,"Leslie H. Walton Middle","Black","Mathematics",NA,NA
"2023-2024",20,"Leslie H. Walton Middle","Hispanic","Algebra I",NA,NA
"2023-2024",20,"Leslie H. Walton Middle","Hispanic","Geometry",NA,NA
"2023-2024",20,"Leslie H. Walton Middle","Hispanic","Mathematics",NA,NA
"2023-2024",20,"Leslie H. Walton Middle","Multiple Races","Algebra I",NA,NA
"2023-2024",20,"Leslie H. Walton Middle","Multiple Races","Geometry",NA,NA
"2023-2024",20,"Leslie H. Walton Middle","Multiple Races","Mathematics",NA,NA
"2023-2024",20,"Leslie H. Walton Middle","White","Algebra I",93.75,16
"2023-2024",20,"Leslie H. Walton Middle","White","Geometry",100,15
"2023-2024",20,"Leslie H. Walton Middle","White","Mathematics",58.7,46
"2023-2024",NA,"Virginia","All Students","Algebra I",92.07,32175
"2023-2024",NA,"Virginia","All Students","Geometry",96.66,9844
"2023-2024",NA,"Virginia","All Students","Mathematics",50.09,49421
"2023-2024",NA,"Virginia","Economically Advantaged","Algebra I",95.09,21933
"2023-2024",NA,"Virginia","Economically Advantaged","Geometry",97.76,8304
"2023-2024",NA,"Virginia","Economically Advantaged","Mathematics",59.23,22281
"2023-2024",NA,"Virginia","Economically Disadvantaged","Algebra I",85.6,10242
"2023-2024",NA,"Virginia","Economically Disadvantaged","Geometry",90.71,1540
"2023-2024",NA,"Virginia","Economically Disadvantaged","Mathematics",42.59,27140
"2023-2024",NA,"Virginia","Non-English Learners","Algebra I",93.47,28561
"2023-2024",NA,"Virginia","Non-English Learners","Geometry",96.9,9549
"2023-2024",NA,"Virginia","Non-English Learners","Mathematics",54.39,39464
"2023-2024",NA,"Virginia","English Learners","Algebra I",67.15,1577
"2023-2024",NA,"Virginia","English Learners","Geometry",82.67,75
"2023-2024",NA,"Virginia","English Learners","Mathematics",22.56,6870
"2023-2024",NA,"Virginia","American Indian","Algebra I",94.12,85
"2023-2024",NA,"Virginia","American Indian","Geometry",90.91,22
"2023-2024",NA,"Virginia","American Indian","Mathematics",44.74,114
"2023-2024",NA,"Virginia","Asian","Algebra I",97.19,3062
"2023-2024",NA,"Virginia","Asian","Geometry",98.48,2374
"2023-2024",NA,"Virginia","Asian","Mathematics",60.6,1962
"2023-2024",NA,"Virginia","Black","Algebra I",84.12,6095
"2023-2024",NA,"Virginia","Black","Geometry",87.43,1026
"2023-2024",NA,"Virginia","Black","Mathematics",39.64,12804
"2023-2024",NA,"Virginia","Hispanic","Algebra I",85.39,5112
"2023-2024",NA,"Virginia","Hispanic","Geometry",93.65,834
"2023-2024",NA,"Virginia","Hispanic","Mathematics",39.15,11604
"2023-2024",NA,"Virginia","White","Algebra I",95.86,15641
"2023-2024",NA,"Virginia","White","Geometry",98.26,4830
"2023-2024",NA,"Virginia","White","Mathematics",61.78,19684
"2023-2024",NA,"Virginia","Native Hawaiian  or Pacific Islander","Algebra I",95.08,61
"2023-2024",NA,"Virginia","Native Hawaiian  or Pacific Islander","Geometry",100,13
"2023-2024",NA,"Virginia","Native Hawaiian  or Pacific Islander","Mathematics",55.81,86
"2023-2024",NA,"Virginia","Multiple Races","Algebra I",95.47,2119
"2023-2024",NA,"Virginia","Multiple Races","Geometry",96.64,745
"2023-2024",NA,"Virginia","Multiple Races","Mathematics",53.3,3167
"2024-2025",NA,"Albemarle County","All Students","Algebra I",88.81,286
"2024-2025",NA,"Albemarle County","All Students","Geometry",96.63,267
"2024-2025",NA,"Albemarle County","All Students","Mathematics",46.57,423
"2024-2025",NA,"Albemarle County","Economically Advantaged","Algebra I",91.85,233
"2024-2025",NA,"Albemarle County","Economically Advantaged","Geometry",96.72,244
"2024-2025",NA,"Albemarle County","Economically Advantaged","Mathematics",52.53,198
"2024-2025",NA,"Albemarle County","Economically Disadvantaged","Algebra I",75.47,53
"2024-2025",NA,"Albemarle County","Economically Disadvantaged","Geometry",95.65,23
"2024-2025",NA,"Albemarle County","Economically Disadvantaged","Mathematics",41.33,225
"2024-2025",NA,"Albemarle County","Non-English Learners","Algebra I",88.85,269
"2024-2025",NA,"Albemarle County","Non-English Learners","Geometry",96.54,260
"2024-2025",NA,"Albemarle County","Non-English Learners","Mathematics",55.06,316
"2024-2025",NA,"Albemarle County","English Learners","Algebra I",88.24,17
"2024-2025",NA,"Albemarle County","English Learners","Geometry",NA,NA
"2024-2025",NA,"Albemarle County","English Learners","Mathematics",21.5,107
"2024-2025",NA,"Albemarle County","American Indian","Algebra I",NA,NA
"2024-2025",NA,"Albemarle County","Asian","Algebra I",100,17
"2024-2025",NA,"Albemarle County","Asian","Geometry",100,26
"2024-2025",NA,"Albemarle County","Asian","Mathematics",50,14
"2024-2025",NA,"Albemarle County","Black","Algebra I",76.19,21
"2024-2025",NA,"Albemarle County","Black","Geometry",80,10
"2024-2025",NA,"Albemarle County","Black","Mathematics",40,80
"2024-2025",NA,"Albemarle County","Hispanic","Algebra I",75.76,33
"2024-2025",NA,"Albemarle County","Hispanic","Geometry",90.48,21
"2024-2025",NA,"Albemarle County","Hispanic","Mathematics",37.06,143
"2024-2025",NA,"Albemarle County","White","Algebra I",91.96,199
"2024-2025",NA,"Albemarle County","White","Geometry",97.21,179
"2024-2025",NA,"Albemarle County","White","Mathematics",57.86,159
"2024-2025",NA,"Albemarle County","Multiple Races","Algebra I",80,15
"2024-2025",NA,"Albemarle County","Multiple Races","Geometry",100,31
"2024-2025",NA,"Albemarle County","Multiple Races","Mathematics",48.15,27
"2024-2025",890,"Community Lab School (Formerly: Murray School, Murray High)","All Students","Algebra I",92.86,14
"2024-2025",890,"Community Lab School (Formerly: Murray School, Murray High)","All Students","Geometry",100,11
"2024-2025",890,"Community Lab School (Formerly: Murray School, Murray High)","Economically Advantaged","Algebra I",92.31,13
"2024-2025",890,"Community Lab School (Formerly: Murray School, Murray High)","Economically Disadvantaged","Algebra I",NA,NA
"2024-2025",890,"Community Lab School (Formerly: Murray School, Murray High)","Economically Advantaged","Geometry",100,11
"2024-2025",890,"Community Lab School (Formerly: Murray School, Murray High)","Non-English Learners","Algebra I",92.86,14
"2024-2025",890,"Community Lab School (Formerly: Murray School, Murray High)","Non-English Learners","Geometry",100,11
"2024-2025",890,"Community Lab School (Formerly: Murray School, Murray High)","Black","Algebra I",NA,NA
"2024-2025",890,"Community Lab School (Formerly: Murray School, Murray High)","Hispanic","Algebra I",NA,NA
"2024-2025",890,"Community Lab School (Formerly: Murray School, Murray High)","Multiple Races","Algebra I",NA,NA
"2024-2025",890,"Community Lab School (Formerly: Murray School, Murray High)","White","Algebra I",90,10
"2024-2025",890,"Community Lab School (Formerly: Murray School, Murray High)","White","Geometry",100,11
"2024-2025",69,"Jackson P. Burley Middle","All Students","Algebra I",76.47,34
"2024-2025",69,"Jackson P. Burley Middle","All Students","Geometry",92.31,52
"2024-2025",69,"Jackson P. Burley Middle","All Students","Mathematics",43.56,101
"2024-2025",69,"Jackson P. Burley Middle","Economically Advantaged","Algebra I",84.62,26
"2024-2025",69,"Jackson P. Burley Middle","Economically Disadvantaged","Algebra I",NA,NA
"2024-2025",69,"Jackson P. Burley Middle","Economically Advantaged","Geometry",93.48,46
"2024-2025",69,"Jackson P. Burley Middle","Economically Disadvantaged","Geometry",NA,NA
"2024-2025",69,"Jackson P. Burley Middle","Economically Advantaged","Mathematics",56.82,44
"2024-2025",69,"Jackson P. Burley Middle","Economically Disadvantaged","Mathematics",33.33,57
"2024-2025",69,"Jackson P. Burley Middle","Non-English Learners","Algebra I",75,32
"2024-2025",69,"Jackson P. Burley Middle","English Learners","Algebra I",NA,NA
"2024-2025",69,"Jackson P. Burley Middle","Non-English Learners","Geometry",92.16,51
"2024-2025",69,"Jackson P. Burley Middle","English Learners","Geometry",NA,NA
"2024-2025",69,"Jackson P. Burley Middle","Non-English Learners","Mathematics",51.35,74
"2024-2025",69,"Jackson P. Burley Middle","English Learners","Mathematics",22.22,27
"2024-2025",69,"Jackson P. Burley Middle","Asian","Algebra I",NA,NA
"2024-2025",69,"Jackson P. Burley Middle","Asian","Geometry",NA,NA
"2024-2025",69,"Jackson P. Burley Middle","Asian","Mathematics",NA,NA
"2024-2025",69,"Jackson P. Burley Middle","Black","Algebra I",NA,NA
"2024-2025",69,"Jackson P. Burley Middle","Black","Geometry",NA,NA
"2024-2025",69,"Jackson P. Burley Middle","Black","Mathematics",29.63,27
"2024-2025",69,"Jackson P. Burley Middle","Hispanic","Algebra I",NA,NA
"2024-2025",69,"Jackson P. Burley Middle","Hispanic","Geometry",NA,NA
"2024-2025",69,"Jackson P. Burley Middle","Hispanic","Mathematics",37.14,35
"2024-2025",69,"Jackson P. Burley Middle","Multiple Races","Algebra I",NA,NA
"2024-2025",69,"Jackson P. Burley Middle","Multiple Races","Geometry",NA,NA
"2024-2025",69,"Jackson P. Burley Middle","Multiple Races","Mathematics",50,10
"2024-2025",69,"Jackson P. Burley Middle","White","Algebra I",78.95,19
"2024-2025",69,"Jackson P. Burley Middle","White","Geometry",93.94,33
"2024-2025",69,"Jackson P. Burley Middle","White","Mathematics",63.64,22
"2024-2025",942,"Joseph T. Henley Middle","All Students","Algebra I",94.83,116
"2024-2025",942,"Joseph T. Henley Middle","All Students","Geometry",100,69
"2024-2025",942,"Joseph T. Henley Middle","All Students","Mathematics",53.57,84
"2024-2025",942,"Joseph T. Henley Middle","Economically Advantaged","Algebra I",95.5,111
"2024-2025",942,"Joseph T. Henley Middle","Economically Disadvantaged","Algebra I",NA,NA
"2024-2025",942,"Joseph T. Henley Middle","Economically Advantaged","Geometry",100,68
"2024-2025",942,"Joseph T. Henley Middle","Economically Disadvantaged","Geometry",NA,NA
"2024-2025",942,"Joseph T. Henley Middle","Economically Advantaged","Mathematics",58.49,53
"2024-2025",942,"Joseph T. Henley Middle","Economically Disadvantaged","Mathematics",45.16,31
"2024-2025",942,"Joseph T. Henley Middle","Non-English Learners","Algebra I",95.58,113
"2024-2025",942,"Joseph T. Henley Middle","English Learners","Algebra I",NA,NA
"2024-2025",942,"Joseph T. Henley Middle","Non-English Learners","Geometry",100,69
"2024-2025",942,"Joseph T. Henley Middle","Non-English Learners","Mathematics",54.43,79
"2024-2025",942,"Joseph T. Henley Middle","English Learners","Mathematics",NA,NA
"2024-2025",942,"Joseph T. Henley Middle","Asian","Algebra I",NA,NA
"2024-2025",942,"Joseph T. Henley Middle","Asian","Geometry",NA,NA
"2024-2025",942,"Joseph T. Henley Middle","Black","Algebra I",NA,NA
"2024-2025",942,"Joseph T. Henley Middle","Black","Geometry",NA,NA
"2024-2025",942,"Joseph T. Henley Middle","Black","Mathematics",NA,NA
"2024-2025",942,"Joseph T. Henley Middle","Hispanic","Algebra I",NA,NA
"2024-2025",942,"Joseph T. Henley Middle","Hispanic","Geometry",NA,NA
"2024-2025",942,"Joseph T. Henley Middle","Hispanic","Mathematics",NA,15
"2024-2025",942,"Joseph T. Henley Middle","Multiple Races","Algebra I",NA,NA
"2024-2025",942,"Joseph T. Henley Middle","Multiple Races","Geometry",100,13
"2024-2025",942,"Joseph T. Henley Middle","Multiple Races","Mathematics",NA,NA
"2024-2025",942,"Joseph T. Henley Middle","White","Algebra I",95.15,103
"2024-2025",942,"Joseph T. Henley Middle","White","Geometry",100,45
"2024-2025",942,"Joseph T. Henley Middle","White","Mathematics",57.81,64
"2024-2025",950,"Journey Middle (Formerly: Jack Jouett Middle)","All Students","Algebra I",87.5,40
"2024-2025",950,"Journey Middle (Formerly: Jack Jouett Middle)","All Students","Geometry",97.44,39
"2024-2025",950,"Journey Middle (Formerly: Jack Jouett Middle)","All Students","Mathematics",31.4,121
"2024-2025",950,"Journey Middle (Formerly: Jack Jouett Middle)","Economically Advantaged","Algebra I",92,25
"2024-2025",950,"Journey Middle (Formerly: Jack Jouett Middle)","Economically Disadvantaged","Algebra I",80,15
"2024-2025",950,"Journey Middle (Formerly: Jack Jouett Middle)","Economically Advantaged","Geometry",96.55,29
"2024-2025",950,"Journey Middle (Formerly: Jack Jouett Middle)","Economically Disadvantaged","Geometry",100,10
"2024-2025",950,"Journey Middle (Formerly: Jack Jouett Middle)","Economically Advantaged","Mathematics",32.61,46
"2024-2025",950,"Journey Middle (Formerly: Jack Jouett Middle)","Economically Disadvantaged","Mathematics",30.67,75
"2024-2025",950,"Journey Middle (Formerly: Jack Jouett Middle)","Non-English Learners","Algebra I",88.57,35
"2024-2025",950,"Journey Middle (Formerly: Jack Jouett Middle)","English Learners","Algebra I",NA,NA
"2024-2025",950,"Journey Middle (Formerly: Jack Jouett Middle)","Non-English Learners","Geometry",97.3,37
"2024-2025",950,"Journey Middle (Formerly: Jack Jouett Middle)","English Learners","Geometry",NA,NA
"2024-2025",950,"Journey Middle (Formerly: Jack Jouett Middle)","Non-English Learners","Mathematics",50.77,65
"2024-2025",950,"Journey Middle (Formerly: Jack Jouett Middle)","English Learners","Mathematics",8.93,56
"2024-2025",950,"Journey Middle (Formerly: Jack Jouett Middle)","Asian","Algebra I",NA,NA
"2024-2025",950,"Journey Middle (Formerly: Jack Jouett Middle)","Asian","Geometry",NA,NA
"2024-2025",950,"Journey Middle (Formerly: Jack Jouett Middle)","Asian","Mathematics",NA,NA
"2024-2025",950,"Journey Middle (Formerly: Jack Jouett Middle)","Black","Algebra I",NA,NA
"2024-2025",950,"Journey Middle (Formerly: Jack Jouett Middle)","Black","Geometry",NA,NA
"2024-2025",950,"Journey Middle (Formerly: Jack Jouett Middle)","Black","Mathematics",35.29,34
"2024-2025",950,"Journey Middle (Formerly: Jack Jouett Middle)","Hispanic","Algebra I",69.23,13
"2024-2025",950,"Journey Middle (Formerly: Jack Jouett Middle)","Hispanic","Geometry",NA,NA
"2024-2025",950,"Journey Middle (Formerly: Jack Jouett Middle)","Hispanic","Mathematics",26.23,61
"2024-2025",950,"Journey Middle (Formerly: Jack Jouett Middle)","Multiple Races","Algebra I",NA,NA
"2024-2025",950,"Journey Middle (Formerly: Jack Jouett Middle)","Multiple Races","Geometry",NA,NA
"2024-2025",950,"Journey Middle (Formerly: Jack Jouett Middle)","Multiple Races","Mathematics",NA,NA
"2024-2025",950,"Journey Middle (Formerly: Jack Jouett Middle)","White","Algebra I",100,18
"2024-2025",950,"Journey Middle (Formerly: Jack Jouett Middle)","White","Geometry",100,26
"2024-2025",950,"Journey Middle (Formerly: Jack Jouett Middle)","White","Mathematics",NA,17
"2024-2025",1051,"Lakeside Middle (Formerly: Mortimer Y. Sutherland Middle)","All Students","Algebra I",89.47,57
"2024-2025",1051,"Lakeside Middle (Formerly: Mortimer Y. Sutherland Middle)","All Students","Geometry",93.94,66
"2024-2025",1051,"Lakeside Middle (Formerly: Mortimer Y. Sutherland Middle)","All Students","Mathematics",60.78,51
"2024-2025",1051,"Lakeside Middle (Formerly: Mortimer Y. Sutherland Middle)","Economically Advantaged","Algebra I",92.11,38
"2024-2025",1051,"Lakeside Middle (Formerly: Mortimer Y. Sutherland Middle)","Economically Disadvantaged","Algebra I",84.21,19
"2024-2025",1051,"Lakeside Middle (Formerly: Mortimer Y. Sutherland Middle)","Economically Advantaged","Geometry",93.65,63
"2024-2025",1051,"Lakeside Middle (Formerly: Mortimer Y. Sutherland Middle)","Economically Disadvantaged","Geometry",NA,NA
"2024-2025",1051,"Lakeside Middle (Formerly: Mortimer Y. Sutherland Middle)","Economically Advantaged","Mathematics",61.9,21
"2024-2025",1051,"Lakeside Middle (Formerly: Mortimer Y. Sutherland Middle)","Economically Disadvantaged","Mathematics",60,30
"2024-2025",1051,"Lakeside Middle (Formerly: Mortimer Y. Sutherland Middle)","Non-English Learners","Algebra I",88.46,52
"2024-2025",1051,"Lakeside Middle (Formerly: Mortimer Y. Sutherland Middle)","English Learners","Algebra I",NA,NA
"2024-2025",1051,"Lakeside Middle (Formerly: Mortimer Y. Sutherland Middle)","Non-English Learners","Geometry",93.65,63
"2024-2025",1051,"Lakeside Middle (Formerly: Mortimer Y. Sutherland Middle)","English Learners","Geometry",NA,NA
"2024-2025",1051,"Lakeside Middle (Formerly: Mortimer Y. Sutherland Middle)","Non-English Learners","Mathematics",65.71,35
"2024-2025",1051,"Lakeside Middle (Formerly: Mortimer Y. Sutherland Middle)","English Learners","Mathematics",50,16
"2024-2025",1051,"Lakeside Middle (Formerly: Mortimer Y. Sutherland Middle)","American Indian","Algebra I",NA,NA
"2024-2025",1051,"Lakeside Middle (Formerly: Mortimer Y. Sutherland Middle)","Asian","Algebra I",NA,NA
"2024-2025",1051,"Lakeside Middle (Formerly: Mortimer Y. Sutherland Middle)","Asian","Geometry",100,13
"2024-2025",1051,"Lakeside Middle (Formerly: Mortimer Y. Sutherland Middle)","Asian","Mathematics",NA,NA
"2024-2025",1051,"Lakeside Middle (Formerly: Mortimer Y. Sutherland Middle)","Black","Algebra I",NA,NA
"2024-2025",1051,"Lakeside Middle (Formerly: Mortimer Y. Sutherland Middle)","Black","Geometry",NA,NA
"2024-2025",1051,"Lakeside Middle (Formerly: Mortimer Y. Sutherland Middle)","Black","Mathematics",61.54,13
"2024-2025",1051,"Lakeside Middle (Formerly: Mortimer Y. Sutherland Middle)","Hispanic","Algebra I",NA,NA
"2024-2025",1051,"Lakeside Middle (Formerly: Mortimer Y. Sutherland Middle)","Hispanic","Geometry",NA,NA
"2024-2025",1051,"Lakeside Middle (Formerly: Mortimer Y. Sutherland Middle)","Hispanic","Mathematics",52.94,17
"2024-2025",1051,"Lakeside Middle (Formerly: Mortimer Y. Sutherland Middle)","Multiple Races","Algebra I",NA,NA
"2024-2025",1051,"Lakeside Middle (Formerly: Mortimer Y. Sutherland Middle)","Multiple Races","Geometry",NA,NA
"2024-2025",1051,"Lakeside Middle (Formerly: Mortimer Y. Sutherland Middle)","Multiple Races","Mathematics",NA,NA
"2024-2025",1051,"Lakeside Middle (Formerly: Mortimer Y. Sutherland Middle)","White","Algebra I",90.91,33
"2024-2025",1051,"Lakeside Middle (Formerly: Mortimer Y. Sutherland Middle)","White","Geometry",93.02,43
"2024-2025",1051,"Lakeside Middle (Formerly: Mortimer Y. Sutherland Middle)","White","Mathematics",71.43,14
"2024-2025",20,"Leslie H. Walton Middle","All Students","Algebra I",79.17,24
"2024-2025",20,"Leslie H. Walton Middle","All Students","Geometry",100,30
"2024-2025",20,"Leslie H. Walton Middle","All Students","Mathematics",61.9,63
"2024-2025",20,"Leslie H. Walton Middle","Economically Advantaged","Algebra I",84.21,19
"2024-2025",20,"Leslie H. Walton Middle","Economically Disadvantaged","Algebra I",NA,NA
"2024-2025",20,"Leslie H. Walton Middle","Economically Advantaged","Geometry",100,27
"2024-2025",20,"Leslie H. Walton Middle","Economically Disadvantaged","Geometry",NA,NA
"2024-2025",20,"Leslie H. Walton Middle","Economically Advantaged","Mathematics",64.52,31
"2024-2025",20,"Leslie H. Walton Middle","Economically Disadvantaged","Mathematics",59.38,32
"2024-2025",20,"Leslie H. Walton Middle","Non-English Learners","Algebra I",77.27,22
"2024-2025",20,"Leslie H. Walton Middle","English Learners","Algebra I",NA,NA
"2024-2025",20,"Leslie H. Walton Middle","Non-English Learners","Geometry",100,29
"2024-2025",20,"Leslie H. Walton Middle","English Learners","Geometry",NA,NA
"2024-2025",20,"Leslie H. Walton Middle","Non-English Learners","Mathematics",61.67,60
"2024-2025",20,"Leslie H. Walton Middle","English Learners","Mathematics",NA,NA
"2024-2025",20,"Leslie H. Walton Middle","Asian","Algebra I",NA,NA
"2024-2025",20,"Leslie H. Walton Middle","Asian","Geometry",NA,NA
"2024-2025",20,"Leslie H. Walton Middle","Asian","Mathematics",NA,NA
"2024-2025",20,"Leslie H. Walton Middle","Black","Algebra I",NA,NA
"2024-2025",20,"Leslie H. Walton Middle","Black","Mathematics",NA,NA
"2024-2025",20,"Leslie H. Walton Middle","Hispanic","Algebra I",NA,NA
"2024-2025",20,"Leslie H. Walton Middle","Hispanic","Geometry",NA,NA
"2024-2025",20,"Leslie H. Walton Middle","Hispanic","Mathematics",64.29,14
"2024-2025",20,"Leslie H. Walton Middle","Multiple Races","Geometry",NA,NA
"2024-2025",20,"Leslie H. Walton Middle","Multiple Races","Mathematics",NA,NA
"2024-2025",20,"Leslie H. Walton Middle","White","Algebra I",81.25,16
"2024-2025",20,"Leslie H. Walton Middle","White","Geometry",100,21
"2024-2025",20,"Leslie H. Walton Middle","White","Mathematics",57.5,40
"2024-2025",NA,"Virginia","All Students","Algebra I",91.88,31960
"2024-2025",NA,"Virginia","All Students","Geometry",96.74,10580
"2024-2025",NA,"Virginia","All Students","Mathematics",50.47,48687
"2024-2025",NA,"Virginia","Economically Advantaged","Algebra I",95.25,22084
"2024-2025",NA,"Virginia","Economically Advantaged","Geometry",98.2,8893
"2024-2025",NA,"Virginia","Economically Advantaged","Mathematics",59.15,23305
"2024-2025",NA,"Virginia","Economically Disadvantaged","Algebra I",84.36,9876
"2024-2025",NA,"Virginia","Economically Disadvantaged","Geometry",89.03,1687
"2024-2025",NA,"Virginia","Economically Disadvantaged","Mathematics",42.49,25382
"2024-2025",NA,"Virginia","Non-English Learners","Algebra I",93.24,28487
"2024-2025",NA,"Virginia","Non-English Learners","Geometry",96.9,10264
"2024-2025",NA,"Virginia","Non-English Learners","Mathematics",55.12,38216
"2024-2025",NA,"Virginia","English Learners","Algebra I",65.02,1498
"2024-2025",NA,"Virginia","English Learners","Geometry",77.42,93
"2024-2025",NA,"Virginia","English Learners","Mathematics",24.95,7856
"2024-2025",NA,"Virginia","American Indian","Algebra I",91.57,83
"2024-2025",NA,"Virginia","American Indian","Geometry",100,36
"2024-2025",NA,"Virginia","American Indian","Mathematics",45.31,128
"2024-2025",NA,"Virginia","Asian","Algebra I",98.02,3129
"2024-2025",NA,"Virginia","Asian","Geometry",100,2361
"2024-2025",NA,"Virginia","Asian","Mathematics",59,2017
"2024-2025",NA,"Virginia","Black","Algebra I",83.2,5757
"2024-2025",NA,"Virginia","Black","Geometry",85.58,1179
"2024-2025",NA,"Virginia","Black","Mathematics",40.58,12248
"2024-2025",NA,"Virginia","Hispanic","Algebra I",84.84,5120
"2024-2025",NA,"Virginia","Hispanic","Geometry",93.76,913
"2024-2025",NA,"Virginia","Hispanic","Mathematics",39.52,12028
"2024-2025",NA,"Virginia","White","Algebra I",95.71,15624
"2024-2025",NA,"Virginia","White","Geometry",98.38,5243
"2024-2025",NA,"Virginia","White","Mathematics",62.25,19106
"2024-2025",NA,"Virginia","Native Hawaiian  or Pacific Islander","Algebra I",92.86,70
"2024-2025",NA,"Virginia","Native Hawaiian  or Pacific Islander","Geometry",94.74,19
"2024-2025",NA,"Virginia","Native Hawaiian  or Pacific Islander","Mathematics",56.96,79
"2024-2025",NA,"Virginia","Multiple Races","Algebra I",95.13,2177
"2024-2025",NA,"Virginia","Multiple Races","Geometry",97.23,829
"2024-2025",NA,"Virginia","Multiple Races","Mathematics",53.91,3081
